[2025-12-06 15:50:32] local.ERROR: Database file at path [/full/path/to/database.sqlite] does not exist. Ensure this is an absolute path to the database. (Connection: sqlite, SQL: select exists (select 1 from sqlite_master where name = 'migrations' and type = 'table') as "exists") {"exception":"[object] (Illuminate\\Database\\QueryException(code: 0): Database file at path [/full/path/to/database.sqlite] does not exist. Ensure this is an absolute path to the database. (Connection: sqlite, SQL: select exists (select 1 from sqlite_master where name = 'migrations' and type = 'table') as \"exists\") at D:\\url_sorter\\url-shortener\\vendor\\laravel\\framework\\src\\Illuminate\\Database\\Connection.php:825)
[stacktrace]
#0 D:\\url_sorter\\url-shortener\\vendor\\laravel\\framework\\src\\Illuminate\\Database\\Connection.php(779): Illuminate\\Database\\Connection->runQueryCallback()
#1 D:\\url_sorter\\url-shortener\\vendor\\laravel\\framework\\src\\Illuminate\\Database\\Connection.php(398): Illuminate\\Database\\Connection->run()
#2 D:\\url_sorter\\url-shortener\\vendor\\laravel\\framework\\src\\Illuminate\\Database\\Connection.php(344): Illuminate\\Database\\Connection->select()
#3 D:\\url_sorter\\url-shortener\\vendor\\laravel\\framework\\src\\Illuminate\\Database\\Connection.php(361): Illuminate\\Database\\Connection->selectOne()
#4 D:\\url_sorter\\url-shortener\\vendor\\laravel\\framework\\src\\Illuminate\\Database\\Schema\\SQLiteBuilder.php(44): Illuminate\\Database\\Connection->scalar()
#5 D:\\url_sorter\\url-shortener\\vendor\\laravel\\framework\\src\\Illuminate\\Database\\Migrations\\DatabaseMigrationRepository.php(184): Illuminate\\Database\\Schema\\SQLiteBuilder->hasTable()
#6 D:\\url_sorter\\url-shortener\\vendor\\laravel\\framework\\src\\Illuminate\\Database\\Migrations\\Migrator.php(742): Illuminate\\Database\\Migrations\\DatabaseMigrationRepository->repositoryExists()
#7 D:\\url_sorter\\url-shortener\\vendor\\laravel\\framework\\src\\Illuminate\\Database\\Console\\Migrations\\MigrateCommand.php(165): Illuminate\\Database\\Migrations\\Migrator->repositoryExists()
#8 D:\\url_sorter\\url-shortener\\vendor\\laravel\\framework\\src\\Illuminate\\Support\\helpers.php(338): Illuminate\\Database\\Console\\Migrations\\MigrateCommand->{closure:Illuminate\\Database\\Console\\Migrations\\MigrateCommand::repositoryExists():165}()
#9 D:\\url_sorter\\url-shortener\\vendor\\laravel\\framework\\src\\Illuminate\\Database\\Console\\Migrations\\MigrateCommand.php(165): retry()
#10 D:\\url_sorter\\url-shortener\\vendor\\laravel\\framework\\src\\Illuminate\\Database\\Console\\Migrations\\MigrateCommand.php(141): Illuminate\\Database\\Console\\Migrations\\MigrateCommand->repositoryExists()
#11 D:\\url_sorter\\url-shortener\\vendor\\laravel\\framework\\src\\Illuminate\\Database\\Console\\Migrations\\MigrateCommand.php(111): Illuminate\\Database\\Console\\Migrations\\MigrateCommand->prepareDatabase()
#12 D:\\url_sorter\\url-shortener\\vendor\\laravel\\framework\\src\\Illuminate\\Database\\Migrations\\Migrator.php(658): Illuminate\\Database\\Console\\Migrations\\MigrateCommand->{closure:Illuminate\\Database\\Console\\Migrations\\MigrateCommand::runMigrations():110}()
#13 D:\\url_sorter\\url-shortener\\vendor\\laravel\\framework\\src\\Illuminate\\Database\\Console\\Migrations\\MigrateCommand.php(110): Illuminate\\Database\\Migrations\\Migrator->usingConnection()
#14 D:\\url_sorter\\url-shortener\\vendor\\laravel\\framework\\src\\Illuminate\\Database\\Console\\Migrations\\MigrateCommand.php(89): Illuminate\\Database\\Console\\Migrations\\MigrateCommand->runMigrations()
#15 D:\\url_sorter\\url-shortener\\vendor\\laravel\\framework\\src\\Illuminate\\Container\\BoundMethod.php(36): Illuminate\\Database\\Console\\Migrations\\MigrateCommand->handle()
#16 D:\\url_sorter\\url-shortener\\vendor\\laravel\\framework\\src\\Illuminate\\Container\\Util.php(43): Illuminate\\Container\\BoundMethod::{closure:Illuminate\\Container\\BoundMethod::call():35}()
#17 D:\\url_sorter\\url-shortener\\vendor\\laravel\\framework\\src\\Illuminate\\Container\\BoundMethod.php(95): Illuminate\\Container\\Util::unwrapIfClosure()
#18 D:\\url_sorter\\url-shortener\\vendor\\laravel\\framework\\src\\Illuminate\\Container\\BoundMethod.php(35): Illuminate\\Container\\BoundMethod::callBoundMethod()
#19 D:\\url_sorter\\url-shortener\\vendor\\laravel\\framework\\src\\Illuminate\\Container\\Container.php(696): Illuminate\\Container\\BoundMethod::call()
#20 D:\\url_sorter\\url-shortener\\vendor\\laravel\\framework\\src\\Illuminate\\Console\\Command.php(213): Illuminate\\Container\\Container->call()
#21 D:\\url_sorter\\url-shortener\\vendor\\symfony\\console\\Command\\Command.php(335): Illuminate\\Console\\Command->execute()
#22 D:\\url_sorter\\url-shortener\\vendor\\laravel\\framework\\src\\Illuminate\\Console\\Command.php(182): Symfony\\Component\\Console\\Command\\Command->run()
#23 D:\\url_sorter\\url-shortener\\vendor\\symfony\\console\\Application.php(1103): Illuminate\\Console\\Command->run()
#24 D:\\url_sorter\\url-shortener\\vendor\\symfony\\console\\Application.php(356): Symfony\\Component\\Console\\Application->doRunCommand()
#25 D:\\url_sorter\\url-shortener\\vendor\\symfony\\console\\Application.php(195): Symfony\\Component\\Console\\Application->doRun()
#26 D:\\url_sorter\\url-shortener\\vendor\\laravel\\framework\\src\\Illuminate\\Foundation\\Console\\Kernel.php(198): Symfony\\Component\\Console\\Application->run()
#27 D:\\url_sorter\\url-shortener\\vendor\\laravel\\framework\\src\\Illuminate\\Foundation\\Application.php(1235): Illuminate\\Foundation\\Console\\Kernel->handle()
#28 D:\\url_sorter\\url-shortener\\artisan(16): Illuminate\\Foundation\\Application->handleCommand()
#29 {main}

[previous exception] [object] (Illuminate\\Database\\SQLiteDatabaseDoesNotExistException(code: 0): Database file at path [/full/path/to/database.sqlite] does not exist. Ensure this is an absolute path to the database. at D:\\url_sorter\\url-shortener\\vendor\\laravel\\framework\\src\\Illuminate\\Database\\Connectors\\SQLiteConnector.php:37)
[stacktrace]
#0 D:\\url_sorter\\url-shortener\\vendor\\laravel\\framework\\src\\Illuminate\\Database\\Connectors\\ConnectionFactory.php(224): Illuminate\\Database\\Connectors\\SQLiteConnector->connect()
#1 [internal function]: Illuminate\\Database\\Connectors\\ConnectionFactory->{closure:Illuminate\\Database\\Connectors\\ConnectionFactory::createPdoResolverWithoutHosts():224}()
#2 D:\\url_sorter\\url-shortener\\vendor\\laravel\\framework\\src\\Illuminate\\Database\\Connection.php(1231): call_user_func()
#3 D:\\url_sorter\\url-shortener\\vendor\\laravel\\framework\\src\\Illuminate\\Database\\Connection.php(1267): Illuminate\\Database\\Connection->getPdo()
#4 D:\\url_sorter\\url-shortener\\vendor\\laravel\\framework\\src\\Illuminate\\Database\\Connection.php(512): Illuminate\\Database\\Connection->getReadPdo()
#5 D:\\url_sorter\\url-shortener\\vendor\\laravel\\framework\\src\\Illuminate\\Database\\Connection.php(407): Illuminate\\Database\\Connection->getPdoForSelect()
#6 D:\\url_sorter\\url-shortener\\vendor\\laravel\\framework\\src\\Illuminate\\Database\\Connection.php(812): Illuminate\\Database\\Connection->{closure:Illuminate\\Database\\Connection::select():398}()
#7 D:\\url_sorter\\url-shortener\\vendor\\laravel\\framework\\src\\Illuminate\\Database\\Connection.php(779): Illuminate\\Database\\Connection->runQueryCallback()
#8 D:\\url_sorter\\url-shortener\\vendor\\laravel\\framework\\src\\Illuminate\\Database\\Connection.php(398): Illuminate\\Database\\Connection->run()
#9 D:\\url_sorter\\url-shortener\\vendor\\laravel\\framework\\src\\Illuminate\\Database\\Connection.php(344): Illuminate\\Database\\Connection->select()
#10 D:\\url_sorter\\url-shortener\\vendor\\laravel\\framework\\src\\Illuminate\\Database\\Connection.php(361): Illuminate\\Database\\Connection->selectOne()
#11 D:\\url_sorter\\url-shortener\\vendor\\laravel\\framework\\src\\Illuminate\\Database\\Schema\\SQLiteBuilder.php(44): Illuminate\\Database\\Connection->scalar()
#12 D:\\url_sorter\\url-shortener\\vendor\\laravel\\framework\\src\\Illuminate\\Database\\Migrations\\DatabaseMigrationRepository.php(184): Illuminate\\Database\\Schema\\SQLiteBuilder->hasTable()
#13 D:\\url_sorter\\url-shortener\\vendor\\laravel\\framework\\src\\Illuminate\\Database\\Migrations\\Migrator.php(742): Illuminate\\Database\\Migrations\\DatabaseMigrationRepository->repositoryExists()
#14 D:\\url_sorter\\url-shortener\\vendor\\laravel\\framework\\src\\Illuminate\\Database\\Console\\Migrations\\MigrateCommand.php(165): Illuminate\\Database\\Migrations\\Migrator->repositoryExists()
#15 D:\\url_sorter\\url-shortener\\vendor\\laravel\\framework\\src\\Illuminate\\Support\\helpers.php(338): Illuminate\\Database\\Console\\Migrations\\MigrateCommand->{closure:Illuminate\\Database\\Console\\Migrations\\MigrateCommand::repositoryExists():165}()
#16 D:\\url_sorter\\url-shortener\\vendor\\laravel\\framework\\src\\Illuminate\\Database\\Console\\Migrations\\MigrateCommand.php(165): retry()
#17 D:\\url_sorter\\url-shortener\\vendor\\laravel\\framework\\src\\Illuminate\\Database\\Console\\Migrations\\MigrateCommand.php(141): Illuminate\\Database\\Console\\Migrations\\MigrateCommand->repositoryExists()
#18 D:\\url_sorter\\url-shortener\\vendor\\laravel\\framework\\src\\Illuminate\\Database\\Console\\Migrations\\MigrateCommand.php(111): Illuminate\\Database\\Console\\Migrations\\MigrateCommand->prepareDatabase()
#19 D:\\url_sorter\\url-shortener\\vendor\\laravel\\framework\\src\\Illuminate\\Database\\Migrations\\Migrator.php(658): Illuminate\\Database\\Console\\Migrations\\MigrateCommand->{closure:Illuminate\\Database\\Console\\Migrations\\MigrateCommand::runMigrations():110}()
#20 D:\\url_sorter\\url-shortener\\vendor\\laravel\\framework\\src\\Illuminate\\Database\\Console\\Migrations\\MigrateCommand.php(110): Illuminate\\Database\\Migrations\\Migrator->usingConnection()
#21 D:\\url_sorter\\url-shortener\\vendor\\laravel\\framework\\src\\Illuminate\\Database\\Console\\Migrations\\MigrateCommand.php(89): Illuminate\\Database\\Console\\Migrations\\MigrateCommand->runMigrations()
#22 D:\\url_sorter\\url-shortener\\vendor\\laravel\\framework\\src\\Illuminate\\Container\\BoundMethod.php(36): Illuminate\\Database\\Console\\Migrations\\MigrateCommand->handle()
#23 D:\\url_sorter\\url-shortener\\vendor\\laravel\\framework\\src\\Illuminate\\Container\\Util.php(43): Illuminate\\Container\\BoundMethod::{closure:Illuminate\\Container\\BoundMethod::call():35}()
#24 D:\\url_sorter\\url-shortener\\vendor\\laravel\\framework\\src\\Illuminate\\Container\\BoundMethod.php(95): Illuminate\\Container\\Util::unwrapIfClosure()
#25 D:\\url_sorter\\url-shortener\\vendor\\laravel\\framework\\src\\Illuminate\\Container\\BoundMethod.php(35): Illuminate\\Container\\BoundMethod::callBoundMethod()
#26 D:\\url_sorter\\url-shortener\\vendor\\laravel\\framework\\src\\Illuminate\\Container\\Container.php(696): Illuminate\\Container\\BoundMethod::call()
#27 D:\\url_sorter\\url-shortener\\vendor\\laravel\\framework\\src\\Illuminate\\Console\\Command.php(213): Illuminate\\Container\\Container->call()
#28 D:\\url_sorter\\url-shortener\\vendor\\symfony\\console\\Command\\Command.php(335): Illuminate\\Console\\Command->execute()
#29 D:\\url_sorter\\url-shortener\\vendor\\laravel\\framework\\src\\Illuminate\\Console\\Command.php(182): Symfony\\Component\\Console\\Command\\Command->run()
#30 D:\\url_sorter\\url-shortener\\vendor\\symfony\\console\\Application.php(1103): Illuminate\\Console\\Command->run()
#31 D:\\url_sorter\\url-shortener\\vendor\\symfony\\console\\Application.php(356): Symfony\\Component\\Console\\Application->doRunCommand()
#32 D:\\url_sorter\\url-shortener\\vendor\\symfony\\console\\Application.php(195): Symfony\\Component\\Console\\Application->doRun()
#33 D:\\url_sorter\\url-shortener\\vendor\\laravel\\framework\\src\\Illuminate\\Foundation\\Console\\Kernel.php(198): Symfony\\Component\\Console\\Application->run()
#34 D:\\url_sorter\\url-shortener\\vendor\\laravel\\framework\\src\\Illuminate\\Foundation\\Application.php(1235): Illuminate\\Foundation\\Console\\Kernel->handle()
#35 D:\\url_sorter\\url-shortener\\artisan(16): Illuminate\\Foundation\\Application->handleCommand()
#36 {main}
"} 
[2025-12-06 15:51:15] local.ERROR: Database file at path [/full/path/to/database.sqlite] does not exist. Ensure this is an absolute path to the database. (Connection: sqlite, SQL: select exists (select 1 from sqlite_master where name = 'migrations' and type = 'table') as "exists") {"exception":"[object] (Illuminate\\Database\\QueryException(code: 0): Database file at path [/full/path/to/database.sqlite] does not exist. Ensure this is an absolute path to the database. (Connection: sqlite, SQL: select exists (select 1 from sqlite_master where name = 'migrations' and type = 'table') as \"exists\") at D:\\url_sorter\\url-shortener\\vendor\\laravel\\framework\\src\\Illuminate\\Database\\Connection.php:825)
[stacktrace]
#0 D:\\url_sorter\\url-shortener\\vendor\\laravel\\framework\\src\\Illuminate\\Database\\Connection.php(779): Illuminate\\Database\\Connection->runQueryCallback()
#1 D:\\url_sorter\\url-shortener\\vendor\\laravel\\framework\\src\\Illuminate\\Database\\Connection.php(398): Illuminate\\Database\\Connection->run()
#2 D:\\url_sorter\\url-shortener\\vendor\\laravel\\framework\\src\\Illuminate\\Database\\Connection.php(344): Illuminate\\Database\\Connection->select()
#3 D:\\url_sorter\\url-shortener\\vendor\\laravel\\framework\\src\\Illuminate\\Database\\Connection.php(361): Illuminate\\Database\\Connection->selectOne()
#4 D:\\url_sorter\\url-shortener\\vendor\\laravel\\framework\\src\\Illuminate\\Database\\Schema\\SQLiteBuilder.php(44): Illuminate\\Database\\Connection->scalar()
#5 D:\\url_sorter\\url-shortener\\vendor\\laravel\\framework\\src\\Illuminate\\Database\\Migrations\\DatabaseMigrationRepository.php(184): Illuminate\\Database\\Schema\\SQLiteBuilder->hasTable()
#6 D:\\url_sorter\\url-shortener\\vendor\\laravel\\framework\\src\\Illuminate\\Database\\Migrations\\Migrator.php(742): Illuminate\\Database\\Migrations\\DatabaseMigrationRepository->repositoryExists()
#7 D:\\url_sorter\\url-shortener\\vendor\\laravel\\framework\\src\\Illuminate\\Database\\Console\\Migrations\\MigrateCommand.php(165): Illuminate\\Database\\Migrations\\Migrator->repositoryExists()
#8 D:\\url_sorter\\url-shortener\\vendor\\laravel\\framework\\src\\Illuminate\\Support\\helpers.php(338): Illuminate\\Database\\Console\\Migrations\\MigrateCommand->{closure:Illuminate\\Database\\Console\\Migrations\\MigrateCommand::repositoryExists():165}()
#9 D:\\url_sorter\\url-shortener\\vendor\\laravel\\framework\\src\\Illuminate\\Database\\Console\\Migrations\\MigrateCommand.php(165): retry()
#10 D:\\url_sorter\\url-shortener\\vendor\\laravel\\framework\\src\\Illuminate\\Database\\Console\\Migrations\\MigrateCommand.php(141): Illuminate\\Database\\Console\\Migrations\\MigrateCommand->repositoryExists()
#11 D:\\url_sorter\\url-shortener\\vendor\\laravel\\framework\\src\\Illuminate\\Database\\Console\\Migrations\\MigrateCommand.php(111): Illuminate\\Database\\Console\\Migrations\\MigrateCommand->prepareDatabase()
#12 D:\\url_sorter\\url-shortener\\vendor\\laravel\\framework\\src\\Illuminate\\Database\\Migrations\\Migrator.php(658): Illuminate\\Database\\Console\\Migrations\\MigrateCommand->{closure:Illuminate\\Database\\Console\\Migrations\\MigrateCommand::runMigrations():110}()
#13 D:\\url_sorter\\url-shortener\\vendor\\laravel\\framework\\src\\Illuminate\\Database\\Console\\Migrations\\MigrateCommand.php(110): Illuminate\\Database\\Migrations\\Migrator->usingConnection()
#14 D:\\url_sorter\\url-shortener\\vendor\\laravel\\framework\\src\\Illuminate\\Database\\Console\\Migrations\\MigrateCommand.php(89): Illuminate\\Database\\Console\\Migrations\\MigrateCommand->runMigrations()
#15 D:\\url_sorter\\url-shortener\\vendor\\laravel\\framework\\src\\Illuminate\\Container\\BoundMethod.php(36): Illuminate\\Database\\Console\\Migrations\\MigrateCommand->handle()
#16 D:\\url_sorter\\url-shortener\\vendor\\laravel\\framework\\src\\Illuminate\\Container\\Util.php(43): Illuminate\\Container\\BoundMethod::{closure:Illuminate\\Container\\BoundMethod::call():35}()
#17 D:\\url_sorter\\url-shortener\\vendor\\laravel\\framework\\src\\Illuminate\\Container\\BoundMethod.php(95): Illuminate\\Container\\Util::unwrapIfClosure()
#18 D:\\url_sorter\\url-shortener\\vendor\\laravel\\framework\\src\\Illuminate\\Container\\BoundMethod.php(35): Illuminate\\Container\\BoundMethod::callBoundMethod()
#19 D:\\url_sorter\\url-shortener\\vendor\\laravel\\framework\\src\\Illuminate\\Container\\Container.php(696): Illuminate\\Container\\BoundMethod::call()
#20 D:\\url_sorter\\url-shortener\\vendor\\laravel\\framework\\src\\Illuminate\\Console\\Command.php(213): Illuminate\\Container\\Container->call()
#21 D:\\url_sorter\\url-shortener\\vendor\\symfony\\console\\Command\\Command.php(335): Illuminate\\Console\\Command->execute()
#22 D:\\url_sorter\\url-shortener\\vendor\\laravel\\framework\\src\\Illuminate\\Console\\Command.php(182): Symfony\\Component\\Console\\Command\\Command->run()
#23 D:\\url_sorter\\url-shortener\\vendor\\symfony\\console\\Application.php(1103): Illuminate\\Console\\Command->run()
#24 D:\\url_sorter\\url-shortener\\vendor\\symfony\\console\\Application.php(356): Symfony\\Component\\Console\\Application->doRunCommand()
#25 D:\\url_sorter\\url-shortener\\vendor\\symfony\\console\\Application.php(195): Symfony\\Component\\Console\\Application->doRun()
#26 D:\\url_sorter\\url-shortener\\vendor\\laravel\\framework\\src\\Illuminate\\Foundation\\Console\\Kernel.php(198): Symfony\\Component\\Console\\Application->run()
#27 D:\\url_sorter\\url-shortener\\vendor\\laravel\\framework\\src\\Illuminate\\Foundation\\Application.php(1235): Illuminate\\Foundation\\Console\\Kernel->handle()
#28 D:\\url_sorter\\url-shortener\\artisan(16): Illuminate\\Foundation\\Application->handleCommand()
#29 {main}

[previous exception] [object] (Illuminate\\Database\\SQLiteDatabaseDoesNotExistException(code: 0): Database file at path [/full/path/to/database.sqlite] does not exist. Ensure this is an absolute path to the database. at D:\\url_sorter\\url-shortener\\vendor\\laravel\\framework\\src\\Illuminate\\Database\\Connectors\\SQLiteConnector.php:37)
[stacktrace]
#0 D:\\url_sorter\\url-shortener\\vendor\\laravel\\framework\\src\\Illuminate\\Database\\Connectors\\ConnectionFactory.php(224): Illuminate\\Database\\Connectors\\SQLiteConnector->connect()
#1 [internal function]: Illuminate\\Database\\Connectors\\ConnectionFactory->{closure:Illuminate\\Database\\Connectors\\ConnectionFactory::createPdoResolverWithoutHosts():224}()
#2 D:\\url_sorter\\url-shortener\\vendor\\laravel\\framework\\src\\Illuminate\\Database\\Connection.php(1231): call_user_func()
#3 D:\\url_sorter\\url-shortener\\vendor\\laravel\\framework\\src\\Illuminate\\Database\\Connection.php(1267): Illuminate\\Database\\Connection->getPdo()
#4 D:\\url_sorter\\url-shortener\\vendor\\laravel\\framework\\src\\Illuminate\\Database\\Connection.php(512): Illuminate\\Database\\Connection->getReadPdo()
#5 D:\\url_sorter\\url-shortener\\vendor\\laravel\\framework\\src\\Illuminate\\Database\\Connection.php(407): Illuminate\\Database\\Connection->getPdoForSelect()
#6 D:\\url_sorter\\url-shortener\\vendor\\laravel\\framework\\src\\Illuminate\\Database\\Connection.php(812): Illuminate\\Database\\Connection->{closure:Illuminate\\Database\\Connection::select():398}()
#7 D:\\url_sorter\\url-shortener\\vendor\\laravel\\framework\\src\\Illuminate\\Database\\Connection.php(779): Illuminate\\Database\\Connection->runQueryCallback()
#8 D:\\url_sorter\\url-shortener\\vendor\\laravel\\framework\\src\\Illuminate\\Database\\Connection.php(398): Illuminate\\Database\\Connection->run()
#9 D:\\url_sorter\\url-shortener\\vendor\\laravel\\framework\\src\\Illuminate\\Database\\Connection.php(344): Illuminate\\Database\\Connection->select()
#10 D:\\url_sorter\\url-shortener\\vendor\\laravel\\framework\\src\\Illuminate\\Database\\Connection.php(361): Illuminate\\Database\\Connection->selectOne()
#11 D:\\url_sorter\\url-shortener\\vendor\\laravel\\framework\\src\\Illuminate\\Database\\Schema\\SQLiteBuilder.php(44): Illuminate\\Database\\Connection->scalar()
#12 D:\\url_sorter\\url-shortener\\vendor\\laravel\\framework\\src\\Illuminate\\Database\\Migrations\\DatabaseMigrationRepository.php(184): Illuminate\\Database\\Schema\\SQLiteBuilder->hasTable()
#13 D:\\url_sorter\\url-shortener\\vendor\\laravel\\framework\\src\\Illuminate\\Database\\Migrations\\Migrator.php(742): Illuminate\\Database\\Migrations\\DatabaseMigrationRepository->repositoryExists()
#14 D:\\url_sorter\\url-shortener\\vendor\\laravel\\framework\\src\\Illuminate\\Database\\Console\\Migrations\\MigrateCommand.php(165): Illuminate\\Database\\Migrations\\Migrator->repositoryExists()
#15 D:\\url_sorter\\url-shortener\\vendor\\laravel\\framework\\src\\Illuminate\\Support\\helpers.php(338): Illuminate\\Database\\Console\\Migrations\\MigrateCommand->{closure:Illuminate\\Database\\Console\\Migrations\\MigrateCommand::repositoryExists():165}()
#16 D:\\url_sorter\\url-shortener\\vendor\\laravel\\framework\\src\\Illuminate\\Database\\Console\\Migrations\\MigrateCommand.php(165): retry()
#17 D:\\url_sorter\\url-shortener\\vendor\\laravel\\framework\\src\\Illuminate\\Database\\Console\\Migrations\\MigrateCommand.php(141): Illuminate\\Database\\Console\\Migrations\\MigrateCommand->repositoryExists()
#18 D:\\url_sorter\\url-shortener\\vendor\\laravel\\framework\\src\\Illuminate\\Database\\Console\\Migrations\\MigrateCommand.php(111): Illuminate\\Database\\Console\\Migrations\\MigrateCommand->prepareDatabase()
#19 D:\\url_sorter\\url-shortener\\vendor\\laravel\\framework\\src\\Illuminate\\Database\\Migrations\\Migrator.php(658): Illuminate\\Database\\Console\\Migrations\\MigrateCommand->{closure:Illuminate\\Database\\Console\\Migrations\\MigrateCommand::runMigrations():110}()
#20 D:\\url_sorter\\url-shortener\\vendor\\laravel\\framework\\src\\Illuminate\\Database\\Console\\Migrations\\MigrateCommand.php(110): Illuminate\\Database\\Migrations\\Migrator->usingConnection()
#21 D:\\url_sorter\\url-shortener\\vendor\\laravel\\framework\\src\\Illuminate\\Database\\Console\\Migrations\\MigrateCommand.php(89): Illuminate\\Database\\Console\\Migrations\\MigrateCommand->runMigrations()
#22 D:\\url_sorter\\url-shortener\\vendor\\laravel\\framework\\src\\Illuminate\\Container\\BoundMethod.php(36): Illuminate\\Database\\Console\\Migrations\\MigrateCommand->handle()
#23 D:\\url_sorter\\url-shortener\\vendor\\laravel\\framework\\src\\Illuminate\\Container\\Util.php(43): Illuminate\\Container\\BoundMethod::{closure:Illuminate\\Container\\BoundMethod::call():35}()
#24 D:\\url_sorter\\url-shortener\\vendor\\laravel\\framework\\src\\Illuminate\\Container\\BoundMethod.php(95): Illuminate\\Container\\Util::unwrapIfClosure()
#25 D:\\url_sorter\\url-shortener\\vendor\\laravel\\framework\\src\\Illuminate\\Container\\BoundMethod.php(35): Illuminate\\Container\\BoundMethod::callBoundMethod()
#26 D:\\url_sorter\\url-shortener\\vendor\\laravel\\framework\\src\\Illuminate\\Container\\Container.php(696): Illuminate\\Container\\BoundMethod::call()
#27 D:\\url_sorter\\url-shortener\\vendor\\laravel\\framework\\src\\Illuminate\\Console\\Command.php(213): Illuminate\\Container\\Container->call()
#28 D:\\url_sorter\\url-shortener\\vendor\\symfony\\console\\Command\\Command.php(335): Illuminate\\Console\\Command->execute()
#29 D:\\url_sorter\\url-shortener\\vendor\\laravel\\framework\\src\\Illuminate\\Console\\Command.php(182): Symfony\\Component\\Console\\Command\\Command->run()
#30 D:\\url_sorter\\url-shortener\\vendor\\symfony\\console\\Application.php(1103): Illuminate\\Console\\Command->run()
#31 D:\\url_sorter\\url-shortener\\vendor\\symfony\\console\\Application.php(356): Symfony\\Component\\Console\\Application->doRunCommand()
#32 D:\\url_sorter\\url-shortener\\vendor\\symfony\\console\\Application.php(195): Symfony\\Component\\Console\\Application->doRun()
#33 D:\\url_sorter\\url-shortener\\vendor\\laravel\\framework\\src\\Illuminate\\Foundation\\Console\\Kernel.php(198): Symfony\\Component\\Console\\Application->run()
#34 D:\\url_sorter\\url-shortener\\vendor\\laravel\\framework\\src\\Illuminate\\Foundation\\Application.php(1235): Illuminate\\Foundation\\Console\\Kernel->handle()
#35 D:\\url_sorter\\url-shortener\\artisan(16): Illuminate\\Foundation\\Application->handleCommand()
#36 {main}
"} 
[2025-12-06 15:52:07] local.ERROR: Database file at path [/full/path/to/database.sqlite] does not exist. Ensure this is an absolute path to the database. (Connection: sqlite, SQL: select exists (select 1 from sqlite_master where name = 'migrations' and type = 'table') as "exists") {"exception":"[object] (Illuminate\\Database\\QueryException(code: 0): Database file at path [/full/path/to/database.sqlite] does not exist. Ensure this is an absolute path to the database. (Connection: sqlite, SQL: select exists (select 1 from sqlite_master where name = 'migrations' and type = 'table') as \"exists\") at D:\\url_sorter\\url-shortener\\vendor\\laravel\\framework\\src\\Illuminate\\Database\\Connection.php:825)
[stacktrace]
#0 D:\\url_sorter\\url-shortener\\vendor\\laravel\\framework\\src\\Illuminate\\Database\\Connection.php(779): Illuminate\\Database\\Connection->runQueryCallback()
#1 D:\\url_sorter\\url-shortener\\vendor\\laravel\\framework\\src\\Illuminate\\Database\\Connection.php(398): Illuminate\\Database\\Connection->run()
#2 D:\\url_sorter\\url-shortener\\vendor\\laravel\\framework\\src\\Illuminate\\Database\\Connection.php(344): Illuminate\\Database\\Connection->select()
#3 D:\\url_sorter\\url-shortener\\vendor\\laravel\\framework\\src\\Illuminate\\Database\\Connection.php(361): Illuminate\\Database\\Connection->selectOne()
#4 D:\\url_sorter\\url-shortener\\vendor\\laravel\\framework\\src\\Illuminate\\Database\\Schema\\SQLiteBuilder.php(44): Illuminate\\Database\\Connection->scalar()
#5 D:\\url_sorter\\url-shortener\\vendor\\laravel\\framework\\src\\Illuminate\\Database\\Migrations\\DatabaseMigrationRepository.php(184): Illuminate\\Database\\Schema\\SQLiteBuilder->hasTable()
#6 D:\\url_sorter\\url-shortener\\vendor\\laravel\\framework\\src\\Illuminate\\Database\\Migrations\\Migrator.php(742): Illuminate\\Database\\Migrations\\DatabaseMigrationRepository->repositoryExists()
#7 D:\\url_sorter\\url-shortener\\vendor\\laravel\\framework\\src\\Illuminate\\Database\\Console\\Migrations\\MigrateCommand.php(165): Illuminate\\Database\\Migrations\\Migrator->repositoryExists()
#8 D:\\url_sorter\\url-shortener\\vendor\\laravel\\framework\\src\\Illuminate\\Support\\helpers.php(338): Illuminate\\Database\\Console\\Migrations\\MigrateCommand->{closure:Illuminate\\Database\\Console\\Migrations\\MigrateCommand::repositoryExists():165}()
#9 D:\\url_sorter\\url-shortener\\vendor\\laravel\\framework\\src\\Illuminate\\Database\\Console\\Migrations\\MigrateCommand.php(165): retry()
#10 D:\\url_sorter\\url-shortener\\vendor\\laravel\\framework\\src\\Illuminate\\Database\\Console\\Migrations\\MigrateCommand.php(141): Illuminate\\Database\\Console\\Migrations\\MigrateCommand->repositoryExists()
#11 D:\\url_sorter\\url-shortener\\vendor\\laravel\\framework\\src\\Illuminate\\Database\\Console\\Migrations\\MigrateCommand.php(111): Illuminate\\Database\\Console\\Migrations\\MigrateCommand->prepareDatabase()
#12 D:\\url_sorter\\url-shortener\\vendor\\laravel\\framework\\src\\Illuminate\\Database\\Migrations\\Migrator.php(658): Illuminate\\Database\\Console\\Migrations\\MigrateCommand->{closure:Illuminate\\Database\\Console\\Migrations\\MigrateCommand::runMigrations():110}()
#13 D:\\url_sorter\\url-shortener\\vendor\\laravel\\framework\\src\\Illuminate\\Database\\Console\\Migrations\\MigrateCommand.php(110): Illuminate\\Database\\Migrations\\Migrator->usingConnection()
#14 D:\\url_sorter\\url-shortener\\vendor\\laravel\\framework\\src\\Illuminate\\Database\\Console\\Migrations\\MigrateCommand.php(89): Illuminate\\Database\\Console\\Migrations\\MigrateCommand->runMigrations()
#15 D:\\url_sorter\\url-shortener\\vendor\\laravel\\framework\\src\\Illuminate\\Container\\BoundMethod.php(36): Illuminate\\Database\\Console\\Migrations\\MigrateCommand->handle()
#16 D:\\url_sorter\\url-shortener\\vendor\\laravel\\framework\\src\\Illuminate\\Container\\Util.php(43): Illuminate\\Container\\BoundMethod::{closure:Illuminate\\Container\\BoundMethod::call():35}()
#17 D:\\url_sorter\\url-shortener\\vendor\\laravel\\framework\\src\\Illuminate\\Container\\BoundMethod.php(95): Illuminate\\Container\\Util::unwrapIfClosure()
#18 D:\\url_sorter\\url-shortener\\vendor\\laravel\\framework\\src\\Illuminate\\Container\\BoundMethod.php(35): Illuminate\\Container\\BoundMethod::callBoundMethod()
#19 D:\\url_sorter\\url-shortener\\vendor\\laravel\\framework\\src\\Illuminate\\Container\\Container.php(696): Illuminate\\Container\\BoundMethod::call()
#20 D:\\url_sorter\\url-shortener\\vendor\\laravel\\framework\\src\\Illuminate\\Console\\Command.php(213): Illuminate\\Container\\Container->call()
#21 D:\\url_sorter\\url-shortener\\vendor\\symfony\\console\\Command\\Command.php(335): Illuminate\\Console\\Command->execute()
#22 D:\\url_sorter\\url-shortener\\vendor\\laravel\\framework\\src\\Illuminate\\Console\\Command.php(182): Symfony\\Component\\Console\\Command\\Command->run()
#23 D:\\url_sorter\\url-shortener\\vendor\\symfony\\console\\Application.php(1103): Illuminate\\Console\\Command->run()
#24 D:\\url_sorter\\url-shortener\\vendor\\symfony\\console\\Application.php(356): Symfony\\Component\\Console\\Application->doRunCommand()
#25 D:\\url_sorter\\url-shortener\\vendor\\symfony\\console\\Application.php(195): Symfony\\Component\\Console\\Application->doRun()
#26 D:\\url_sorter\\url-shortener\\vendor\\laravel\\framework\\src\\Illuminate\\Foundation\\Console\\Kernel.php(198): Symfony\\Component\\Console\\Application->run()
#27 D:\\url_sorter\\url-shortener\\vendor\\laravel\\framework\\src\\Illuminate\\Foundation\\Application.php(1235): Illuminate\\Foundation\\Console\\Kernel->handle()
#28 D:\\url_sorter\\url-shortener\\artisan(16): Illuminate\\Foundation\\Application->handleCommand()
#29 {main}

[previous exception] [object] (Illuminate\\Database\\SQLiteDatabaseDoesNotExistException(code: 0): Database file at path [/full/path/to/database.sqlite] does not exist. Ensure this is an absolute path to the database. at D:\\url_sorter\\url-shortener\\vendor\\laravel\\framework\\src\\Illuminate\\Database\\Connectors\\SQLiteConnector.php:37)
[stacktrace]
#0 D:\\url_sorter\\url-shortener\\vendor\\laravel\\framework\\src\\Illuminate\\Database\\Connectors\\ConnectionFactory.php(224): Illuminate\\Database\\Connectors\\SQLiteConnector->connect()
#1 [internal function]: Illuminate\\Database\\Connectors\\ConnectionFactory->{closure:Illuminate\\Database\\Connectors\\ConnectionFactory::createPdoResolverWithoutHosts():224}()
#2 D:\\url_sorter\\url-shortener\\vendor\\laravel\\framework\\src\\Illuminate\\Database\\Connection.php(1231): call_user_func()
#3 D:\\url_sorter\\url-shortener\\vendor\\laravel\\framework\\src\\Illuminate\\Database\\Connection.php(1267): Illuminate\\Database\\Connection->getPdo()
#4 D:\\url_sorter\\url-shortener\\vendor\\laravel\\framework\\src\\Illuminate\\Database\\Connection.php(512): Illuminate\\Database\\Connection->getReadPdo()
#5 D:\\url_sorter\\url-shortener\\vendor\\laravel\\framework\\src\\Illuminate\\Database\\Connection.php(407): Illuminate\\Database\\Connection->getPdoForSelect()
#6 D:\\url_sorter\\url-shortener\\vendor\\laravel\\framework\\src\\Illuminate\\Database\\Connection.php(812): Illuminate\\Database\\Connection->{closure:Illuminate\\Database\\Connection::select():398}()
#7 D:\\url_sorter\\url-shortener\\vendor\\laravel\\framework\\src\\Illuminate\\Database\\Connection.php(779): Illuminate\\Database\\Connection->runQueryCallback()
#8 D:\\url_sorter\\url-shortener\\vendor\\laravel\\framework\\src\\Illuminate\\Database\\Connection.php(398): Illuminate\\Database\\Connection->run()
#9 D:\\url_sorter\\url-shortener\\vendor\\laravel\\framework\\src\\Illuminate\\Database\\Connection.php(344): Illuminate\\Database\\Connection->select()
#10 D:\\url_sorter\\url-shortener\\vendor\\laravel\\framework\\src\\Illuminate\\Database\\Connection.php(361): Illuminate\\Database\\Connection->selectOne()
#11 D:\\url_sorter\\url-shortener\\vendor\\laravel\\framework\\src\\Illuminate\\Database\\Schema\\SQLiteBuilder.php(44): Illuminate\\Database\\Connection->scalar()
#12 D:\\url_sorter\\url-shortener\\vendor\\laravel\\framework\\src\\Illuminate\\Database\\Migrations\\DatabaseMigrationRepository.php(184): Illuminate\\Database\\Schema\\SQLiteBuilder->hasTable()
#13 D:\\url_sorter\\url-shortener\\vendor\\laravel\\framework\\src\\Illuminate\\Database\\Migrations\\Migrator.php(742): Illuminate\\Database\\Migrations\\DatabaseMigrationRepository->repositoryExists()
#14 D:\\url_sorter\\url-shortener\\vendor\\laravel\\framework\\src\\Illuminate\\Database\\Console\\Migrations\\MigrateCommand.php(165): Illuminate\\Database\\Migrations\\Migrator->repositoryExists()
#15 D:\\url_sorter\\url-shortener\\vendor\\laravel\\framework\\src\\Illuminate\\Support\\helpers.php(338): Illuminate\\Database\\Console\\Migrations\\MigrateCommand->{closure:Illuminate\\Database\\Console\\Migrations\\MigrateCommand::repositoryExists():165}()
#16 D:\\url_sorter\\url-shortener\\vendor\\laravel\\framework\\src\\Illuminate\\Database\\Console\\Migrations\\MigrateCommand.php(165): retry()
#17 D:\\url_sorter\\url-shortener\\vendor\\laravel\\framework\\src\\Illuminate\\Database\\Console\\Migrations\\MigrateCommand.php(141): Illuminate\\Database\\Console\\Migrations\\MigrateCommand->repositoryExists()
#18 D:\\url_sorter\\url-shortener\\vendor\\laravel\\framework\\src\\Illuminate\\Database\\Console\\Migrations\\MigrateCommand.php(111): Illuminate\\Database\\Console\\Migrations\\MigrateCommand->prepareDatabase()
#19 D:\\url_sorter\\url-shortener\\vendor\\laravel\\framework\\src\\Illuminate\\Database\\Migrations\\Migrator.php(658): Illuminate\\Database\\Console\\Migrations\\MigrateCommand->{closure:Illuminate\\Database\\Console\\Migrations\\MigrateCommand::runMigrations():110}()
#20 D:\\url_sorter\\url-shortener\\vendor\\laravel\\framework\\src\\Illuminate\\Database\\Console\\Migrations\\MigrateCommand.php(110): Illuminate\\Database\\Migrations\\Migrator->usingConnection()
#21 D:\\url_sorter\\url-shortener\\vendor\\laravel\\framework\\src\\Illuminate\\Database\\Console\\Migrations\\MigrateCommand.php(89): Illuminate\\Database\\Console\\Migrations\\MigrateCommand->runMigrations()
#22 D:\\url_sorter\\url-shortener\\vendor\\laravel\\framework\\src\\Illuminate\\Container\\BoundMethod.php(36): Illuminate\\Database\\Console\\Migrations\\MigrateCommand->handle()
#23 D:\\url_sorter\\url-shortener\\vendor\\laravel\\framework\\src\\Illuminate\\Container\\Util.php(43): Illuminate\\Container\\BoundMethod::{closure:Illuminate\\Container\\BoundMethod::call():35}()
#24 D:\\url_sorter\\url-shortener\\vendor\\laravel\\framework\\src\\Illuminate\\Container\\BoundMethod.php(95): Illuminate\\Container\\Util::unwrapIfClosure()
#25 D:\\url_sorter\\url-shortener\\vendor\\laravel\\framework\\src\\Illuminate\\Container\\BoundMethod.php(35): Illuminate\\Container\\BoundMethod::callBoundMethod()
#26 D:\\url_sorter\\url-shortener\\vendor\\laravel\\framework\\src\\Illuminate\\Container\\Container.php(696): Illuminate\\Container\\BoundMethod::call()
#27 D:\\url_sorter\\url-shortener\\vendor\\laravel\\framework\\src\\Illuminate\\Console\\Command.php(213): Illuminate\\Container\\Container->call()
#28 D:\\url_sorter\\url-shortener\\vendor\\symfony\\console\\Command\\Command.php(335): Illuminate\\Console\\Command->execute()
#29 D:\\url_sorter\\url-shortener\\vendor\\laravel\\framework\\src\\Illuminate\\Console\\Command.php(182): Symfony\\Component\\Console\\Command\\Command->run()
#30 D:\\url_sorter\\url-shortener\\vendor\\symfony\\console\\Application.php(1103): Illuminate\\Console\\Command->run()
#31 D:\\url_sorter\\url-shortener\\vendor\\symfony\\console\\Application.php(356): Symfony\\Component\\Console\\Application->doRunCommand()
#32 D:\\url_sorter\\url-shortener\\vendor\\symfony\\console\\Application.php(195): Symfony\\Component\\Console\\Application->doRun()
#33 D:\\url_sorter\\url-shortener\\vendor\\laravel\\framework\\src\\Illuminate\\Foundation\\Console\\Kernel.php(198): Symfony\\Component\\Console\\Application->run()
#34 D:\\url_sorter\\url-shortener\\vendor\\laravel\\framework\\src\\Illuminate\\Foundation\\Application.php(1235): Illuminate\\Foundation\\Console\\Kernel->handle()
#35 D:\\url_sorter\\url-shortener\\artisan(16): Illuminate\\Foundation\\Application->handleCommand()
#36 {main}
"} 
[2025-12-06 15:56:39] local.ERROR: could not find driver (Connection: sqlite, SQL: select exists (select 1 from sqlite_master where name = 'migrations' and type = 'table') as "exists") {"exception":"[object] (Illuminate\\Database\\QueryException(code: 0): could not find driver (Connection: sqlite, SQL: select exists (select 1 from sqlite_master where name = 'migrations' and type = 'table') as \"exists\") at D:\\url_sorter\\url-shortener\\vendor\\laravel\\framework\\src\\Illuminate\\Database\\Connection.php:825)
[stacktrace]
#0 D:\\url_sorter\\url-shortener\\vendor\\laravel\\framework\\src\\Illuminate\\Database\\Connection.php(779): Illuminate\\Database\\Connection->runQueryCallback()
#1 D:\\url_sorter\\url-shortener\\vendor\\laravel\\framework\\src\\Illuminate\\Database\\Connection.php(398): Illuminate\\Database\\Connection->run()
#2 D:\\url_sorter\\url-shortener\\vendor\\laravel\\framework\\src\\Illuminate\\Database\\Connection.php(344): Illuminate\\Database\\Connection->select()
#3 D:\\url_sorter\\url-shortener\\vendor\\laravel\\framework\\src\\Illuminate\\Database\\Connection.php(361): Illuminate\\Database\\Connection->selectOne()
#4 D:\\url_sorter\\url-shortener\\vendor\\laravel\\framework\\src\\Illuminate\\Database\\Schema\\SQLiteBuilder.php(44): Illuminate\\Database\\Connection->scalar()
#5 D:\\url_sorter\\url-shortener\\vendor\\laravel\\framework\\src\\Illuminate\\Database\\Migrations\\DatabaseMigrationRepository.php(184): Illuminate\\Database\\Schema\\SQLiteBuilder->hasTable()
#6 D:\\url_sorter\\url-shortener\\vendor\\laravel\\framework\\src\\Illuminate\\Database\\Migrations\\Migrator.php(742): Illuminate\\Database\\Migrations\\DatabaseMigrationRepository->repositoryExists()
#7 D:\\url_sorter\\url-shortener\\vendor\\laravel\\framework\\src\\Illuminate\\Database\\Console\\Migrations\\MigrateCommand.php(165): Illuminate\\Database\\Migrations\\Migrator->repositoryExists()
#8 D:\\url_sorter\\url-shortener\\vendor\\laravel\\framework\\src\\Illuminate\\Support\\helpers.php(338): Illuminate\\Database\\Console\\Migrations\\MigrateCommand->{closure:Illuminate\\Database\\Console\\Migrations\\MigrateCommand::repositoryExists():165}()
#9 D:\\url_sorter\\url-shortener\\vendor\\laravel\\framework\\src\\Illuminate\\Database\\Console\\Migrations\\MigrateCommand.php(165): retry()
#10 D:\\url_sorter\\url-shortener\\vendor\\laravel\\framework\\src\\Illuminate\\Database\\Console\\Migrations\\MigrateCommand.php(141): Illuminate\\Database\\Console\\Migrations\\MigrateCommand->repositoryExists()
#11 D:\\url_sorter\\url-shortener\\vendor\\laravel\\framework\\src\\Illuminate\\Database\\Console\\Migrations\\MigrateCommand.php(111): Illuminate\\Database\\Console\\Migrations\\MigrateCommand->prepareDatabase()
#12 D:\\url_sorter\\url-shortener\\vendor\\laravel\\framework\\src\\Illuminate\\Database\\Migrations\\Migrator.php(658): Illuminate\\Database\\Console\\Migrations\\MigrateCommand->{closure:Illuminate\\Database\\Console\\Migrations\\MigrateCommand::runMigrations():110}()
#13 D:\\url_sorter\\url-shortener\\vendor\\laravel\\framework\\src\\Illuminate\\Database\\Console\\Migrations\\MigrateCommand.php(110): Illuminate\\Database\\Migrations\\Migrator->usingConnection()
#14 D:\\url_sorter\\url-shortener\\vendor\\laravel\\framework\\src\\Illuminate\\Database\\Console\\Migrations\\MigrateCommand.php(89): Illuminate\\Database\\Console\\Migrations\\MigrateCommand->runMigrations()
#15 D:\\url_sorter\\url-shortener\\vendor\\laravel\\framework\\src\\Illuminate\\Container\\BoundMethod.php(36): Illuminate\\Database\\Console\\Migrations\\MigrateCommand->handle()
#16 D:\\url_sorter\\url-shortener\\vendor\\laravel\\framework\\src\\Illuminate\\Container\\Util.php(43): Illuminate\\Container\\BoundMethod::{closure:Illuminate\\Container\\BoundMethod::call():35}()
#17 D:\\url_sorter\\url-shortener\\vendor\\laravel\\framework\\src\\Illuminate\\Container\\BoundMethod.php(95): Illuminate\\Container\\Util::unwrapIfClosure()
#18 D:\\url_sorter\\url-shortener\\vendor\\laravel\\framework\\src\\Illuminate\\Container\\BoundMethod.php(35): Illuminate\\Container\\BoundMethod::callBoundMethod()
#19 D:\\url_sorter\\url-shortener\\vendor\\laravel\\framework\\src\\Illuminate\\Container\\Container.php(696): Illuminate\\Container\\BoundMethod::call()
#20 D:\\url_sorter\\url-shortener\\vendor\\laravel\\framework\\src\\Illuminate\\Console\\Command.php(213): Illuminate\\Container\\Container->call()
#21 D:\\url_sorter\\url-shortener\\vendor\\symfony\\console\\Command\\Command.php(335): Illuminate\\Console\\Command->execute()
#22 D:\\url_sorter\\url-shortener\\vendor\\laravel\\framework\\src\\Illuminate\\Console\\Command.php(182): Symfony\\Component\\Console\\Command\\Command->run()
#23 D:\\url_sorter\\url-shortener\\vendor\\symfony\\console\\Application.php(1103): Illuminate\\Console\\Command->run()
#24 D:\\url_sorter\\url-shortener\\vendor\\symfony\\console\\Application.php(356): Symfony\\Component\\Console\\Application->doRunCommand()
#25 D:\\url_sorter\\url-shortener\\vendor\\symfony\\console\\Application.php(195): Symfony\\Component\\Console\\Application->doRun()
#26 D:\\url_sorter\\url-shortener\\vendor\\laravel\\framework\\src\\Illuminate\\Foundation\\Console\\Kernel.php(198): Symfony\\Component\\Console\\Application->run()
#27 D:\\url_sorter\\url-shortener\\vendor\\laravel\\framework\\src\\Illuminate\\Foundation\\Application.php(1235): Illuminate\\Foundation\\Console\\Kernel->handle()
#28 D:\\url_sorter\\url-shortener\\artisan(16): Illuminate\\Foundation\\Application->handleCommand()
#29 {main}

[previous exception] [object] (PDOException(code: 0): could not find driver at D:\\url_sorter\\url-shortener\\vendor\\laravel\\framework\\src\\Illuminate\\Database\\Connectors\\Connector.php:67)
[stacktrace]
#0 D:\\url_sorter\\url-shortener\\vendor\\laravel\\framework\\src\\Illuminate\\Database\\Connectors\\Connector.php(67): PDO::connect()
#1 D:\\url_sorter\\url-shortener\\vendor\\laravel\\framework\\src\\Illuminate\\Database\\Connectors\\Connector.php(44): Illuminate\\Database\\Connectors\\Connector->createPdoConnection()
#2 D:\\url_sorter\\url-shortener\\vendor\\laravel\\framework\\src\\Illuminate\\Database\\Connectors\\SQLiteConnector.php(40): Illuminate\\Database\\Connectors\\Connector->createConnection()
#3 D:\\url_sorter\\url-shortener\\vendor\\laravel\\framework\\src\\Illuminate\\Database\\Connectors\\ConnectionFactory.php(224): Illuminate\\Database\\Connectors\\SQLiteConnector->connect()
#4 [internal function]: Illuminate\\Database\\Connectors\\ConnectionFactory->{closure:Illuminate\\Database\\Connectors\\ConnectionFactory::createPdoResolverWithoutHosts():224}()
#5 D:\\url_sorter\\url-shortener\\vendor\\laravel\\framework\\src\\Illuminate\\Database\\Connection.php(1231): call_user_func()
#6 D:\\url_sorter\\url-shortener\\vendor\\laravel\\framework\\src\\Illuminate\\Database\\Connection.php(1267): Illuminate\\Database\\Connection->getPdo()
#7 D:\\url_sorter\\url-shortener\\vendor\\laravel\\framework\\src\\Illuminate\\Database\\Connection.php(512): Illuminate\\Database\\Connection->getReadPdo()
#8 D:\\url_sorter\\url-shortener\\vendor\\laravel\\framework\\src\\Illuminate\\Database\\Connection.php(407): Illuminate\\Database\\Connection->getPdoForSelect()
#9 D:\\url_sorter\\url-shortener\\vendor\\laravel\\framework\\src\\Illuminate\\Database\\Connection.php(812): Illuminate\\Database\\Connection->{closure:Illuminate\\Database\\Connection::select():398}()
#10 D:\\url_sorter\\url-shortener\\vendor\\laravel\\framework\\src\\Illuminate\\Database\\Connection.php(779): Illuminate\\Database\\Connection->runQueryCallback()
#11 D:\\url_sorter\\url-shortener\\vendor\\laravel\\framework\\src\\Illuminate\\Database\\Connection.php(398): Illuminate\\Database\\Connection->run()
#12 D:\\url_sorter\\url-shortener\\vendor\\laravel\\framework\\src\\Illuminate\\Database\\Connection.php(344): Illuminate\\Database\\Connection->select()
#13 D:\\url_sorter\\url-shortener\\vendor\\laravel\\framework\\src\\Illuminate\\Database\\Connection.php(361): Illuminate\\Database\\Connection->selectOne()
#14 D:\\url_sorter\\url-shortener\\vendor\\laravel\\framework\\src\\Illuminate\\Database\\Schema\\SQLiteBuilder.php(44): Illuminate\\Database\\Connection->scalar()
#15 D:\\url_sorter\\url-shortener\\vendor\\laravel\\framework\\src\\Illuminate\\Database\\Migrations\\DatabaseMigrationRepository.php(184): Illuminate\\Database\\Schema\\SQLiteBuilder->hasTable()
#16 D:\\url_sorter\\url-shortener\\vendor\\laravel\\framework\\src\\Illuminate\\Database\\Migrations\\Migrator.php(742): Illuminate\\Database\\Migrations\\DatabaseMigrationRepository->repositoryExists()
#17 D:\\url_sorter\\url-shortener\\vendor\\laravel\\framework\\src\\Illuminate\\Database\\Console\\Migrations\\MigrateCommand.php(165): Illuminate\\Database\\Migrations\\Migrator->repositoryExists()
#18 D:\\url_sorter\\url-shortener\\vendor\\laravel\\framework\\src\\Illuminate\\Support\\helpers.php(338): Illuminate\\Database\\Console\\Migrations\\MigrateCommand->{closure:Illuminate\\Database\\Console\\Migrations\\MigrateCommand::repositoryExists():165}()
#19 D:\\url_sorter\\url-shortener\\vendor\\laravel\\framework\\src\\Illuminate\\Database\\Console\\Migrations\\MigrateCommand.php(165): retry()
#20 D:\\url_sorter\\url-shortener\\vendor\\laravel\\framework\\src\\Illuminate\\Database\\Console\\Migrations\\MigrateCommand.php(141): Illuminate\\Database\\Console\\Migrations\\MigrateCommand->repositoryExists()
#21 D:\\url_sorter\\url-shortener\\vendor\\laravel\\framework\\src\\Illuminate\\Database\\Console\\Migrations\\MigrateCommand.php(111): Illuminate\\Database\\Console\\Migrations\\MigrateCommand->prepareDatabase()
#22 D:\\url_sorter\\url-shortener\\vendor\\laravel\\framework\\src\\Illuminate\\Database\\Migrations\\Migrator.php(658): Illuminate\\Database\\Console\\Migrations\\MigrateCommand->{closure:Illuminate\\Database\\Console\\Migrations\\MigrateCommand::runMigrations():110}()
#23 D:\\url_sorter\\url-shortener\\vendor\\laravel\\framework\\src\\Illuminate\\Database\\Console\\Migrations\\MigrateCommand.php(110): Illuminate\\Database\\Migrations\\Migrator->usingConnection()
#24 D:\\url_sorter\\url-shortener\\vendor\\laravel\\framework\\src\\Illuminate\\Database\\Console\\Migrations\\MigrateCommand.php(89): Illuminate\\Database\\Console\\Migrations\\MigrateCommand->runMigrations()
#25 D:\\url_sorter\\url-shortener\\vendor\\laravel\\framework\\src\\Illuminate\\Container\\BoundMethod.php(36): Illuminate\\Database\\Console\\Migrations\\MigrateCommand->handle()
#26 D:\\url_sorter\\url-shortener\\vendor\\laravel\\framework\\src\\Illuminate\\Container\\Util.php(43): Illuminate\\Container\\BoundMethod::{closure:Illuminate\\Container\\BoundMethod::call():35}()
#27 D:\\url_sorter\\url-shortener\\vendor\\laravel\\framework\\src\\Illuminate\\Container\\BoundMethod.php(95): Illuminate\\Container\\Util::unwrapIfClosure()
#28 D:\\url_sorter\\url-shortener\\vendor\\laravel\\framework\\src\\Illuminate\\Container\\BoundMethod.php(35): Illuminate\\Container\\BoundMethod::callBoundMethod()
#29 D:\\url_sorter\\url-shortener\\vendor\\laravel\\framework\\src\\Illuminate\\Container\\Container.php(696): Illuminate\\Container\\BoundMethod::call()
#30 D:\\url_sorter\\url-shortener\\vendor\\laravel\\framework\\src\\Illuminate\\Console\\Command.php(213): Illuminate\\Container\\Container->call()
#31 D:\\url_sorter\\url-shortener\\vendor\\symfony\\console\\Command\\Command.php(335): Illuminate\\Console\\Command->execute()
#32 D:\\url_sorter\\url-shortener\\vendor\\laravel\\framework\\src\\Illuminate\\Console\\Command.php(182): Symfony\\Component\\Console\\Command\\Command->run()
#33 D:\\url_sorter\\url-shortener\\vendor\\symfony\\console\\Application.php(1103): Illuminate\\Console\\Command->run()
#34 D:\\url_sorter\\url-shortener\\vendor\\symfony\\console\\Application.php(356): Symfony\\Component\\Console\\Application->doRunCommand()
#35 D:\\url_sorter\\url-shortener\\vendor\\symfony\\console\\Application.php(195): Symfony\\Component\\Console\\Application->doRun()
#36 D:\\url_sorter\\url-shortener\\vendor\\laravel\\framework\\src\\Illuminate\\Foundation\\Console\\Kernel.php(198): Symfony\\Component\\Console\\Application->run()
#37 D:\\url_sorter\\url-shortener\\vendor\\laravel\\framework\\src\\Illuminate\\Foundation\\Application.php(1235): Illuminate\\Foundation\\Console\\Kernel->handle()
#38 D:\\url_sorter\\url-shortener\\artisan(16): Illuminate\\Foundation\\Application->handleCommand()
#39 {main}
"} 
[2025-12-06 15:57:58] local.ERROR: could not find driver (Connection: sqlite, SQL: PRAGMA foreign_keys = ON;) {"exception":"[object] (Illuminate\\Database\\QueryException(code: 0): could not find driver (Connection: sqlite, SQL: PRAGMA foreign_keys = ON;) at D:\\url_sorter\\url-shortener\\vendor\\laravel\\framework\\src\\Illuminate\\Database\\Connection.php:825)
[stacktrace]
#0 D:\\url_sorter\\url-shortener\\vendor\\laravel\\framework\\src\\Illuminate\\Database\\Connection.php(779): Illuminate\\Database\\Connection->runQueryCallback()
#1 D:\\url_sorter\\url-shortener\\vendor\\laravel\\framework\\src\\Illuminate\\Database\\Connection.php(560): Illuminate\\Database\\Connection->run()
#2 D:\\url_sorter\\url-shortener\\vendor\\laravel\\framework\\src\\Illuminate\\Database\\Schema\\Builder.php(522): Illuminate\\Database\\Connection->statement()
#3 D:\\url_sorter\\url-shortener\\vendor\\laravel\\framework\\src\\Illuminate\\Database\\SQLiteConnection.php(59): Illuminate\\Database\\Schema\\Builder->enableForeignKeyConstraints()
#4 D:\\url_sorter\\url-shortener\\vendor\\laravel\\framework\\src\\Illuminate\\Database\\SQLiteConnection.php(28): Illuminate\\Database\\SQLiteConnection->configureForeignKeyConstraints()
#5 D:\\url_sorter\\url-shortener\\vendor\\laravel\\framework\\src\\Illuminate\\Database\\Connectors\\ConnectionFactory.php(277): Illuminate\\Database\\SQLiteConnection->__construct()
#6 D:\\url_sorter\\url-shortener\\vendor\\laravel\\framework\\src\\Illuminate\\Database\\Connectors\\ConnectionFactory.php(76): Illuminate\\Database\\Connectors\\ConnectionFactory->createConnection()
#7 D:\\url_sorter\\url-shortener\\vendor\\laravel\\framework\\src\\Illuminate\\Database\\Connectors\\ConnectionFactory.php(51): Illuminate\\Database\\Connectors\\ConnectionFactory->createSingleConnection()
#8 D:\\url_sorter\\url-shortener\\vendor\\laravel\\framework\\src\\Illuminate\\Database\\DatabaseManager.php(207): Illuminate\\Database\\Connectors\\ConnectionFactory->make()
#9 D:\\url_sorter\\url-shortener\\vendor\\laravel\\framework\\src\\Illuminate\\Database\\DatabaseManager.php(103): Illuminate\\Database\\DatabaseManager->makeConnection()
#10 D:\\url_sorter\\url-shortener\\vendor\\laravel\\framework\\src\\Illuminate\\Session\\SessionManager.php(108): Illuminate\\Database\\DatabaseManager->connection()
#11 D:\\url_sorter\\url-shortener\\vendor\\laravel\\framework\\src\\Illuminate\\Session\\SessionManager.php(95): Illuminate\\Session\\SessionManager->getDatabaseConnection()
#12 D:\\url_sorter\\url-shortener\\vendor\\laravel\\framework\\src\\Illuminate\\Support\\Manager.php(106): Illuminate\\Session\\SessionManager->createDatabaseDriver()
#13 D:\\url_sorter\\url-shortener\\vendor\\laravel\\framework\\src\\Illuminate\\Support\\Manager.php(80): Illuminate\\Support\\Manager->createDriver()
#14 D:\\url_sorter\\url-shortener\\vendor\\laravel\\framework\\src\\Illuminate\\Session\\SessionServiceProvider.php(52): Illuminate\\Support\\Manager->driver()
#15 D:\\url_sorter\\url-shortener\\vendor\\laravel\\framework\\src\\Illuminate\\Container\\Container.php(952): Illuminate\\Session\\SessionServiceProvider->{closure:Illuminate\\Session\\SessionServiceProvider::registerSessionDriver():48}()
#16 D:\\url_sorter\\url-shortener\\vendor\\laravel\\framework\\src\\Illuminate\\Container\\Container.php(832): Illuminate\\Container\\Container->build()
#17 D:\\url_sorter\\url-shortener\\vendor\\laravel\\framework\\src\\Illuminate\\Foundation\\Application.php(1078): Illuminate\\Container\\Container->resolve()
#18 D:\\url_sorter\\url-shortener\\vendor\\laravel\\framework\\src\\Illuminate\\Container\\Container.php(763): Illuminate\\Foundation\\Application->resolve()
#19 D:\\url_sorter\\url-shortener\\vendor\\laravel\\framework\\src\\Illuminate\\Foundation\\Application.php(1058): Illuminate\\Container\\Container->make()
#20 D:\\url_sorter\\url-shortener\\vendor\\laravel\\framework\\src\\Illuminate\\Container\\Container.php(1580): Illuminate\\Foundation\\Application->make()
#21 D:\\url_sorter\\url-shortener\\vendor\\laravel\\framework\\src\\Illuminate\\Routing\\RoutingServiceProvider.php(121): Illuminate\\Container\\Container->offsetGet()
#22 D:\\url_sorter\\url-shortener\\vendor\\laravel\\framework\\src\\Illuminate\\Container\\Container.php(952): Illuminate\\Routing\\RoutingServiceProvider->{closure:Illuminate\\Routing\\RoutingServiceProvider::registerRedirector():114}()
#23 D:\\url_sorter\\url-shortener\\vendor\\laravel\\framework\\src\\Illuminate\\Container\\Container.php(832): Illuminate\\Container\\Container->build()
#24 D:\\url_sorter\\url-shortener\\vendor\\laravel\\framework\\src\\Illuminate\\Foundation\\Application.php(1078): Illuminate\\Container\\Container->resolve()
#25 D:\\url_sorter\\url-shortener\\vendor\\laravel\\framework\\src\\Illuminate\\Container\\Container.php(763): Illuminate\\Foundation\\Application->resolve()
#26 D:\\url_sorter\\url-shortener\\vendor\\laravel\\framework\\src\\Illuminate\\Foundation\\Application.php(1058): Illuminate\\Container\\Container->make()
#27 D:\\url_sorter\\url-shortener\\vendor\\laravel\\framework\\src\\Illuminate\\Container\\Container.php(1580): Illuminate\\Foundation\\Application->make()
#28 D:\\url_sorter\\url-shortener\\vendor\\laravel\\framework\\src\\Illuminate\\Routing\\RoutingServiceProvider.php(177): Illuminate\\Container\\Container->offsetGet()
#29 D:\\url_sorter\\url-shortener\\vendor\\laravel\\framework\\src\\Illuminate\\Container\\Container.php(952): Illuminate\\Routing\\RoutingServiceProvider->{closure:Illuminate\\Routing\\RoutingServiceProvider::registerResponseFactory():176}()
#30 D:\\url_sorter\\url-shortener\\vendor\\laravel\\framework\\src\\Illuminate\\Container\\Container.php(832): Illuminate\\Container\\Container->build()
#31 D:\\url_sorter\\url-shortener\\vendor\\laravel\\framework\\src\\Illuminate\\Foundation\\Application.php(1078): Illuminate\\Container\\Container->resolve()
#32 D:\\url_sorter\\url-shortener\\vendor\\laravel\\framework\\src\\Illuminate\\Container\\Container.php(763): Illuminate\\Foundation\\Application->resolve()
#33 D:\\url_sorter\\url-shortener\\vendor\\laravel\\framework\\src\\Illuminate\\Foundation\\Application.php(1058): Illuminate\\Container\\Container->make()
#34 D:\\url_sorter\\url-shortener\\vendor\\laravel\\framework\\src\\Illuminate\\Foundation\\helpers.php(124): Illuminate\\Foundation\\Application->make()
#35 D:\\url_sorter\\url-shortener\\vendor\\laravel\\framework\\src\\Illuminate\\Foundation\\helpers.php(832): app()
#36 D:\\url_sorter\\url-shortener\\vendor\\laravel\\framework\\src\\Illuminate\\Foundation\\Exceptions\\Handler.php(894): response()
#37 D:\\url_sorter\\url-shortener\\vendor\\laravel\\framework\\src\\Illuminate\\Foundation\\Exceptions\\Handler.php(815): Illuminate\\Foundation\\Exceptions\\Handler->renderHttpException()
#38 D:\\url_sorter\\url-shortener\\vendor\\laravel\\framework\\src\\Illuminate\\Foundation\\Exceptions\\Handler.php(706): Illuminate\\Foundation\\Exceptions\\Handler->prepareResponse()
#39 D:\\url_sorter\\url-shortener\\vendor\\laravel\\framework\\src\\Illuminate\\Foundation\\Exceptions\\Handler.php(594): Illuminate\\Foundation\\Exceptions\\Handler->renderExceptionResponse()
#40 D:\\url_sorter\\url-shortener\\vendor\\laravel\\framework\\src\\Illuminate\\Routing\\Pipeline.php(51): Illuminate\\Foundation\\Exceptions\\Handler->render()
#41 D:\\url_sorter\\url-shortener\\vendor\\laravel\\framework\\src\\Illuminate\\Pipeline\\Pipeline.php(172): Illuminate\\Routing\\Pipeline->handleException()
#42 D:\\url_sorter\\url-shortener\\vendor\\laravel\\framework\\src\\Illuminate\\Foundation\\Http\\Middleware\\TransformsRequest.php(21): Illuminate\\Pipeline\\Pipeline->{closure:Illuminate\\Pipeline\\Pipeline::prepareDestination():168}()
#43 D:\\url_sorter\\url-shortener\\vendor\\laravel\\framework\\src\\Illuminate\\Foundation\\Http\\Middleware\\ConvertEmptyStringsToNull.php(31): Illuminate\\Foundation\\Http\\Middleware\\TransformsRequest->handle()
#44 D:\\url_sorter\\url-shortener\\vendor\\laravel\\framework\\src\\Illuminate\\Pipeline\\Pipeline.php(209): Illuminate\\Foundation\\Http\\Middleware\\ConvertEmptyStringsToNull->handle()
#45 D:\\url_sorter\\url-shortener\\vendor\\laravel\\framework\\src\\Illuminate\\Foundation\\Http\\Middleware\\TransformsRequest.php(21): Illuminate\\Pipeline\\Pipeline->{closure:{closure:Illuminate\\Pipeline\\Pipeline::carry():184}:185}()
#46 D:\\url_sorter\\url-shortener\\vendor\\laravel\\framework\\src\\Illuminate\\Foundation\\Http\\Middleware\\TrimStrings.php(51): Illuminate\\Foundation\\Http\\Middleware\\TransformsRequest->handle()
#47 D:\\url_sorter\\url-shortener\\vendor\\laravel\\framework\\src\\Illuminate\\Pipeline\\Pipeline.php(209): Illuminate\\Foundation\\Http\\Middleware\\TrimStrings->handle()
#48 D:\\url_sorter\\url-shortener\\vendor\\laravel\\framework\\src\\Illuminate\\Http\\Middleware\\ValidatePostSize.php(27): Illuminate\\Pipeline\\Pipeline->{closure:{closure:Illuminate\\Pipeline\\Pipeline::carry():184}:185}()
#49 D:\\url_sorter\\url-shortener\\vendor\\laravel\\framework\\src\\Illuminate\\Pipeline\\Pipeline.php(209): Illuminate\\Http\\Middleware\\ValidatePostSize->handle()
#50 D:\\url_sorter\\url-shortener\\vendor\\laravel\\framework\\src\\Illuminate\\Foundation\\Http\\Middleware\\PreventRequestsDuringMaintenance.php(110): Illuminate\\Pipeline\\Pipeline->{closure:{closure:Illuminate\\Pipeline\\Pipeline::carry():184}:185}()
#51 D:\\url_sorter\\url-shortener\\vendor\\laravel\\framework\\src\\Illuminate\\Pipeline\\Pipeline.php(209): Illuminate\\Foundation\\Http\\Middleware\\PreventRequestsDuringMaintenance->handle()
#52 D:\\url_sorter\\url-shortener\\vendor\\laravel\\framework\\src\\Illuminate\\Http\\Middleware\\HandleCors.php(49): Illuminate\\Pipeline\\Pipeline->{closure:{closure:Illuminate\\Pipeline\\Pipeline::carry():184}:185}()
#53 D:\\url_sorter\\url-shortener\\vendor\\laravel\\framework\\src\\Illuminate\\Pipeline\\Pipeline.php(209): Illuminate\\Http\\Middleware\\HandleCors->handle()
#54 D:\\url_sorter\\url-shortener\\vendor\\laravel\\framework\\src\\Illuminate\\Http\\Middleware\\TrustProxies.php(58): Illuminate\\Pipeline\\Pipeline->{closure:{closure:Illuminate\\Pipeline\\Pipeline::carry():184}:185}()
#55 D:\\url_sorter\\url-shortener\\vendor\\laravel\\framework\\src\\Illuminate\\Pipeline\\Pipeline.php(209): Illuminate\\Http\\Middleware\\TrustProxies->handle()
#56 D:\\url_sorter\\url-shortener\\vendor\\laravel\\framework\\src\\Illuminate\\Foundation\\Http\\Middleware\\InvokeDeferredCallbacks.php(22): Illuminate\\Pipeline\\Pipeline->{closure:{closure:Illuminate\\Pipeline\\Pipeline::carry():184}:185}()
#57 D:\\url_sorter\\url-shortener\\vendor\\laravel\\framework\\src\\Illuminate\\Pipeline\\Pipeline.php(209): Illuminate\\Foundation\\Http\\Middleware\\InvokeDeferredCallbacks->handle()
#58 D:\\url_sorter\\url-shortener\\vendor\\laravel\\framework\\src\\Illuminate\\Pipeline\\Pipeline.php(127): Illuminate\\Pipeline\\Pipeline->{closure:{closure:Illuminate\\Pipeline\\Pipeline::carry():184}:185}()
#59 D:\\url_sorter\\url-shortener\\vendor\\laravel\\framework\\src\\Illuminate\\Foundation\\Http\\Kernel.php(176): Illuminate\\Pipeline\\Pipeline->then()
#60 D:\\url_sorter\\url-shortener\\vendor\\laravel\\framework\\src\\Illuminate\\Foundation\\Http\\Kernel.php(145): Illuminate\\Foundation\\Http\\Kernel->sendRequestThroughRouter()
#61 D:\\url_sorter\\url-shortener\\vendor\\laravel\\framework\\src\\Illuminate\\Foundation\\Application.php(1220): Illuminate\\Foundation\\Http\\Kernel->handle()
#62 D:\\url_sorter\\url-shortener\\public\\index.php(20): Illuminate\\Foundation\\Application->handleRequest()
#63 D:\\url_sorter\\url-shortener\\vendor\\laravel\\framework\\src\\Illuminate\\Foundation\\resources\\server.php(23): require_once('...')
#64 {main}

[previous exception] [object] (PDOException(code: 0): could not find driver at D:\\url_sorter\\url-shortener\\vendor\\laravel\\framework\\src\\Illuminate\\Database\\Connectors\\Connector.php:67)
[stacktrace]
#0 D:\\url_sorter\\url-shortener\\vendor\\laravel\\framework\\src\\Illuminate\\Database\\Connectors\\Connector.php(67): PDO::connect()
#1 D:\\url_sorter\\url-shortener\\vendor\\laravel\\framework\\src\\Illuminate\\Database\\Connectors\\Connector.php(44): Illuminate\\Database\\Connectors\\Connector->createPdoConnection()
#2 D:\\url_sorter\\url-shortener\\vendor\\laravel\\framework\\src\\Illuminate\\Database\\Connectors\\SQLiteConnector.php(40): Illuminate\\Database\\Connectors\\Connector->createConnection()
#3 D:\\url_sorter\\url-shortener\\vendor\\laravel\\framework\\src\\Illuminate\\Database\\Connectors\\ConnectionFactory.php(224): Illuminate\\Database\\Connectors\\SQLiteConnector->connect()
#4 [internal function]: Illuminate\\Database\\Connectors\\ConnectionFactory->{closure:Illuminate\\Database\\Connectors\\ConnectionFactory::createPdoResolverWithoutHosts():224}()
#5 D:\\url_sorter\\url-shortener\\vendor\\laravel\\framework\\src\\Illuminate\\Database\\Connection.php(1231): call_user_func()
#6 D:\\url_sorter\\url-shortener\\vendor\\laravel\\framework\\src\\Illuminate\\Database\\Connection.php(565): Illuminate\\Database\\Connection->getPdo()
#7 D:\\url_sorter\\url-shortener\\vendor\\laravel\\framework\\src\\Illuminate\\Database\\Connection.php(812): Illuminate\\Database\\Connection->{closure:Illuminate\\Database\\Connection::statement():560}()
#8 D:\\url_sorter\\url-shortener\\vendor\\laravel\\framework\\src\\Illuminate\\Database\\Connection.php(779): Illuminate\\Database\\Connection->runQueryCallback()
#9 D:\\url_sorter\\url-shortener\\vendor\\laravel\\framework\\src\\Illuminate\\Database\\Connection.php(560): Illuminate\\Database\\Connection->run()
#10 D:\\url_sorter\\url-shortener\\vendor\\laravel\\framework\\src\\Illuminate\\Database\\Schema\\Builder.php(522): Illuminate\\Database\\Connection->statement()
#11 D:\\url_sorter\\url-shortener\\vendor\\laravel\\framework\\src\\Illuminate\\Database\\SQLiteConnection.php(59): Illuminate\\Database\\Schema\\Builder->enableForeignKeyConstraints()
#12 D:\\url_sorter\\url-shortener\\vendor\\laravel\\framework\\src\\Illuminate\\Database\\SQLiteConnection.php(28): Illuminate\\Database\\SQLiteConnection->configureForeignKeyConstraints()
#13 D:\\url_sorter\\url-shortener\\vendor\\laravel\\framework\\src\\Illuminate\\Database\\Connectors\\ConnectionFactory.php(277): Illuminate\\Database\\SQLiteConnection->__construct()
#14 D:\\url_sorter\\url-shortener\\vendor\\laravel\\framework\\src\\Illuminate\\Database\\Connectors\\ConnectionFactory.php(76): Illuminate\\Database\\Connectors\\ConnectionFactory->createConnection()
#15 D:\\url_sorter\\url-shortener\\vendor\\laravel\\framework\\src\\Illuminate\\Database\\Connectors\\ConnectionFactory.php(51): Illuminate\\Database\\Connectors\\ConnectionFactory->createSingleConnection()
#16 D:\\url_sorter\\url-shortener\\vendor\\laravel\\framework\\src\\Illuminate\\Database\\DatabaseManager.php(207): Illuminate\\Database\\Connectors\\ConnectionFactory->make()
#17 D:\\url_sorter\\url-shortener\\vendor\\laravel\\framework\\src\\Illuminate\\Database\\DatabaseManager.php(103): Illuminate\\Database\\DatabaseManager->makeConnection()
#18 D:\\url_sorter\\url-shortener\\vendor\\laravel\\framework\\src\\Illuminate\\Session\\SessionManager.php(108): Illuminate\\Database\\DatabaseManager->connection()
#19 D:\\url_sorter\\url-shortener\\vendor\\laravel\\framework\\src\\Illuminate\\Session\\SessionManager.php(95): Illuminate\\Session\\SessionManager->getDatabaseConnection()
#20 D:\\url_sorter\\url-shortener\\vendor\\laravel\\framework\\src\\Illuminate\\Support\\Manager.php(106): Illuminate\\Session\\SessionManager->createDatabaseDriver()
#21 D:\\url_sorter\\url-shortener\\vendor\\laravel\\framework\\src\\Illuminate\\Support\\Manager.php(80): Illuminate\\Support\\Manager->createDriver()
#22 D:\\url_sorter\\url-shortener\\vendor\\laravel\\framework\\src\\Illuminate\\Session\\SessionServiceProvider.php(52): Illuminate\\Support\\Manager->driver()
#23 D:\\url_sorter\\url-shortener\\vendor\\laravel\\framework\\src\\Illuminate\\Container\\Container.php(952): Illuminate\\Session\\SessionServiceProvider->{closure:Illuminate\\Session\\SessionServiceProvider::registerSessionDriver():48}()
#24 D:\\url_sorter\\url-shortener\\vendor\\laravel\\framework\\src\\Illuminate\\Container\\Container.php(832): Illuminate\\Container\\Container->build()
#25 D:\\url_sorter\\url-shortener\\vendor\\laravel\\framework\\src\\Illuminate\\Foundation\\Application.php(1078): Illuminate\\Container\\Container->resolve()
#26 D:\\url_sorter\\url-shortener\\vendor\\laravel\\framework\\src\\Illuminate\\Container\\Container.php(763): Illuminate\\Foundation\\Application->resolve()
#27 D:\\url_sorter\\url-shortener\\vendor\\laravel\\framework\\src\\Illuminate\\Foundation\\Application.php(1058): Illuminate\\Container\\Container->make()
#28 D:\\url_sorter\\url-shortener\\vendor\\laravel\\framework\\src\\Illuminate\\Container\\Container.php(1580): Illuminate\\Foundation\\Application->make()
#29 D:\\url_sorter\\url-shortener\\vendor\\laravel\\framework\\src\\Illuminate\\Routing\\RoutingServiceProvider.php(121): Illuminate\\Container\\Container->offsetGet()
#30 D:\\url_sorter\\url-shortener\\vendor\\laravel\\framework\\src\\Illuminate\\Container\\Container.php(952): Illuminate\\Routing\\RoutingServiceProvider->{closure:Illuminate\\Routing\\RoutingServiceProvider::registerRedirector():114}()
#31 D:\\url_sorter\\url-shortener\\vendor\\laravel\\framework\\src\\Illuminate\\Container\\Container.php(832): Illuminate\\Container\\Container->build()
#32 D:\\url_sorter\\url-shortener\\vendor\\laravel\\framework\\src\\Illuminate\\Foundation\\Application.php(1078): Illuminate\\Container\\Container->resolve()
#33 D:\\url_sorter\\url-shortener\\vendor\\laravel\\framework\\src\\Illuminate\\Container\\Container.php(763): Illuminate\\Foundation\\Application->resolve()
#34 D:\\url_sorter\\url-shortener\\vendor\\laravel\\framework\\src\\Illuminate\\Foundation\\Application.php(1058): Illuminate\\Container\\Container->make()
#35 D:\\url_sorter\\url-shortener\\vendor\\laravel\\framework\\src\\Illuminate\\Container\\Container.php(1580): Illuminate\\Foundation\\Application->make()
#36 D:\\url_sorter\\url-shortener\\vendor\\laravel\\framework\\src\\Illuminate\\Routing\\RoutingServiceProvider.php(177): Illuminate\\Container\\Container->offsetGet()
#37 D:\\url_sorter\\url-shortener\\vendor\\laravel\\framework\\src\\Illuminate\\Container\\Container.php(952): Illuminate\\Routing\\RoutingServiceProvider->{closure:Illuminate\\Routing\\RoutingServiceProvider::registerResponseFactory():176}()
#38 D:\\url_sorter\\url-shortener\\vendor\\laravel\\framework\\src\\Illuminate\\Container\\Container.php(832): Illuminate\\Container\\Container->build()
#39 D:\\url_sorter\\url-shortener\\vendor\\laravel\\framework\\src\\Illuminate\\Foundation\\Application.php(1078): Illuminate\\Container\\Container->resolve()
#40 D:\\url_sorter\\url-shortener\\vendor\\laravel\\framework\\src\\Illuminate\\Container\\Container.php(763): Illuminate\\Foundation\\Application->resolve()
#41 D:\\url_sorter\\url-shortener\\vendor\\laravel\\framework\\src\\Illuminate\\Foundation\\Application.php(1058): Illuminate\\Container\\Container->make()
#42 D:\\url_sorter\\url-shortener\\vendor\\laravel\\framework\\src\\Illuminate\\Foundation\\helpers.php(124): Illuminate\\Foundation\\Application->make()
#43 D:\\url_sorter\\url-shortener\\vendor\\laravel\\framework\\src\\Illuminate\\Foundation\\helpers.php(832): app()
#44 D:\\url_sorter\\url-shortener\\vendor\\laravel\\framework\\src\\Illuminate\\Foundation\\Exceptions\\Handler.php(894): response()
#45 D:\\url_sorter\\url-shortener\\vendor\\laravel\\framework\\src\\Illuminate\\Foundation\\Exceptions\\Handler.php(815): Illuminate\\Foundation\\Exceptions\\Handler->renderHttpException()
#46 D:\\url_sorter\\url-shortener\\vendor\\laravel\\framework\\src\\Illuminate\\Foundation\\Exceptions\\Handler.php(706): Illuminate\\Foundation\\Exceptions\\Handler->prepareResponse()
#47 D:\\url_sorter\\url-shortener\\vendor\\laravel\\framework\\src\\Illuminate\\Foundation\\Exceptions\\Handler.php(594): Illuminate\\Foundation\\Exceptions\\Handler->renderExceptionResponse()
#48 D:\\url_sorter\\url-shortener\\vendor\\laravel\\framework\\src\\Illuminate\\Routing\\Pipeline.php(51): Illuminate\\Foundation\\Exceptions\\Handler->render()
#49 D:\\url_sorter\\url-shortener\\vendor\\laravel\\framework\\src\\Illuminate\\Pipeline\\Pipeline.php(172): Illuminate\\Routing\\Pipeline->handleException()
#50 D:\\url_sorter\\url-shortener\\vendor\\laravel\\framework\\src\\Illuminate\\Foundation\\Http\\Middleware\\TransformsRequest.php(21): Illuminate\\Pipeline\\Pipeline->{closure:Illuminate\\Pipeline\\Pipeline::prepareDestination():168}()
#51 D:\\url_sorter\\url-shortener\\vendor\\laravel\\framework\\src\\Illuminate\\Foundation\\Http\\Middleware\\ConvertEmptyStringsToNull.php(31): Illuminate\\Foundation\\Http\\Middleware\\TransformsRequest->handle()
#52 D:\\url_sorter\\url-shortener\\vendor\\laravel\\framework\\src\\Illuminate\\Pipeline\\Pipeline.php(209): Illuminate\\Foundation\\Http\\Middleware\\ConvertEmptyStringsToNull->handle()
#53 D:\\url_sorter\\url-shortener\\vendor\\laravel\\framework\\src\\Illuminate\\Foundation\\Http\\Middleware\\TransformsRequest.php(21): Illuminate\\Pipeline\\Pipeline->{closure:{closure:Illuminate\\Pipeline\\Pipeline::carry():184}:185}()
#54 D:\\url_sorter\\url-shortener\\vendor\\laravel\\framework\\src\\Illuminate\\Foundation\\Http\\Middleware\\TrimStrings.php(51): Illuminate\\Foundation\\Http\\Middleware\\TransformsRequest->handle()
#55 D:\\url_sorter\\url-shortener\\vendor\\laravel\\framework\\src\\Illuminate\\Pipeline\\Pipeline.php(209): Illuminate\\Foundation\\Http\\Middleware\\TrimStrings->handle()
#56 D:\\url_sorter\\url-shortener\\vendor\\laravel\\framework\\src\\Illuminate\\Http\\Middleware\\ValidatePostSize.php(27): Illuminate\\Pipeline\\Pipeline->{closure:{closure:Illuminate\\Pipeline\\Pipeline::carry():184}:185}()
#57 D:\\url_sorter\\url-shortener\\vendor\\laravel\\framework\\src\\Illuminate\\Pipeline\\Pipeline.php(209): Illuminate\\Http\\Middleware\\ValidatePostSize->handle()
#58 D:\\url_sorter\\url-shortener\\vendor\\laravel\\framework\\src\\Illuminate\\Foundation\\Http\\Middleware\\PreventRequestsDuringMaintenance.php(110): Illuminate\\Pipeline\\Pipeline->{closure:{closure:Illuminate\\Pipeline\\Pipeline::carry():184}:185}()
#59 D:\\url_sorter\\url-shortener\\vendor\\laravel\\framework\\src\\Illuminate\\Pipeline\\Pipeline.php(209): Illuminate\\Foundation\\Http\\Middleware\\PreventRequestsDuringMaintenance->handle()
#60 D:\\url_sorter\\url-shortener\\vendor\\laravel\\framework\\src\\Illuminate\\Http\\Middleware\\HandleCors.php(49): Illuminate\\Pipeline\\Pipeline->{closure:{closure:Illuminate\\Pipeline\\Pipeline::carry():184}:185}()
#61 D:\\url_sorter\\url-shortener\\vendor\\laravel\\framework\\src\\Illuminate\\Pipeline\\Pipeline.php(209): Illuminate\\Http\\Middleware\\HandleCors->handle()
#62 D:\\url_sorter\\url-shortener\\vendor\\laravel\\framework\\src\\Illuminate\\Http\\Middleware\\TrustProxies.php(58): Illuminate\\Pipeline\\Pipeline->{closure:{closure:Illuminate\\Pipeline\\Pipeline::carry():184}:185}()
#63 D:\\url_sorter\\url-shortener\\vendor\\laravel\\framework\\src\\Illuminate\\Pipeline\\Pipeline.php(209): Illuminate\\Http\\Middleware\\TrustProxies->handle()
#64 D:\\url_sorter\\url-shortener\\vendor\\laravel\\framework\\src\\Illuminate\\Foundation\\Http\\Middleware\\InvokeDeferredCallbacks.php(22): Illuminate\\Pipeline\\Pipeline->{closure:{closure:Illuminate\\Pipeline\\Pipeline::carry():184}:185}()
#65 D:\\url_sorter\\url-shortener\\vendor\\laravel\\framework\\src\\Illuminate\\Pipeline\\Pipeline.php(209): Illuminate\\Foundation\\Http\\Middleware\\InvokeDeferredCallbacks->handle()
#66 D:\\url_sorter\\url-shortener\\vendor\\laravel\\framework\\src\\Illuminate\\Pipeline\\Pipeline.php(127): Illuminate\\Pipeline\\Pipeline->{closure:{closure:Illuminate\\Pipeline\\Pipeline::carry():184}:185}()
#67 D:\\url_sorter\\url-shortener\\vendor\\laravel\\framework\\src\\Illuminate\\Foundation\\Http\\Kernel.php(176): Illuminate\\Pipeline\\Pipeline->then()
#68 D:\\url_sorter\\url-shortener\\vendor\\laravel\\framework\\src\\Illuminate\\Foundation\\Http\\Kernel.php(145): Illuminate\\Foundation\\Http\\Kernel->sendRequestThroughRouter()
#69 D:\\url_sorter\\url-shortener\\vendor\\laravel\\framework\\src\\Illuminate\\Foundation\\Application.php(1220): Illuminate\\Foundation\\Http\\Kernel->handle()
#70 D:\\url_sorter\\url-shortener\\public\\index.php(20): Illuminate\\Foundation\\Application->handleRequest()
#71 D:\\url_sorter\\url-shortener\\vendor\\laravel\\framework\\src\\Illuminate\\Foundation\\resources\\server.php(23): require_once('...')
#72 {main}
"} 
[2025-12-06 16:44:00] local.ERROR: could not find driver (Connection: sqlite, SQL: PRAGMA foreign_keys = ON;) {"exception":"[object] (Illuminate\\Database\\QueryException(code: 0): could not find driver (Connection: sqlite, SQL: PRAGMA foreign_keys = ON;) at D:\\url_sorter\\url-shortener\\vendor\\laravel\\framework\\src\\Illuminate\\Database\\Connection.php:825)
[stacktrace]
#0 D:\\url_sorter\\url-shortener\\vendor\\laravel\\framework\\src\\Illuminate\\Database\\Connection.php(779): Illuminate\\Database\\Connection->runQueryCallback()
#1 D:\\url_sorter\\url-shortener\\vendor\\laravel\\framework\\src\\Illuminate\\Database\\Connection.php(560): Illuminate\\Database\\Connection->run()
#2 D:\\url_sorter\\url-shortener\\vendor\\laravel\\framework\\src\\Illuminate\\Database\\Schema\\Builder.php(522): Illuminate\\Database\\Connection->statement()
#3 D:\\url_sorter\\url-shortener\\vendor\\laravel\\framework\\src\\Illuminate\\Database\\SQLiteConnection.php(59): Illuminate\\Database\\Schema\\Builder->enableForeignKeyConstraints()
#4 D:\\url_sorter\\url-shortener\\vendor\\laravel\\framework\\src\\Illuminate\\Database\\SQLiteConnection.php(28): Illuminate\\Database\\SQLiteConnection->configureForeignKeyConstraints()
#5 D:\\url_sorter\\url-shortener\\vendor\\laravel\\framework\\src\\Illuminate\\Database\\Connectors\\ConnectionFactory.php(277): Illuminate\\Database\\SQLiteConnection->__construct()
#6 D:\\url_sorter\\url-shortener\\vendor\\laravel\\framework\\src\\Illuminate\\Database\\Connectors\\ConnectionFactory.php(76): Illuminate\\Database\\Connectors\\ConnectionFactory->createConnection()
#7 D:\\url_sorter\\url-shortener\\vendor\\laravel\\framework\\src\\Illuminate\\Database\\Connectors\\ConnectionFactory.php(51): Illuminate\\Database\\Connectors\\ConnectionFactory->createSingleConnection()
#8 D:\\url_sorter\\url-shortener\\vendor\\laravel\\framework\\src\\Illuminate\\Database\\DatabaseManager.php(207): Illuminate\\Database\\Connectors\\ConnectionFactory->make()
#9 D:\\url_sorter\\url-shortener\\vendor\\laravel\\framework\\src\\Illuminate\\Database\\DatabaseManager.php(103): Illuminate\\Database\\DatabaseManager->makeConnection()
#10 D:\\url_sorter\\url-shortener\\vendor\\laravel\\framework\\src\\Illuminate\\Session\\SessionManager.php(108): Illuminate\\Database\\DatabaseManager->connection()
#11 D:\\url_sorter\\url-shortener\\vendor\\laravel\\framework\\src\\Illuminate\\Session\\SessionManager.php(95): Illuminate\\Session\\SessionManager->getDatabaseConnection()
#12 D:\\url_sorter\\url-shortener\\vendor\\laravel\\framework\\src\\Illuminate\\Support\\Manager.php(106): Illuminate\\Session\\SessionManager->createDatabaseDriver()
#13 D:\\url_sorter\\url-shortener\\vendor\\laravel\\framework\\src\\Illuminate\\Support\\Manager.php(80): Illuminate\\Support\\Manager->createDriver()
#14 D:\\url_sorter\\url-shortener\\vendor\\laravel\\framework\\src\\Illuminate\\Session\\SessionServiceProvider.php(52): Illuminate\\Support\\Manager->driver()
#15 D:\\url_sorter\\url-shortener\\vendor\\laravel\\framework\\src\\Illuminate\\Container\\Container.php(952): Illuminate\\Session\\SessionServiceProvider->{closure:Illuminate\\Session\\SessionServiceProvider::registerSessionDriver():48}()
#16 D:\\url_sorter\\url-shortener\\vendor\\laravel\\framework\\src\\Illuminate\\Container\\Container.php(832): Illuminate\\Container\\Container->build()
#17 D:\\url_sorter\\url-shortener\\vendor\\laravel\\framework\\src\\Illuminate\\Foundation\\Application.php(1078): Illuminate\\Container\\Container->resolve()
#18 D:\\url_sorter\\url-shortener\\vendor\\laravel\\framework\\src\\Illuminate\\Container\\Container.php(763): Illuminate\\Foundation\\Application->resolve()
#19 D:\\url_sorter\\url-shortener\\vendor\\laravel\\framework\\src\\Illuminate\\Foundation\\Application.php(1058): Illuminate\\Container\\Container->make()
#20 D:\\url_sorter\\url-shortener\\vendor\\laravel\\framework\\src\\Illuminate\\Container\\Container.php(1580): Illuminate\\Foundation\\Application->make()
#21 D:\\url_sorter\\url-shortener\\vendor\\laravel\\framework\\src\\Illuminate\\Routing\\RoutingServiceProvider.php(121): Illuminate\\Container\\Container->offsetGet()
#22 D:\\url_sorter\\url-shortener\\vendor\\laravel\\framework\\src\\Illuminate\\Container\\Container.php(952): Illuminate\\Routing\\RoutingServiceProvider->{closure:Illuminate\\Routing\\RoutingServiceProvider::registerRedirector():114}()
#23 D:\\url_sorter\\url-shortener\\vendor\\laravel\\framework\\src\\Illuminate\\Container\\Container.php(832): Illuminate\\Container\\Container->build()
#24 D:\\url_sorter\\url-shortener\\vendor\\laravel\\framework\\src\\Illuminate\\Foundation\\Application.php(1078): Illuminate\\Container\\Container->resolve()
#25 D:\\url_sorter\\url-shortener\\vendor\\laravel\\framework\\src\\Illuminate\\Container\\Container.php(763): Illuminate\\Foundation\\Application->resolve()
#26 D:\\url_sorter\\url-shortener\\vendor\\laravel\\framework\\src\\Illuminate\\Foundation\\Application.php(1058): Illuminate\\Container\\Container->make()
#27 D:\\url_sorter\\url-shortener\\vendor\\laravel\\framework\\src\\Illuminate\\Container\\Container.php(1580): Illuminate\\Foundation\\Application->make()
#28 D:\\url_sorter\\url-shortener\\vendor\\laravel\\framework\\src\\Illuminate\\Routing\\RoutingServiceProvider.php(177): Illuminate\\Container\\Container->offsetGet()
#29 D:\\url_sorter\\url-shortener\\vendor\\laravel\\framework\\src\\Illuminate\\Container\\Container.php(952): Illuminate\\Routing\\RoutingServiceProvider->{closure:Illuminate\\Routing\\RoutingServiceProvider::registerResponseFactory():176}()
#30 D:\\url_sorter\\url-shortener\\vendor\\laravel\\framework\\src\\Illuminate\\Container\\Container.php(832): Illuminate\\Container\\Container->build()
#31 D:\\url_sorter\\url-shortener\\vendor\\laravel\\framework\\src\\Illuminate\\Foundation\\Application.php(1078): Illuminate\\Container\\Container->resolve()
#32 D:\\url_sorter\\url-shortener\\vendor\\laravel\\framework\\src\\Illuminate\\Container\\Container.php(763): Illuminate\\Foundation\\Application->resolve()
#33 D:\\url_sorter\\url-shortener\\vendor\\laravel\\framework\\src\\Illuminate\\Foundation\\Application.php(1058): Illuminate\\Container\\Container->make()
#34 D:\\url_sorter\\url-shortener\\vendor\\laravel\\framework\\src\\Illuminate\\Foundation\\helpers.php(124): Illuminate\\Foundation\\Application->make()
#35 D:\\url_sorter\\url-shortener\\vendor\\laravel\\framework\\src\\Illuminate\\Foundation\\helpers.php(832): app()
#36 D:\\url_sorter\\url-shortener\\vendor\\laravel\\framework\\src\\Illuminate\\Foundation\\Exceptions\\Handler.php(894): response()
#37 D:\\url_sorter\\url-shortener\\vendor\\laravel\\framework\\src\\Illuminate\\Foundation\\Exceptions\\Handler.php(815): Illuminate\\Foundation\\Exceptions\\Handler->renderHttpException()
#38 D:\\url_sorter\\url-shortener\\vendor\\laravel\\framework\\src\\Illuminate\\Foundation\\Exceptions\\Handler.php(706): Illuminate\\Foundation\\Exceptions\\Handler->prepareResponse()
#39 D:\\url_sorter\\url-shortener\\vendor\\laravel\\framework\\src\\Illuminate\\Foundation\\Exceptions\\Handler.php(594): Illuminate\\Foundation\\Exceptions\\Handler->renderExceptionResponse()
#40 D:\\url_sorter\\url-shortener\\vendor\\laravel\\framework\\src\\Illuminate\\Routing\\Pipeline.php(51): Illuminate\\Foundation\\Exceptions\\Handler->render()
#41 D:\\url_sorter\\url-shortener\\vendor\\laravel\\framework\\src\\Illuminate\\Pipeline\\Pipeline.php(172): Illuminate\\Routing\\Pipeline->handleException()
#42 D:\\url_sorter\\url-shortener\\vendor\\laravel\\framework\\src\\Illuminate\\Foundation\\Http\\Middleware\\TransformsRequest.php(21): Illuminate\\Pipeline\\Pipeline->{closure:Illuminate\\Pipeline\\Pipeline::prepareDestination():168}()
#43 D:\\url_sorter\\url-shortener\\vendor\\laravel\\framework\\src\\Illuminate\\Foundation\\Http\\Middleware\\ConvertEmptyStringsToNull.php(31): Illuminate\\Foundation\\Http\\Middleware\\TransformsRequest->handle()
#44 D:\\url_sorter\\url-shortener\\vendor\\laravel\\framework\\src\\Illuminate\\Pipeline\\Pipeline.php(209): Illuminate\\Foundation\\Http\\Middleware\\ConvertEmptyStringsToNull->handle()
#45 D:\\url_sorter\\url-shortener\\vendor\\laravel\\framework\\src\\Illuminate\\Foundation\\Http\\Middleware\\TransformsRequest.php(21): Illuminate\\Pipeline\\Pipeline->{closure:{closure:Illuminate\\Pipeline\\Pipeline::carry():184}:185}()
#46 D:\\url_sorter\\url-shortener\\vendor\\laravel\\framework\\src\\Illuminate\\Foundation\\Http\\Middleware\\TrimStrings.php(51): Illuminate\\Foundation\\Http\\Middleware\\TransformsRequest->handle()
#47 D:\\url_sorter\\url-shortener\\vendor\\laravel\\framework\\src\\Illuminate\\Pipeline\\Pipeline.php(209): Illuminate\\Foundation\\Http\\Middleware\\TrimStrings->handle()
#48 D:\\url_sorter\\url-shortener\\vendor\\laravel\\framework\\src\\Illuminate\\Http\\Middleware\\ValidatePostSize.php(27): Illuminate\\Pipeline\\Pipeline->{closure:{closure:Illuminate\\Pipeline\\Pipeline::carry():184}:185}()
#49 D:\\url_sorter\\url-shortener\\vendor\\laravel\\framework\\src\\Illuminate\\Pipeline\\Pipeline.php(209): Illuminate\\Http\\Middleware\\ValidatePostSize->handle()
#50 D:\\url_sorter\\url-shortener\\vendor\\laravel\\framework\\src\\Illuminate\\Foundation\\Http\\Middleware\\PreventRequestsDuringMaintenance.php(110): Illuminate\\Pipeline\\Pipeline->{closure:{closure:Illuminate\\Pipeline\\Pipeline::carry():184}:185}()
#51 D:\\url_sorter\\url-shortener\\vendor\\laravel\\framework\\src\\Illuminate\\Pipeline\\Pipeline.php(209): Illuminate\\Foundation\\Http\\Middleware\\PreventRequestsDuringMaintenance->handle()
#52 D:\\url_sorter\\url-shortener\\vendor\\laravel\\framework\\src\\Illuminate\\Http\\Middleware\\HandleCors.php(49): Illuminate\\Pipeline\\Pipeline->{closure:{closure:Illuminate\\Pipeline\\Pipeline::carry():184}:185}()
#53 D:\\url_sorter\\url-shortener\\vendor\\laravel\\framework\\src\\Illuminate\\Pipeline\\Pipeline.php(209): Illuminate\\Http\\Middleware\\HandleCors->handle()
#54 D:\\url_sorter\\url-shortener\\vendor\\laravel\\framework\\src\\Illuminate\\Http\\Middleware\\TrustProxies.php(58): Illuminate\\Pipeline\\Pipeline->{closure:{closure:Illuminate\\Pipeline\\Pipeline::carry():184}:185}()
#55 D:\\url_sorter\\url-shortener\\vendor\\laravel\\framework\\src\\Illuminate\\Pipeline\\Pipeline.php(209): Illuminate\\Http\\Middleware\\TrustProxies->handle()
#56 D:\\url_sorter\\url-shortener\\vendor\\laravel\\framework\\src\\Illuminate\\Foundation\\Http\\Middleware\\InvokeDeferredCallbacks.php(22): Illuminate\\Pipeline\\Pipeline->{closure:{closure:Illuminate\\Pipeline\\Pipeline::carry():184}:185}()
#57 D:\\url_sorter\\url-shortener\\vendor\\laravel\\framework\\src\\Illuminate\\Pipeline\\Pipeline.php(209): Illuminate\\Foundation\\Http\\Middleware\\InvokeDeferredCallbacks->handle()
#58 D:\\url_sorter\\url-shortener\\vendor\\laravel\\framework\\src\\Illuminate\\Pipeline\\Pipeline.php(127): Illuminate\\Pipeline\\Pipeline->{closure:{closure:Illuminate\\Pipeline\\Pipeline::carry():184}:185}()
#59 D:\\url_sorter\\url-shortener\\vendor\\laravel\\framework\\src\\Illuminate\\Foundation\\Http\\Kernel.php(176): Illuminate\\Pipeline\\Pipeline->then()
#60 D:\\url_sorter\\url-shortener\\vendor\\laravel\\framework\\src\\Illuminate\\Foundation\\Http\\Kernel.php(145): Illuminate\\Foundation\\Http\\Kernel->sendRequestThroughRouter()
#61 D:\\url_sorter\\url-shortener\\vendor\\laravel\\framework\\src\\Illuminate\\Foundation\\Application.php(1220): Illuminate\\Foundation\\Http\\Kernel->handle()
#62 D:\\url_sorter\\url-shortener\\public\\index.php(20): Illuminate\\Foundation\\Application->handleRequest()
#63 D:\\url_sorter\\url-shortener\\vendor\\laravel\\framework\\src\\Illuminate\\Foundation\\resources\\server.php(23): require_once('...')
#64 {main}

[previous exception] [object] (PDOException(code: 0): could not find driver at D:\\url_sorter\\url-shortener\\vendor\\laravel\\framework\\src\\Illuminate\\Database\\Connectors\\Connector.php:67)
[stacktrace]
#0 D:\\url_sorter\\url-shortener\\vendor\\laravel\\framework\\src\\Illuminate\\Database\\Connectors\\Connector.php(67): PDO::connect()
#1 D:\\url_sorter\\url-shortener\\vendor\\laravel\\framework\\src\\Illuminate\\Database\\Connectors\\Connector.php(44): Illuminate\\Database\\Connectors\\Connector->createPdoConnection()
#2 D:\\url_sorter\\url-shortener\\vendor\\laravel\\framework\\src\\Illuminate\\Database\\Connectors\\SQLiteConnector.php(40): Illuminate\\Database\\Connectors\\Connector->createConnection()
#3 D:\\url_sorter\\url-shortener\\vendor\\laravel\\framework\\src\\Illuminate\\Database\\Connectors\\ConnectionFactory.php(224): Illuminate\\Database\\Connectors\\SQLiteConnector->connect()
#4 [internal function]: Illuminate\\Database\\Connectors\\ConnectionFactory->{closure:Illuminate\\Database\\Connectors\\ConnectionFactory::createPdoResolverWithoutHosts():224}()
#5 D:\\url_sorter\\url-shortener\\vendor\\laravel\\framework\\src\\Illuminate\\Database\\Connection.php(1231): call_user_func()
#6 D:\\url_sorter\\url-shortener\\vendor\\laravel\\framework\\src\\Illuminate\\Database\\Connection.php(565): Illuminate\\Database\\Connection->getPdo()
#7 D:\\url_sorter\\url-shortener\\vendor\\laravel\\framework\\src\\Illuminate\\Database\\Connection.php(812): Illuminate\\Database\\Connection->{closure:Illuminate\\Database\\Connection::statement():560}()
#8 D:\\url_sorter\\url-shortener\\vendor\\laravel\\framework\\src\\Illuminate\\Database\\Connection.php(779): Illuminate\\Database\\Connection->runQueryCallback()
#9 D:\\url_sorter\\url-shortener\\vendor\\laravel\\framework\\src\\Illuminate\\Database\\Connection.php(560): Illuminate\\Database\\Connection->run()
#10 D:\\url_sorter\\url-shortener\\vendor\\laravel\\framework\\src\\Illuminate\\Database\\Schema\\Builder.php(522): Illuminate\\Database\\Connection->statement()
#11 D:\\url_sorter\\url-shortener\\vendor\\laravel\\framework\\src\\Illuminate\\Database\\SQLiteConnection.php(59): Illuminate\\Database\\Schema\\Builder->enableForeignKeyConstraints()
#12 D:\\url_sorter\\url-shortener\\vendor\\laravel\\framework\\src\\Illuminate\\Database\\SQLiteConnection.php(28): Illuminate\\Database\\SQLiteConnection->configureForeignKeyConstraints()
#13 D:\\url_sorter\\url-shortener\\vendor\\laravel\\framework\\src\\Illuminate\\Database\\Connectors\\ConnectionFactory.php(277): Illuminate\\Database\\SQLiteConnection->__construct()
#14 D:\\url_sorter\\url-shortener\\vendor\\laravel\\framework\\src\\Illuminate\\Database\\Connectors\\ConnectionFactory.php(76): Illuminate\\Database\\Connectors\\ConnectionFactory->createConnection()
#15 D:\\url_sorter\\url-shortener\\vendor\\laravel\\framework\\src\\Illuminate\\Database\\Connectors\\ConnectionFactory.php(51): Illuminate\\Database\\Connectors\\ConnectionFactory->createSingleConnection()
#16 D:\\url_sorter\\url-shortener\\vendor\\laravel\\framework\\src\\Illuminate\\Database\\DatabaseManager.php(207): Illuminate\\Database\\Connectors\\ConnectionFactory->make()
#17 D:\\url_sorter\\url-shortener\\vendor\\laravel\\framework\\src\\Illuminate\\Database\\DatabaseManager.php(103): Illuminate\\Database\\DatabaseManager->makeConnection()
#18 D:\\url_sorter\\url-shortener\\vendor\\laravel\\framework\\src\\Illuminate\\Session\\SessionManager.php(108): Illuminate\\Database\\DatabaseManager->connection()
#19 D:\\url_sorter\\url-shortener\\vendor\\laravel\\framework\\src\\Illuminate\\Session\\SessionManager.php(95): Illuminate\\Session\\SessionManager->getDatabaseConnection()
#20 D:\\url_sorter\\url-shortener\\vendor\\laravel\\framework\\src\\Illuminate\\Support\\Manager.php(106): Illuminate\\Session\\SessionManager->createDatabaseDriver()
#21 D:\\url_sorter\\url-shortener\\vendor\\laravel\\framework\\src\\Illuminate\\Support\\Manager.php(80): Illuminate\\Support\\Manager->createDriver()
#22 D:\\url_sorter\\url-shortener\\vendor\\laravel\\framework\\src\\Illuminate\\Session\\SessionServiceProvider.php(52): Illuminate\\Support\\Manager->driver()
#23 D:\\url_sorter\\url-shortener\\vendor\\laravel\\framework\\src\\Illuminate\\Container\\Container.php(952): Illuminate\\Session\\SessionServiceProvider->{closure:Illuminate\\Session\\SessionServiceProvider::registerSessionDriver():48}()
#24 D:\\url_sorter\\url-shortener\\vendor\\laravel\\framework\\src\\Illuminate\\Container\\Container.php(832): Illuminate\\Container\\Container->build()
#25 D:\\url_sorter\\url-shortener\\vendor\\laravel\\framework\\src\\Illuminate\\Foundation\\Application.php(1078): Illuminate\\Container\\Container->resolve()
#26 D:\\url_sorter\\url-shortener\\vendor\\laravel\\framework\\src\\Illuminate\\Container\\Container.php(763): Illuminate\\Foundation\\Application->resolve()
#27 D:\\url_sorter\\url-shortener\\vendor\\laravel\\framework\\src\\Illuminate\\Foundation\\Application.php(1058): Illuminate\\Container\\Container->make()
#28 D:\\url_sorter\\url-shortener\\vendor\\laravel\\framework\\src\\Illuminate\\Container\\Container.php(1580): Illuminate\\Foundation\\Application->make()
#29 D:\\url_sorter\\url-shortener\\vendor\\laravel\\framework\\src\\Illuminate\\Routing\\RoutingServiceProvider.php(121): Illuminate\\Container\\Container->offsetGet()
#30 D:\\url_sorter\\url-shortener\\vendor\\laravel\\framework\\src\\Illuminate\\Container\\Container.php(952): Illuminate\\Routing\\RoutingServiceProvider->{closure:Illuminate\\Routing\\RoutingServiceProvider::registerRedirector():114}()
#31 D:\\url_sorter\\url-shortener\\vendor\\laravel\\framework\\src\\Illuminate\\Container\\Container.php(832): Illuminate\\Container\\Container->build()
#32 D:\\url_sorter\\url-shortener\\vendor\\laravel\\framework\\src\\Illuminate\\Foundation\\Application.php(1078): Illuminate\\Container\\Container->resolve()
#33 D:\\url_sorter\\url-shortener\\vendor\\laravel\\framework\\src\\Illuminate\\Container\\Container.php(763): Illuminate\\Foundation\\Application->resolve()
#34 D:\\url_sorter\\url-shortener\\vendor\\laravel\\framework\\src\\Illuminate\\Foundation\\Application.php(1058): Illuminate\\Container\\Container->make()
#35 D:\\url_sorter\\url-shortener\\vendor\\laravel\\framework\\src\\Illuminate\\Container\\Container.php(1580): Illuminate\\Foundation\\Application->make()
#36 D:\\url_sorter\\url-shortener\\vendor\\laravel\\framework\\src\\Illuminate\\Routing\\RoutingServiceProvider.php(177): Illuminate\\Container\\Container->offsetGet()
#37 D:\\url_sorter\\url-shortener\\vendor\\laravel\\framework\\src\\Illuminate\\Container\\Container.php(952): Illuminate\\Routing\\RoutingServiceProvider->{closure:Illuminate\\Routing\\RoutingServiceProvider::registerResponseFactory():176}()
#38 D:\\url_sorter\\url-shortener\\vendor\\laravel\\framework\\src\\Illuminate\\Container\\Container.php(832): Illuminate\\Container\\Container->build()
#39 D:\\url_sorter\\url-shortener\\vendor\\laravel\\framework\\src\\Illuminate\\Foundation\\Application.php(1078): Illuminate\\Container\\Container->resolve()
#40 D:\\url_sorter\\url-shortener\\vendor\\laravel\\framework\\src\\Illuminate\\Container\\Container.php(763): Illuminate\\Foundation\\Application->resolve()
#41 D:\\url_sorter\\url-shortener\\vendor\\laravel\\framework\\src\\Illuminate\\Foundation\\Application.php(1058): Illuminate\\Container\\Container->make()
#42 D:\\url_sorter\\url-shortener\\vendor\\laravel\\framework\\src\\Illuminate\\Foundation\\helpers.php(124): Illuminate\\Foundation\\Application->make()
#43 D:\\url_sorter\\url-shortener\\vendor\\laravel\\framework\\src\\Illuminate\\Foundation\\helpers.php(832): app()
#44 D:\\url_sorter\\url-shortener\\vendor\\laravel\\framework\\src\\Illuminate\\Foundation\\Exceptions\\Handler.php(894): response()
#45 D:\\url_sorter\\url-shortener\\vendor\\laravel\\framework\\src\\Illuminate\\Foundation\\Exceptions\\Handler.php(815): Illuminate\\Foundation\\Exceptions\\Handler->renderHttpException()
#46 D:\\url_sorter\\url-shortener\\vendor\\laravel\\framework\\src\\Illuminate\\Foundation\\Exceptions\\Handler.php(706): Illuminate\\Foundation\\Exceptions\\Handler->prepareResponse()
#47 D:\\url_sorter\\url-shortener\\vendor\\laravel\\framework\\src\\Illuminate\\Foundation\\Exceptions\\Handler.php(594): Illuminate\\Foundation\\Exceptions\\Handler->renderExceptionResponse()
#48 D:\\url_sorter\\url-shortener\\vendor\\laravel\\framework\\src\\Illuminate\\Routing\\Pipeline.php(51): Illuminate\\Foundation\\Exceptions\\Handler->render()
#49 D:\\url_sorter\\url-shortener\\vendor\\laravel\\framework\\src\\Illuminate\\Pipeline\\Pipeline.php(172): Illuminate\\Routing\\Pipeline->handleException()
#50 D:\\url_sorter\\url-shortener\\vendor\\laravel\\framework\\src\\Illuminate\\Foundation\\Http\\Middleware\\TransformsRequest.php(21): Illuminate\\Pipeline\\Pipeline->{closure:Illuminate\\Pipeline\\Pipeline::prepareDestination():168}()
#51 D:\\url_sorter\\url-shortener\\vendor\\laravel\\framework\\src\\Illuminate\\Foundation\\Http\\Middleware\\ConvertEmptyStringsToNull.php(31): Illuminate\\Foundation\\Http\\Middleware\\TransformsRequest->handle()
#52 D:\\url_sorter\\url-shortener\\vendor\\laravel\\framework\\src\\Illuminate\\Pipeline\\Pipeline.php(209): Illuminate\\Foundation\\Http\\Middleware\\ConvertEmptyStringsToNull->handle()
#53 D:\\url_sorter\\url-shortener\\vendor\\laravel\\framework\\src\\Illuminate\\Foundation\\Http\\Middleware\\TransformsRequest.php(21): Illuminate\\Pipeline\\Pipeline->{closure:{closure:Illuminate\\Pipeline\\Pipeline::carry():184}:185}()
#54 D:\\url_sorter\\url-shortener\\vendor\\laravel\\framework\\src\\Illuminate\\Foundation\\Http\\Middleware\\TrimStrings.php(51): Illuminate\\Foundation\\Http\\Middleware\\TransformsRequest->handle()
#55 D:\\url_sorter\\url-shortener\\vendor\\laravel\\framework\\src\\Illuminate\\Pipeline\\Pipeline.php(209): Illuminate\\Foundation\\Http\\Middleware\\TrimStrings->handle()
#56 D:\\url_sorter\\url-shortener\\vendor\\laravel\\framework\\src\\Illuminate\\Http\\Middleware\\ValidatePostSize.php(27): Illuminate\\Pipeline\\Pipeline->{closure:{closure:Illuminate\\Pipeline\\Pipeline::carry():184}:185}()
#57 D:\\url_sorter\\url-shortener\\vendor\\laravel\\framework\\src\\Illuminate\\Pipeline\\Pipeline.php(209): Illuminate\\Http\\Middleware\\ValidatePostSize->handle()
#58 D:\\url_sorter\\url-shortener\\vendor\\laravel\\framework\\src\\Illuminate\\Foundation\\Http\\Middleware\\PreventRequestsDuringMaintenance.php(110): Illuminate\\Pipeline\\Pipeline->{closure:{closure:Illuminate\\Pipeline\\Pipeline::carry():184}:185}()
#59 D:\\url_sorter\\url-shortener\\vendor\\laravel\\framework\\src\\Illuminate\\Pipeline\\Pipeline.php(209): Illuminate\\Foundation\\Http\\Middleware\\PreventRequestsDuringMaintenance->handle()
#60 D:\\url_sorter\\url-shortener\\vendor\\laravel\\framework\\src\\Illuminate\\Http\\Middleware\\HandleCors.php(49): Illuminate\\Pipeline\\Pipeline->{closure:{closure:Illuminate\\Pipeline\\Pipeline::carry():184}:185}()
#61 D:\\url_sorter\\url-shortener\\vendor\\laravel\\framework\\src\\Illuminate\\Pipeline\\Pipeline.php(209): Illuminate\\Http\\Middleware\\HandleCors->handle()
#62 D:\\url_sorter\\url-shortener\\vendor\\laravel\\framework\\src\\Illuminate\\Http\\Middleware\\TrustProxies.php(58): Illuminate\\Pipeline\\Pipeline->{closure:{closure:Illuminate\\Pipeline\\Pipeline::carry():184}:185}()
#63 D:\\url_sorter\\url-shortener\\vendor\\laravel\\framework\\src\\Illuminate\\Pipeline\\Pipeline.php(209): Illuminate\\Http\\Middleware\\TrustProxies->handle()
#64 D:\\url_sorter\\url-shortener\\vendor\\laravel\\framework\\src\\Illuminate\\Foundation\\Http\\Middleware\\InvokeDeferredCallbacks.php(22): Illuminate\\Pipeline\\Pipeline->{closure:{closure:Illuminate\\Pipeline\\Pipeline::carry():184}:185}()
#65 D:\\url_sorter\\url-shortener\\vendor\\laravel\\framework\\src\\Illuminate\\Pipeline\\Pipeline.php(209): Illuminate\\Foundation\\Http\\Middleware\\InvokeDeferredCallbacks->handle()
#66 D:\\url_sorter\\url-shortener\\vendor\\laravel\\framework\\src\\Illuminate\\Pipeline\\Pipeline.php(127): Illuminate\\Pipeline\\Pipeline->{closure:{closure:Illuminate\\Pipeline\\Pipeline::carry():184}:185}()
#67 D:\\url_sorter\\url-shortener\\vendor\\laravel\\framework\\src\\Illuminate\\Foundation\\Http\\Kernel.php(176): Illuminate\\Pipeline\\Pipeline->then()
#68 D:\\url_sorter\\url-shortener\\vendor\\laravel\\framework\\src\\Illuminate\\Foundation\\Http\\Kernel.php(145): Illuminate\\Foundation\\Http\\Kernel->sendRequestThroughRouter()
#69 D:\\url_sorter\\url-shortener\\vendor\\laravel\\framework\\src\\Illuminate\\Foundation\\Application.php(1220): Illuminate\\Foundation\\Http\\Kernel->handle()
#70 D:\\url_sorter\\url-shortener\\public\\index.php(20): Illuminate\\Foundation\\Application->handleRequest()
#71 D:\\url_sorter\\url-shortener\\vendor\\laravel\\framework\\src\\Illuminate\\Foundation\\resources\\server.php(23): require_once('...')
#72 {main}
"} 
[2025-12-06 16:45:42] local.ERROR: could not find driver (Connection: sqlite, SQL: PRAGMA foreign_keys = ON;) {"exception":"[object] (Illuminate\\Database\\QueryException(code: 0): could not find driver (Connection: sqlite, SQL: PRAGMA foreign_keys = ON;) at D:\\url_sorter\\url-shortener\\vendor\\laravel\\framework\\src\\Illuminate\\Database\\Connection.php:825)
[stacktrace]
#0 D:\\url_sorter\\url-shortener\\vendor\\laravel\\framework\\src\\Illuminate\\Database\\Connection.php(779): Illuminate\\Database\\Connection->runQueryCallback()
#1 D:\\url_sorter\\url-shortener\\vendor\\laravel\\framework\\src\\Illuminate\\Database\\Connection.php(560): Illuminate\\Database\\Connection->run()
#2 D:\\url_sorter\\url-shortener\\vendor\\laravel\\framework\\src\\Illuminate\\Database\\Schema\\Builder.php(522): Illuminate\\Database\\Connection->statement()
#3 D:\\url_sorter\\url-shortener\\vendor\\laravel\\framework\\src\\Illuminate\\Database\\SQLiteConnection.php(59): Illuminate\\Database\\Schema\\Builder->enableForeignKeyConstraints()
#4 D:\\url_sorter\\url-shortener\\vendor\\laravel\\framework\\src\\Illuminate\\Database\\SQLiteConnection.php(28): Illuminate\\Database\\SQLiteConnection->configureForeignKeyConstraints()
#5 D:\\url_sorter\\url-shortener\\vendor\\laravel\\framework\\src\\Illuminate\\Database\\Connectors\\ConnectionFactory.php(277): Illuminate\\Database\\SQLiteConnection->__construct()
#6 D:\\url_sorter\\url-shortener\\vendor\\laravel\\framework\\src\\Illuminate\\Database\\Connectors\\ConnectionFactory.php(76): Illuminate\\Database\\Connectors\\ConnectionFactory->createConnection()
#7 D:\\url_sorter\\url-shortener\\vendor\\laravel\\framework\\src\\Illuminate\\Database\\Connectors\\ConnectionFactory.php(51): Illuminate\\Database\\Connectors\\ConnectionFactory->createSingleConnection()
#8 D:\\url_sorter\\url-shortener\\vendor\\laravel\\framework\\src\\Illuminate\\Database\\DatabaseManager.php(207): Illuminate\\Database\\Connectors\\ConnectionFactory->make()
#9 D:\\url_sorter\\url-shortener\\vendor\\laravel\\framework\\src\\Illuminate\\Database\\DatabaseManager.php(103): Illuminate\\Database\\DatabaseManager->makeConnection()
#10 D:\\url_sorter\\url-shortener\\vendor\\laravel\\framework\\src\\Illuminate\\Session\\SessionManager.php(108): Illuminate\\Database\\DatabaseManager->connection()
#11 D:\\url_sorter\\url-shortener\\vendor\\laravel\\framework\\src\\Illuminate\\Session\\SessionManager.php(95): Illuminate\\Session\\SessionManager->getDatabaseConnection()
#12 D:\\url_sorter\\url-shortener\\vendor\\laravel\\framework\\src\\Illuminate\\Support\\Manager.php(106): Illuminate\\Session\\SessionManager->createDatabaseDriver()
#13 D:\\url_sorter\\url-shortener\\vendor\\laravel\\framework\\src\\Illuminate\\Support\\Manager.php(80): Illuminate\\Support\\Manager->createDriver()
#14 D:\\url_sorter\\url-shortener\\vendor\\laravel\\framework\\src\\Illuminate\\Session\\SessionServiceProvider.php(52): Illuminate\\Support\\Manager->driver()
#15 D:\\url_sorter\\url-shortener\\vendor\\laravel\\framework\\src\\Illuminate\\Container\\Container.php(952): Illuminate\\Session\\SessionServiceProvider->{closure:Illuminate\\Session\\SessionServiceProvider::registerSessionDriver():48}()
#16 D:\\url_sorter\\url-shortener\\vendor\\laravel\\framework\\src\\Illuminate\\Container\\Container.php(832): Illuminate\\Container\\Container->build()
#17 D:\\url_sorter\\url-shortener\\vendor\\laravel\\framework\\src\\Illuminate\\Foundation\\Application.php(1078): Illuminate\\Container\\Container->resolve()
#18 D:\\url_sorter\\url-shortener\\vendor\\laravel\\framework\\src\\Illuminate\\Container\\Container.php(763): Illuminate\\Foundation\\Application->resolve()
#19 D:\\url_sorter\\url-shortener\\vendor\\laravel\\framework\\src\\Illuminate\\Foundation\\Application.php(1058): Illuminate\\Container\\Container->make()
#20 D:\\url_sorter\\url-shortener\\vendor\\laravel\\framework\\src\\Illuminate\\Container\\Container.php(1580): Illuminate\\Foundation\\Application->make()
#21 D:\\url_sorter\\url-shortener\\vendor\\laravel\\framework\\src\\Illuminate\\Routing\\RoutingServiceProvider.php(121): Illuminate\\Container\\Container->offsetGet()
#22 D:\\url_sorter\\url-shortener\\vendor\\laravel\\framework\\src\\Illuminate\\Container\\Container.php(952): Illuminate\\Routing\\RoutingServiceProvider->{closure:Illuminate\\Routing\\RoutingServiceProvider::registerRedirector():114}()
#23 D:\\url_sorter\\url-shortener\\vendor\\laravel\\framework\\src\\Illuminate\\Container\\Container.php(832): Illuminate\\Container\\Container->build()
#24 D:\\url_sorter\\url-shortener\\vendor\\laravel\\framework\\src\\Illuminate\\Foundation\\Application.php(1078): Illuminate\\Container\\Container->resolve()
#25 D:\\url_sorter\\url-shortener\\vendor\\laravel\\framework\\src\\Illuminate\\Container\\Container.php(763): Illuminate\\Foundation\\Application->resolve()
#26 D:\\url_sorter\\url-shortener\\vendor\\laravel\\framework\\src\\Illuminate\\Foundation\\Application.php(1058): Illuminate\\Container\\Container->make()
#27 D:\\url_sorter\\url-shortener\\vendor\\laravel\\framework\\src\\Illuminate\\Container\\Container.php(1580): Illuminate\\Foundation\\Application->make()
#28 D:\\url_sorter\\url-shortener\\vendor\\laravel\\framework\\src\\Illuminate\\Routing\\RoutingServiceProvider.php(177): Illuminate\\Container\\Container->offsetGet()
#29 D:\\url_sorter\\url-shortener\\vendor\\laravel\\framework\\src\\Illuminate\\Container\\Container.php(952): Illuminate\\Routing\\RoutingServiceProvider->{closure:Illuminate\\Routing\\RoutingServiceProvider::registerResponseFactory():176}()
#30 D:\\url_sorter\\url-shortener\\vendor\\laravel\\framework\\src\\Illuminate\\Container\\Container.php(832): Illuminate\\Container\\Container->build()
#31 D:\\url_sorter\\url-shortener\\vendor\\laravel\\framework\\src\\Illuminate\\Foundation\\Application.php(1078): Illuminate\\Container\\Container->resolve()
#32 D:\\url_sorter\\url-shortener\\vendor\\laravel\\framework\\src\\Illuminate\\Container\\Container.php(763): Illuminate\\Foundation\\Application->resolve()
#33 D:\\url_sorter\\url-shortener\\vendor\\laravel\\framework\\src\\Illuminate\\Foundation\\Application.php(1058): Illuminate\\Container\\Container->make()
#34 D:\\url_sorter\\url-shortener\\vendor\\laravel\\framework\\src\\Illuminate\\Foundation\\helpers.php(124): Illuminate\\Foundation\\Application->make()
#35 D:\\url_sorter\\url-shortener\\vendor\\laravel\\framework\\src\\Illuminate\\Foundation\\helpers.php(832): app()
#36 D:\\url_sorter\\url-shortener\\vendor\\laravel\\framework\\src\\Illuminate\\Foundation\\Exceptions\\Handler.php(894): response()
#37 D:\\url_sorter\\url-shortener\\vendor\\laravel\\framework\\src\\Illuminate\\Foundation\\Exceptions\\Handler.php(815): Illuminate\\Foundation\\Exceptions\\Handler->renderHttpException()
#38 D:\\url_sorter\\url-shortener\\vendor\\laravel\\framework\\src\\Illuminate\\Foundation\\Exceptions\\Handler.php(706): Illuminate\\Foundation\\Exceptions\\Handler->prepareResponse()
#39 D:\\url_sorter\\url-shortener\\vendor\\laravel\\framework\\src\\Illuminate\\Foundation\\Exceptions\\Handler.php(594): Illuminate\\Foundation\\Exceptions\\Handler->renderExceptionResponse()
#40 D:\\url_sorter\\url-shortener\\vendor\\laravel\\framework\\src\\Illuminate\\Routing\\Pipeline.php(51): Illuminate\\Foundation\\Exceptions\\Handler->render()
#41 D:\\url_sorter\\url-shortener\\vendor\\laravel\\framework\\src\\Illuminate\\Pipeline\\Pipeline.php(172): Illuminate\\Routing\\Pipeline->handleException()
#42 D:\\url_sorter\\url-shortener\\vendor\\laravel\\framework\\src\\Illuminate\\Foundation\\Http\\Middleware\\TransformsRequest.php(21): Illuminate\\Pipeline\\Pipeline->{closure:Illuminate\\Pipeline\\Pipeline::prepareDestination():168}()
#43 D:\\url_sorter\\url-shortener\\vendor\\laravel\\framework\\src\\Illuminate\\Foundation\\Http\\Middleware\\ConvertEmptyStringsToNull.php(31): Illuminate\\Foundation\\Http\\Middleware\\TransformsRequest->handle()
#44 D:\\url_sorter\\url-shortener\\vendor\\laravel\\framework\\src\\Illuminate\\Pipeline\\Pipeline.php(209): Illuminate\\Foundation\\Http\\Middleware\\ConvertEmptyStringsToNull->handle()
#45 D:\\url_sorter\\url-shortener\\vendor\\laravel\\framework\\src\\Illuminate\\Foundation\\Http\\Middleware\\TransformsRequest.php(21): Illuminate\\Pipeline\\Pipeline->{closure:{closure:Illuminate\\Pipeline\\Pipeline::carry():184}:185}()
#46 D:\\url_sorter\\url-shortener\\vendor\\laravel\\framework\\src\\Illuminate\\Foundation\\Http\\Middleware\\TrimStrings.php(51): Illuminate\\Foundation\\Http\\Middleware\\TransformsRequest->handle()
#47 D:\\url_sorter\\url-shortener\\vendor\\laravel\\framework\\src\\Illuminate\\Pipeline\\Pipeline.php(209): Illuminate\\Foundation\\Http\\Middleware\\TrimStrings->handle()
#48 D:\\url_sorter\\url-shortener\\vendor\\laravel\\framework\\src\\Illuminate\\Http\\Middleware\\ValidatePostSize.php(27): Illuminate\\Pipeline\\Pipeline->{closure:{closure:Illuminate\\Pipeline\\Pipeline::carry():184}:185}()
#49 D:\\url_sorter\\url-shortener\\vendor\\laravel\\framework\\src\\Illuminate\\Pipeline\\Pipeline.php(209): Illuminate\\Http\\Middleware\\ValidatePostSize->handle()
#50 D:\\url_sorter\\url-shortener\\vendor\\laravel\\framework\\src\\Illuminate\\Foundation\\Http\\Middleware\\PreventRequestsDuringMaintenance.php(110): Illuminate\\Pipeline\\Pipeline->{closure:{closure:Illuminate\\Pipeline\\Pipeline::carry():184}:185}()
#51 D:\\url_sorter\\url-shortener\\vendor\\laravel\\framework\\src\\Illuminate\\Pipeline\\Pipeline.php(209): Illuminate\\Foundation\\Http\\Middleware\\PreventRequestsDuringMaintenance->handle()
#52 D:\\url_sorter\\url-shortener\\vendor\\laravel\\framework\\src\\Illuminate\\Http\\Middleware\\HandleCors.php(49): Illuminate\\Pipeline\\Pipeline->{closure:{closure:Illuminate\\Pipeline\\Pipeline::carry():184}:185}()
#53 D:\\url_sorter\\url-shortener\\vendor\\laravel\\framework\\src\\Illuminate\\Pipeline\\Pipeline.php(209): Illuminate\\Http\\Middleware\\HandleCors->handle()
#54 D:\\url_sorter\\url-shortener\\vendor\\laravel\\framework\\src\\Illuminate\\Http\\Middleware\\TrustProxies.php(58): Illuminate\\Pipeline\\Pipeline->{closure:{closure:Illuminate\\Pipeline\\Pipeline::carry():184}:185}()
#55 D:\\url_sorter\\url-shortener\\vendor\\laravel\\framework\\src\\Illuminate\\Pipeline\\Pipeline.php(209): Illuminate\\Http\\Middleware\\TrustProxies->handle()
#56 D:\\url_sorter\\url-shortener\\vendor\\laravel\\framework\\src\\Illuminate\\Foundation\\Http\\Middleware\\InvokeDeferredCallbacks.php(22): Illuminate\\Pipeline\\Pipeline->{closure:{closure:Illuminate\\Pipeline\\Pipeline::carry():184}:185}()
#57 D:\\url_sorter\\url-shortener\\vendor\\laravel\\framework\\src\\Illuminate\\Pipeline\\Pipeline.php(209): Illuminate\\Foundation\\Http\\Middleware\\InvokeDeferredCallbacks->handle()
#58 D:\\url_sorter\\url-shortener\\vendor\\laravel\\framework\\src\\Illuminate\\Pipeline\\Pipeline.php(127): Illuminate\\Pipeline\\Pipeline->{closure:{closure:Illuminate\\Pipeline\\Pipeline::carry():184}:185}()
#59 D:\\url_sorter\\url-shortener\\vendor\\laravel\\framework\\src\\Illuminate\\Foundation\\Http\\Kernel.php(176): Illuminate\\Pipeline\\Pipeline->then()
#60 D:\\url_sorter\\url-shortener\\vendor\\laravel\\framework\\src\\Illuminate\\Foundation\\Http\\Kernel.php(145): Illuminate\\Foundation\\Http\\Kernel->sendRequestThroughRouter()
#61 D:\\url_sorter\\url-shortener\\vendor\\laravel\\framework\\src\\Illuminate\\Foundation\\Application.php(1220): Illuminate\\Foundation\\Http\\Kernel->handle()
#62 D:\\url_sorter\\url-shortener\\public\\index.php(20): Illuminate\\Foundation\\Application->handleRequest()
#63 D:\\url_sorter\\url-shortener\\vendor\\laravel\\framework\\src\\Illuminate\\Foundation\\resources\\server.php(23): require_once('...')
#64 {main}

[previous exception] [object] (PDOException(code: 0): could not find driver at D:\\url_sorter\\url-shortener\\vendor\\laravel\\framework\\src\\Illuminate\\Database\\Connectors\\Connector.php:67)
[stacktrace]
#0 D:\\url_sorter\\url-shortener\\vendor\\laravel\\framework\\src\\Illuminate\\Database\\Connectors\\Connector.php(67): PDO::connect()
#1 D:\\url_sorter\\url-shortener\\vendor\\laravel\\framework\\src\\Illuminate\\Database\\Connectors\\Connector.php(44): Illuminate\\Database\\Connectors\\Connector->createPdoConnection()
#2 D:\\url_sorter\\url-shortener\\vendor\\laravel\\framework\\src\\Illuminate\\Database\\Connectors\\SQLiteConnector.php(40): Illuminate\\Database\\Connectors\\Connector->createConnection()
#3 D:\\url_sorter\\url-shortener\\vendor\\laravel\\framework\\src\\Illuminate\\Database\\Connectors\\ConnectionFactory.php(224): Illuminate\\Database\\Connectors\\SQLiteConnector->connect()
#4 [internal function]: Illuminate\\Database\\Connectors\\ConnectionFactory->{closure:Illuminate\\Database\\Connectors\\ConnectionFactory::createPdoResolverWithoutHosts():224}()
#5 D:\\url_sorter\\url-shortener\\vendor\\laravel\\framework\\src\\Illuminate\\Database\\Connection.php(1231): call_user_func()
#6 D:\\url_sorter\\url-shortener\\vendor\\laravel\\framework\\src\\Illuminate\\Database\\Connection.php(565): Illuminate\\Database\\Connection->getPdo()
#7 D:\\url_sorter\\url-shortener\\vendor\\laravel\\framework\\src\\Illuminate\\Database\\Connection.php(812): Illuminate\\Database\\Connection->{closure:Illuminate\\Database\\Connection::statement():560}()
#8 D:\\url_sorter\\url-shortener\\vendor\\laravel\\framework\\src\\Illuminate\\Database\\Connection.php(779): Illuminate\\Database\\Connection->runQueryCallback()
#9 D:\\url_sorter\\url-shortener\\vendor\\laravel\\framework\\src\\Illuminate\\Database\\Connection.php(560): Illuminate\\Database\\Connection->run()
#10 D:\\url_sorter\\url-shortener\\vendor\\laravel\\framework\\src\\Illuminate\\Database\\Schema\\Builder.php(522): Illuminate\\Database\\Connection->statement()
#11 D:\\url_sorter\\url-shortener\\vendor\\laravel\\framework\\src\\Illuminate\\Database\\SQLiteConnection.php(59): Illuminate\\Database\\Schema\\Builder->enableForeignKeyConstraints()
#12 D:\\url_sorter\\url-shortener\\vendor\\laravel\\framework\\src\\Illuminate\\Database\\SQLiteConnection.php(28): Illuminate\\Database\\SQLiteConnection->configureForeignKeyConstraints()
#13 D:\\url_sorter\\url-shortener\\vendor\\laravel\\framework\\src\\Illuminate\\Database\\Connectors\\ConnectionFactory.php(277): Illuminate\\Database\\SQLiteConnection->__construct()
#14 D:\\url_sorter\\url-shortener\\vendor\\laravel\\framework\\src\\Illuminate\\Database\\Connectors\\ConnectionFactory.php(76): Illuminate\\Database\\Connectors\\ConnectionFactory->createConnection()
#15 D:\\url_sorter\\url-shortener\\vendor\\laravel\\framework\\src\\Illuminate\\Database\\Connectors\\ConnectionFactory.php(51): Illuminate\\Database\\Connectors\\ConnectionFactory->createSingleConnection()
#16 D:\\url_sorter\\url-shortener\\vendor\\laravel\\framework\\src\\Illuminate\\Database\\DatabaseManager.php(207): Illuminate\\Database\\Connectors\\ConnectionFactory->make()
#17 D:\\url_sorter\\url-shortener\\vendor\\laravel\\framework\\src\\Illuminate\\Database\\DatabaseManager.php(103): Illuminate\\Database\\DatabaseManager->makeConnection()
#18 D:\\url_sorter\\url-shortener\\vendor\\laravel\\framework\\src\\Illuminate\\Session\\SessionManager.php(108): Illuminate\\Database\\DatabaseManager->connection()
#19 D:\\url_sorter\\url-shortener\\vendor\\laravel\\framework\\src\\Illuminate\\Session\\SessionManager.php(95): Illuminate\\Session\\SessionManager->getDatabaseConnection()
#20 D:\\url_sorter\\url-shortener\\vendor\\laravel\\framework\\src\\Illuminate\\Support\\Manager.php(106): Illuminate\\Session\\SessionManager->createDatabaseDriver()
#21 D:\\url_sorter\\url-shortener\\vendor\\laravel\\framework\\src\\Illuminate\\Support\\Manager.php(80): Illuminate\\Support\\Manager->createDriver()
#22 D:\\url_sorter\\url-shortener\\vendor\\laravel\\framework\\src\\Illuminate\\Session\\SessionServiceProvider.php(52): Illuminate\\Support\\Manager->driver()
#23 D:\\url_sorter\\url-shortener\\vendor\\laravel\\framework\\src\\Illuminate\\Container\\Container.php(952): Illuminate\\Session\\SessionServiceProvider->{closure:Illuminate\\Session\\SessionServiceProvider::registerSessionDriver():48}()
#24 D:\\url_sorter\\url-shortener\\vendor\\laravel\\framework\\src\\Illuminate\\Container\\Container.php(832): Illuminate\\Container\\Container->build()
#25 D:\\url_sorter\\url-shortener\\vendor\\laravel\\framework\\src\\Illuminate\\Foundation\\Application.php(1078): Illuminate\\Container\\Container->resolve()
#26 D:\\url_sorter\\url-shortener\\vendor\\laravel\\framework\\src\\Illuminate\\Container\\Container.php(763): Illuminate\\Foundation\\Application->resolve()
#27 D:\\url_sorter\\url-shortener\\vendor\\laravel\\framework\\src\\Illuminate\\Foundation\\Application.php(1058): Illuminate\\Container\\Container->make()
#28 D:\\url_sorter\\url-shortener\\vendor\\laravel\\framework\\src\\Illuminate\\Container\\Container.php(1580): Illuminate\\Foundation\\Application->make()
#29 D:\\url_sorter\\url-shortener\\vendor\\laravel\\framework\\src\\Illuminate\\Routing\\RoutingServiceProvider.php(121): Illuminate\\Container\\Container->offsetGet()
#30 D:\\url_sorter\\url-shortener\\vendor\\laravel\\framework\\src\\Illuminate\\Container\\Container.php(952): Illuminate\\Routing\\RoutingServiceProvider->{closure:Illuminate\\Routing\\RoutingServiceProvider::registerRedirector():114}()
#31 D:\\url_sorter\\url-shortener\\vendor\\laravel\\framework\\src\\Illuminate\\Container\\Container.php(832): Illuminate\\Container\\Container->build()
#32 D:\\url_sorter\\url-shortener\\vendor\\laravel\\framework\\src\\Illuminate\\Foundation\\Application.php(1078): Illuminate\\Container\\Container->resolve()
#33 D:\\url_sorter\\url-shortener\\vendor\\laravel\\framework\\src\\Illuminate\\Container\\Container.php(763): Illuminate\\Foundation\\Application->resolve()
#34 D:\\url_sorter\\url-shortener\\vendor\\laravel\\framework\\src\\Illuminate\\Foundation\\Application.php(1058): Illuminate\\Container\\Container->make()
#35 D:\\url_sorter\\url-shortener\\vendor\\laravel\\framework\\src\\Illuminate\\Container\\Container.php(1580): Illuminate\\Foundation\\Application->make()
#36 D:\\url_sorter\\url-shortener\\vendor\\laravel\\framework\\src\\Illuminate\\Routing\\RoutingServiceProvider.php(177): Illuminate\\Container\\Container->offsetGet()
#37 D:\\url_sorter\\url-shortener\\vendor\\laravel\\framework\\src\\Illuminate\\Container\\Container.php(952): Illuminate\\Routing\\RoutingServiceProvider->{closure:Illuminate\\Routing\\RoutingServiceProvider::registerResponseFactory():176}()
#38 D:\\url_sorter\\url-shortener\\vendor\\laravel\\framework\\src\\Illuminate\\Container\\Container.php(832): Illuminate\\Container\\Container->build()
#39 D:\\url_sorter\\url-shortener\\vendor\\laravel\\framework\\src\\Illuminate\\Foundation\\Application.php(1078): Illuminate\\Container\\Container->resolve()
#40 D:\\url_sorter\\url-shortener\\vendor\\laravel\\framework\\src\\Illuminate\\Container\\Container.php(763): Illuminate\\Foundation\\Application->resolve()
#41 D:\\url_sorter\\url-shortener\\vendor\\laravel\\framework\\src\\Illuminate\\Foundation\\Application.php(1058): Illuminate\\Container\\Container->make()
#42 D:\\url_sorter\\url-shortener\\vendor\\laravel\\framework\\src\\Illuminate\\Foundation\\helpers.php(124): Illuminate\\Foundation\\Application->make()
#43 D:\\url_sorter\\url-shortener\\vendor\\laravel\\framework\\src\\Illuminate\\Foundation\\helpers.php(832): app()
#44 D:\\url_sorter\\url-shortener\\vendor\\laravel\\framework\\src\\Illuminate\\Foundation\\Exceptions\\Handler.php(894): response()
#45 D:\\url_sorter\\url-shortener\\vendor\\laravel\\framework\\src\\Illuminate\\Foundation\\Exceptions\\Handler.php(815): Illuminate\\Foundation\\Exceptions\\Handler->renderHttpException()
#46 D:\\url_sorter\\url-shortener\\vendor\\laravel\\framework\\src\\Illuminate\\Foundation\\Exceptions\\Handler.php(706): Illuminate\\Foundation\\Exceptions\\Handler->prepareResponse()
#47 D:\\url_sorter\\url-shortener\\vendor\\laravel\\framework\\src\\Illuminate\\Foundation\\Exceptions\\Handler.php(594): Illuminate\\Foundation\\Exceptions\\Handler->renderExceptionResponse()
#48 D:\\url_sorter\\url-shortener\\vendor\\laravel\\framework\\src\\Illuminate\\Routing\\Pipeline.php(51): Illuminate\\Foundation\\Exceptions\\Handler->render()
#49 D:\\url_sorter\\url-shortener\\vendor\\laravel\\framework\\src\\Illuminate\\Pipeline\\Pipeline.php(172): Illuminate\\Routing\\Pipeline->handleException()
#50 D:\\url_sorter\\url-shortener\\vendor\\laravel\\framework\\src\\Illuminate\\Foundation\\Http\\Middleware\\TransformsRequest.php(21): Illuminate\\Pipeline\\Pipeline->{closure:Illuminate\\Pipeline\\Pipeline::prepareDestination():168}()
#51 D:\\url_sorter\\url-shortener\\vendor\\laravel\\framework\\src\\Illuminate\\Foundation\\Http\\Middleware\\ConvertEmptyStringsToNull.php(31): Illuminate\\Foundation\\Http\\Middleware\\TransformsRequest->handle()
#52 D:\\url_sorter\\url-shortener\\vendor\\laravel\\framework\\src\\Illuminate\\Pipeline\\Pipeline.php(209): Illuminate\\Foundation\\Http\\Middleware\\ConvertEmptyStringsToNull->handle()
#53 D:\\url_sorter\\url-shortener\\vendor\\laravel\\framework\\src\\Illuminate\\Foundation\\Http\\Middleware\\TransformsRequest.php(21): Illuminate\\Pipeline\\Pipeline->{closure:{closure:Illuminate\\Pipeline\\Pipeline::carry():184}:185}()
#54 D:\\url_sorter\\url-shortener\\vendor\\laravel\\framework\\src\\Illuminate\\Foundation\\Http\\Middleware\\TrimStrings.php(51): Illuminate\\Foundation\\Http\\Middleware\\TransformsRequest->handle()
#55 D:\\url_sorter\\url-shortener\\vendor\\laravel\\framework\\src\\Illuminate\\Pipeline\\Pipeline.php(209): Illuminate\\Foundation\\Http\\Middleware\\TrimStrings->handle()
#56 D:\\url_sorter\\url-shortener\\vendor\\laravel\\framework\\src\\Illuminate\\Http\\Middleware\\ValidatePostSize.php(27): Illuminate\\Pipeline\\Pipeline->{closure:{closure:Illuminate\\Pipeline\\Pipeline::carry():184}:185}()
#57 D:\\url_sorter\\url-shortener\\vendor\\laravel\\framework\\src\\Illuminate\\Pipeline\\Pipeline.php(209): Illuminate\\Http\\Middleware\\ValidatePostSize->handle()
#58 D:\\url_sorter\\url-shortener\\vendor\\laravel\\framework\\src\\Illuminate\\Foundation\\Http\\Middleware\\PreventRequestsDuringMaintenance.php(110): Illuminate\\Pipeline\\Pipeline->{closure:{closure:Illuminate\\Pipeline\\Pipeline::carry():184}:185}()
#59 D:\\url_sorter\\url-shortener\\vendor\\laravel\\framework\\src\\Illuminate\\Pipeline\\Pipeline.php(209): Illuminate\\Foundation\\Http\\Middleware\\PreventRequestsDuringMaintenance->handle()
#60 D:\\url_sorter\\url-shortener\\vendor\\laravel\\framework\\src\\Illuminate\\Http\\Middleware\\HandleCors.php(49): Illuminate\\Pipeline\\Pipeline->{closure:{closure:Illuminate\\Pipeline\\Pipeline::carry():184}:185}()
#61 D:\\url_sorter\\url-shortener\\vendor\\laravel\\framework\\src\\Illuminate\\Pipeline\\Pipeline.php(209): Illuminate\\Http\\Middleware\\HandleCors->handle()
#62 D:\\url_sorter\\url-shortener\\vendor\\laravel\\framework\\src\\Illuminate\\Http\\Middleware\\TrustProxies.php(58): Illuminate\\Pipeline\\Pipeline->{closure:{closure:Illuminate\\Pipeline\\Pipeline::carry():184}:185}()
#63 D:\\url_sorter\\url-shortener\\vendor\\laravel\\framework\\src\\Illuminate\\Pipeline\\Pipeline.php(209): Illuminate\\Http\\Middleware\\TrustProxies->handle()
#64 D:\\url_sorter\\url-shortener\\vendor\\laravel\\framework\\src\\Illuminate\\Foundation\\Http\\Middleware\\InvokeDeferredCallbacks.php(22): Illuminate\\Pipeline\\Pipeline->{closure:{closure:Illuminate\\Pipeline\\Pipeline::carry():184}:185}()
#65 D:\\url_sorter\\url-shortener\\vendor\\laravel\\framework\\src\\Illuminate\\Pipeline\\Pipeline.php(209): Illuminate\\Foundation\\Http\\Middleware\\InvokeDeferredCallbacks->handle()
#66 D:\\url_sorter\\url-shortener\\vendor\\laravel\\framework\\src\\Illuminate\\Pipeline\\Pipeline.php(127): Illuminate\\Pipeline\\Pipeline->{closure:{closure:Illuminate\\Pipeline\\Pipeline::carry():184}:185}()
#67 D:\\url_sorter\\url-shortener\\vendor\\laravel\\framework\\src\\Illuminate\\Foundation\\Http\\Kernel.php(176): Illuminate\\Pipeline\\Pipeline->then()
#68 D:\\url_sorter\\url-shortener\\vendor\\laravel\\framework\\src\\Illuminate\\Foundation\\Http\\Kernel.php(145): Illuminate\\Foundation\\Http\\Kernel->sendRequestThroughRouter()
#69 D:\\url_sorter\\url-shortener\\vendor\\laravel\\framework\\src\\Illuminate\\Foundation\\Application.php(1220): Illuminate\\Foundation\\Http\\Kernel->handle()
#70 D:\\url_sorter\\url-shortener\\public\\index.php(20): Illuminate\\Foundation\\Application->handleRequest()
#71 D:\\url_sorter\\url-shortener\\vendor\\laravel\\framework\\src\\Illuminate\\Foundation\\resources\\server.php(23): require_once('...')
#72 {main}
"} 
[2025-12-06 16:45:54] local.ERROR: could not find driver (Connection: sqlite, SQL: PRAGMA foreign_keys = ON;) {"exception":"[object] (Illuminate\\Database\\QueryException(code: 0): could not find driver (Connection: sqlite, SQL: PRAGMA foreign_keys = ON;) at D:\\url_sorter\\url-shortener\\vendor\\laravel\\framework\\src\\Illuminate\\Database\\Connection.php:825)
[stacktrace]
#0 D:\\url_sorter\\url-shortener\\vendor\\laravel\\framework\\src\\Illuminate\\Database\\Connection.php(779): Illuminate\\Database\\Connection->runQueryCallback()
#1 D:\\url_sorter\\url-shortener\\vendor\\laravel\\framework\\src\\Illuminate\\Database\\Connection.php(560): Illuminate\\Database\\Connection->run()
#2 D:\\url_sorter\\url-shortener\\vendor\\laravel\\framework\\src\\Illuminate\\Database\\Schema\\Builder.php(522): Illuminate\\Database\\Connection->statement()
#3 D:\\url_sorter\\url-shortener\\vendor\\laravel\\framework\\src\\Illuminate\\Database\\SQLiteConnection.php(59): Illuminate\\Database\\Schema\\Builder->enableForeignKeyConstraints()
#4 D:\\url_sorter\\url-shortener\\vendor\\laravel\\framework\\src\\Illuminate\\Database\\SQLiteConnection.php(28): Illuminate\\Database\\SQLiteConnection->configureForeignKeyConstraints()
#5 D:\\url_sorter\\url-shortener\\vendor\\laravel\\framework\\src\\Illuminate\\Database\\Connectors\\ConnectionFactory.php(277): Illuminate\\Database\\SQLiteConnection->__construct()
#6 D:\\url_sorter\\url-shortener\\vendor\\laravel\\framework\\src\\Illuminate\\Database\\Connectors\\ConnectionFactory.php(76): Illuminate\\Database\\Connectors\\ConnectionFactory->createConnection()
#7 D:\\url_sorter\\url-shortener\\vendor\\laravel\\framework\\src\\Illuminate\\Database\\Connectors\\ConnectionFactory.php(51): Illuminate\\Database\\Connectors\\ConnectionFactory->createSingleConnection()
#8 D:\\url_sorter\\url-shortener\\vendor\\laravel\\framework\\src\\Illuminate\\Database\\DatabaseManager.php(207): Illuminate\\Database\\Connectors\\ConnectionFactory->make()
#9 D:\\url_sorter\\url-shortener\\vendor\\laravel\\framework\\src\\Illuminate\\Database\\DatabaseManager.php(103): Illuminate\\Database\\DatabaseManager->makeConnection()
#10 D:\\url_sorter\\url-shortener\\vendor\\laravel\\framework\\src\\Illuminate\\Session\\SessionManager.php(108): Illuminate\\Database\\DatabaseManager->connection()
#11 D:\\url_sorter\\url-shortener\\vendor\\laravel\\framework\\src\\Illuminate\\Session\\SessionManager.php(95): Illuminate\\Session\\SessionManager->getDatabaseConnection()
#12 D:\\url_sorter\\url-shortener\\vendor\\laravel\\framework\\src\\Illuminate\\Support\\Manager.php(106): Illuminate\\Session\\SessionManager->createDatabaseDriver()
#13 D:\\url_sorter\\url-shortener\\vendor\\laravel\\framework\\src\\Illuminate\\Support\\Manager.php(80): Illuminate\\Support\\Manager->createDriver()
#14 D:\\url_sorter\\url-shortener\\vendor\\laravel\\framework\\src\\Illuminate\\Session\\SessionServiceProvider.php(52): Illuminate\\Support\\Manager->driver()
#15 D:\\url_sorter\\url-shortener\\vendor\\laravel\\framework\\src\\Illuminate\\Container\\Container.php(952): Illuminate\\Session\\SessionServiceProvider->{closure:Illuminate\\Session\\SessionServiceProvider::registerSessionDriver():48}()
#16 D:\\url_sorter\\url-shortener\\vendor\\laravel\\framework\\src\\Illuminate\\Container\\Container.php(832): Illuminate\\Container\\Container->build()
#17 D:\\url_sorter\\url-shortener\\vendor\\laravel\\framework\\src\\Illuminate\\Foundation\\Application.php(1078): Illuminate\\Container\\Container->resolve()
#18 D:\\url_sorter\\url-shortener\\vendor\\laravel\\framework\\src\\Illuminate\\Container\\Container.php(763): Illuminate\\Foundation\\Application->resolve()
#19 D:\\url_sorter\\url-shortener\\vendor\\laravel\\framework\\src\\Illuminate\\Foundation\\Application.php(1058): Illuminate\\Container\\Container->make()
#20 D:\\url_sorter\\url-shortener\\vendor\\laravel\\framework\\src\\Illuminate\\Container\\Container.php(1580): Illuminate\\Foundation\\Application->make()
#21 D:\\url_sorter\\url-shortener\\vendor\\laravel\\framework\\src\\Illuminate\\Routing\\RoutingServiceProvider.php(121): Illuminate\\Container\\Container->offsetGet()
#22 D:\\url_sorter\\url-shortener\\vendor\\laravel\\framework\\src\\Illuminate\\Container\\Container.php(952): Illuminate\\Routing\\RoutingServiceProvider->{closure:Illuminate\\Routing\\RoutingServiceProvider::registerRedirector():114}()
#23 D:\\url_sorter\\url-shortener\\vendor\\laravel\\framework\\src\\Illuminate\\Container\\Container.php(832): Illuminate\\Container\\Container->build()
#24 D:\\url_sorter\\url-shortener\\vendor\\laravel\\framework\\src\\Illuminate\\Foundation\\Application.php(1078): Illuminate\\Container\\Container->resolve()
#25 D:\\url_sorter\\url-shortener\\vendor\\laravel\\framework\\src\\Illuminate\\Container\\Container.php(763): Illuminate\\Foundation\\Application->resolve()
#26 D:\\url_sorter\\url-shortener\\vendor\\laravel\\framework\\src\\Illuminate\\Foundation\\Application.php(1058): Illuminate\\Container\\Container->make()
#27 D:\\url_sorter\\url-shortener\\vendor\\laravel\\framework\\src\\Illuminate\\Container\\Container.php(1580): Illuminate\\Foundation\\Application->make()
#28 D:\\url_sorter\\url-shortener\\vendor\\laravel\\framework\\src\\Illuminate\\Routing\\RoutingServiceProvider.php(177): Illuminate\\Container\\Container->offsetGet()
#29 D:\\url_sorter\\url-shortener\\vendor\\laravel\\framework\\src\\Illuminate\\Container\\Container.php(952): Illuminate\\Routing\\RoutingServiceProvider->{closure:Illuminate\\Routing\\RoutingServiceProvider::registerResponseFactory():176}()
#30 D:\\url_sorter\\url-shortener\\vendor\\laravel\\framework\\src\\Illuminate\\Container\\Container.php(832): Illuminate\\Container\\Container->build()
#31 D:\\url_sorter\\url-shortener\\vendor\\laravel\\framework\\src\\Illuminate\\Foundation\\Application.php(1078): Illuminate\\Container\\Container->resolve()
#32 D:\\url_sorter\\url-shortener\\vendor\\laravel\\framework\\src\\Illuminate\\Container\\Container.php(763): Illuminate\\Foundation\\Application->resolve()
#33 D:\\url_sorter\\url-shortener\\vendor\\laravel\\framework\\src\\Illuminate\\Foundation\\Application.php(1058): Illuminate\\Container\\Container->make()
#34 D:\\url_sorter\\url-shortener\\vendor\\laravel\\framework\\src\\Illuminate\\Foundation\\helpers.php(124): Illuminate\\Foundation\\Application->make()
#35 D:\\url_sorter\\url-shortener\\vendor\\laravel\\framework\\src\\Illuminate\\Foundation\\helpers.php(832): app()
#36 D:\\url_sorter\\url-shortener\\vendor\\laravel\\framework\\src\\Illuminate\\Foundation\\Exceptions\\Handler.php(894): response()
#37 D:\\url_sorter\\url-shortener\\vendor\\laravel\\framework\\src\\Illuminate\\Foundation\\Exceptions\\Handler.php(815): Illuminate\\Foundation\\Exceptions\\Handler->renderHttpException()
#38 D:\\url_sorter\\url-shortener\\vendor\\laravel\\framework\\src\\Illuminate\\Foundation\\Exceptions\\Handler.php(706): Illuminate\\Foundation\\Exceptions\\Handler->prepareResponse()
#39 D:\\url_sorter\\url-shortener\\vendor\\laravel\\framework\\src\\Illuminate\\Foundation\\Exceptions\\Handler.php(594): Illuminate\\Foundation\\Exceptions\\Handler->renderExceptionResponse()
#40 D:\\url_sorter\\url-shortener\\vendor\\laravel\\framework\\src\\Illuminate\\Routing\\Pipeline.php(51): Illuminate\\Foundation\\Exceptions\\Handler->render()
#41 D:\\url_sorter\\url-shortener\\vendor\\laravel\\framework\\src\\Illuminate\\Pipeline\\Pipeline.php(172): Illuminate\\Routing\\Pipeline->handleException()
#42 D:\\url_sorter\\url-shortener\\vendor\\laravel\\framework\\src\\Illuminate\\Foundation\\Http\\Middleware\\TransformsRequest.php(21): Illuminate\\Pipeline\\Pipeline->{closure:Illuminate\\Pipeline\\Pipeline::prepareDestination():168}()
#43 D:\\url_sorter\\url-shortener\\vendor\\laravel\\framework\\src\\Illuminate\\Foundation\\Http\\Middleware\\ConvertEmptyStringsToNull.php(31): Illuminate\\Foundation\\Http\\Middleware\\TransformsRequest->handle()
#44 D:\\url_sorter\\url-shortener\\vendor\\laravel\\framework\\src\\Illuminate\\Pipeline\\Pipeline.php(209): Illuminate\\Foundation\\Http\\Middleware\\ConvertEmptyStringsToNull->handle()
#45 D:\\url_sorter\\url-shortener\\vendor\\laravel\\framework\\src\\Illuminate\\Foundation\\Http\\Middleware\\TransformsRequest.php(21): Illuminate\\Pipeline\\Pipeline->{closure:{closure:Illuminate\\Pipeline\\Pipeline::carry():184}:185}()
#46 D:\\url_sorter\\url-shortener\\vendor\\laravel\\framework\\src\\Illuminate\\Foundation\\Http\\Middleware\\TrimStrings.php(51): Illuminate\\Foundation\\Http\\Middleware\\TransformsRequest->handle()
#47 D:\\url_sorter\\url-shortener\\vendor\\laravel\\framework\\src\\Illuminate\\Pipeline\\Pipeline.php(209): Illuminate\\Foundation\\Http\\Middleware\\TrimStrings->handle()
#48 D:\\url_sorter\\url-shortener\\vendor\\laravel\\framework\\src\\Illuminate\\Http\\Middleware\\ValidatePostSize.php(27): Illuminate\\Pipeline\\Pipeline->{closure:{closure:Illuminate\\Pipeline\\Pipeline::carry():184}:185}()
#49 D:\\url_sorter\\url-shortener\\vendor\\laravel\\framework\\src\\Illuminate\\Pipeline\\Pipeline.php(209): Illuminate\\Http\\Middleware\\ValidatePostSize->handle()
#50 D:\\url_sorter\\url-shortener\\vendor\\laravel\\framework\\src\\Illuminate\\Foundation\\Http\\Middleware\\PreventRequestsDuringMaintenance.php(110): Illuminate\\Pipeline\\Pipeline->{closure:{closure:Illuminate\\Pipeline\\Pipeline::carry():184}:185}()
#51 D:\\url_sorter\\url-shortener\\vendor\\laravel\\framework\\src\\Illuminate\\Pipeline\\Pipeline.php(209): Illuminate\\Foundation\\Http\\Middleware\\PreventRequestsDuringMaintenance->handle()
#52 D:\\url_sorter\\url-shortener\\vendor\\laravel\\framework\\src\\Illuminate\\Http\\Middleware\\HandleCors.php(49): Illuminate\\Pipeline\\Pipeline->{closure:{closure:Illuminate\\Pipeline\\Pipeline::carry():184}:185}()
#53 D:\\url_sorter\\url-shortener\\vendor\\laravel\\framework\\src\\Illuminate\\Pipeline\\Pipeline.php(209): Illuminate\\Http\\Middleware\\HandleCors->handle()
#54 D:\\url_sorter\\url-shortener\\vendor\\laravel\\framework\\src\\Illuminate\\Http\\Middleware\\TrustProxies.php(58): Illuminate\\Pipeline\\Pipeline->{closure:{closure:Illuminate\\Pipeline\\Pipeline::carry():184}:185}()
#55 D:\\url_sorter\\url-shortener\\vendor\\laravel\\framework\\src\\Illuminate\\Pipeline\\Pipeline.php(209): Illuminate\\Http\\Middleware\\TrustProxies->handle()
#56 D:\\url_sorter\\url-shortener\\vendor\\laravel\\framework\\src\\Illuminate\\Foundation\\Http\\Middleware\\InvokeDeferredCallbacks.php(22): Illuminate\\Pipeline\\Pipeline->{closure:{closure:Illuminate\\Pipeline\\Pipeline::carry():184}:185}()
#57 D:\\url_sorter\\url-shortener\\vendor\\laravel\\framework\\src\\Illuminate\\Pipeline\\Pipeline.php(209): Illuminate\\Foundation\\Http\\Middleware\\InvokeDeferredCallbacks->handle()
#58 D:\\url_sorter\\url-shortener\\vendor\\laravel\\framework\\src\\Illuminate\\Pipeline\\Pipeline.php(127): Illuminate\\Pipeline\\Pipeline->{closure:{closure:Illuminate\\Pipeline\\Pipeline::carry():184}:185}()
#59 D:\\url_sorter\\url-shortener\\vendor\\laravel\\framework\\src\\Illuminate\\Foundation\\Http\\Kernel.php(176): Illuminate\\Pipeline\\Pipeline->then()
#60 D:\\url_sorter\\url-shortener\\vendor\\laravel\\framework\\src\\Illuminate\\Foundation\\Http\\Kernel.php(145): Illuminate\\Foundation\\Http\\Kernel->sendRequestThroughRouter()
#61 D:\\url_sorter\\url-shortener\\vendor\\laravel\\framework\\src\\Illuminate\\Foundation\\Application.php(1220): Illuminate\\Foundation\\Http\\Kernel->handle()
#62 D:\\url_sorter\\url-shortener\\public\\index.php(20): Illuminate\\Foundation\\Application->handleRequest()
#63 D:\\url_sorter\\url-shortener\\vendor\\laravel\\framework\\src\\Illuminate\\Foundation\\resources\\server.php(23): require_once('...')
#64 {main}

[previous exception] [object] (PDOException(code: 0): could not find driver at D:\\url_sorter\\url-shortener\\vendor\\laravel\\framework\\src\\Illuminate\\Database\\Connectors\\Connector.php:67)
[stacktrace]
#0 D:\\url_sorter\\url-shortener\\vendor\\laravel\\framework\\src\\Illuminate\\Database\\Connectors\\Connector.php(67): PDO::connect()
#1 D:\\url_sorter\\url-shortener\\vendor\\laravel\\framework\\src\\Illuminate\\Database\\Connectors\\Connector.php(44): Illuminate\\Database\\Connectors\\Connector->createPdoConnection()
#2 D:\\url_sorter\\url-shortener\\vendor\\laravel\\framework\\src\\Illuminate\\Database\\Connectors\\SQLiteConnector.php(40): Illuminate\\Database\\Connectors\\Connector->createConnection()
#3 D:\\url_sorter\\url-shortener\\vendor\\laravel\\framework\\src\\Illuminate\\Database\\Connectors\\ConnectionFactory.php(224): Illuminate\\Database\\Connectors\\SQLiteConnector->connect()
#4 [internal function]: Illuminate\\Database\\Connectors\\ConnectionFactory->{closure:Illuminate\\Database\\Connectors\\ConnectionFactory::createPdoResolverWithoutHosts():224}()
#5 D:\\url_sorter\\url-shortener\\vendor\\laravel\\framework\\src\\Illuminate\\Database\\Connection.php(1231): call_user_func()
#6 D:\\url_sorter\\url-shortener\\vendor\\laravel\\framework\\src\\Illuminate\\Database\\Connection.php(565): Illuminate\\Database\\Connection->getPdo()
#7 D:\\url_sorter\\url-shortener\\vendor\\laravel\\framework\\src\\Illuminate\\Database\\Connection.php(812): Illuminate\\Database\\Connection->{closure:Illuminate\\Database\\Connection::statement():560}()
#8 D:\\url_sorter\\url-shortener\\vendor\\laravel\\framework\\src\\Illuminate\\Database\\Connection.php(779): Illuminate\\Database\\Connection->runQueryCallback()
#9 D:\\url_sorter\\url-shortener\\vendor\\laravel\\framework\\src\\Illuminate\\Database\\Connection.php(560): Illuminate\\Database\\Connection->run()
#10 D:\\url_sorter\\url-shortener\\vendor\\laravel\\framework\\src\\Illuminate\\Database\\Schema\\Builder.php(522): Illuminate\\Database\\Connection->statement()
#11 D:\\url_sorter\\url-shortener\\vendor\\laravel\\framework\\src\\Illuminate\\Database\\SQLiteConnection.php(59): Illuminate\\Database\\Schema\\Builder->enableForeignKeyConstraints()
#12 D:\\url_sorter\\url-shortener\\vendor\\laravel\\framework\\src\\Illuminate\\Database\\SQLiteConnection.php(28): Illuminate\\Database\\SQLiteConnection->configureForeignKeyConstraints()
#13 D:\\url_sorter\\url-shortener\\vendor\\laravel\\framework\\src\\Illuminate\\Database\\Connectors\\ConnectionFactory.php(277): Illuminate\\Database\\SQLiteConnection->__construct()
#14 D:\\url_sorter\\url-shortener\\vendor\\laravel\\framework\\src\\Illuminate\\Database\\Connectors\\ConnectionFactory.php(76): Illuminate\\Database\\Connectors\\ConnectionFactory->createConnection()
#15 D:\\url_sorter\\url-shortener\\vendor\\laravel\\framework\\src\\Illuminate\\Database\\Connectors\\ConnectionFactory.php(51): Illuminate\\Database\\Connectors\\ConnectionFactory->createSingleConnection()
#16 D:\\url_sorter\\url-shortener\\vendor\\laravel\\framework\\src\\Illuminate\\Database\\DatabaseManager.php(207): Illuminate\\Database\\Connectors\\ConnectionFactory->make()
#17 D:\\url_sorter\\url-shortener\\vendor\\laravel\\framework\\src\\Illuminate\\Database\\DatabaseManager.php(103): Illuminate\\Database\\DatabaseManager->makeConnection()
#18 D:\\url_sorter\\url-shortener\\vendor\\laravel\\framework\\src\\Illuminate\\Session\\SessionManager.php(108): Illuminate\\Database\\DatabaseManager->connection()
#19 D:\\url_sorter\\url-shortener\\vendor\\laravel\\framework\\src\\Illuminate\\Session\\SessionManager.php(95): Illuminate\\Session\\SessionManager->getDatabaseConnection()
#20 D:\\url_sorter\\url-shortener\\vendor\\laravel\\framework\\src\\Illuminate\\Support\\Manager.php(106): Illuminate\\Session\\SessionManager->createDatabaseDriver()
#21 D:\\url_sorter\\url-shortener\\vendor\\laravel\\framework\\src\\Illuminate\\Support\\Manager.php(80): Illuminate\\Support\\Manager->createDriver()
#22 D:\\url_sorter\\url-shortener\\vendor\\laravel\\framework\\src\\Illuminate\\Session\\SessionServiceProvider.php(52): Illuminate\\Support\\Manager->driver()
#23 D:\\url_sorter\\url-shortener\\vendor\\laravel\\framework\\src\\Illuminate\\Container\\Container.php(952): Illuminate\\Session\\SessionServiceProvider->{closure:Illuminate\\Session\\SessionServiceProvider::registerSessionDriver():48}()
#24 D:\\url_sorter\\url-shortener\\vendor\\laravel\\framework\\src\\Illuminate\\Container\\Container.php(832): Illuminate\\Container\\Container->build()
#25 D:\\url_sorter\\url-shortener\\vendor\\laravel\\framework\\src\\Illuminate\\Foundation\\Application.php(1078): Illuminate\\Container\\Container->resolve()
#26 D:\\url_sorter\\url-shortener\\vendor\\laravel\\framework\\src\\Illuminate\\Container\\Container.php(763): Illuminate\\Foundation\\Application->resolve()
#27 D:\\url_sorter\\url-shortener\\vendor\\laravel\\framework\\src\\Illuminate\\Foundation\\Application.php(1058): Illuminate\\Container\\Container->make()
#28 D:\\url_sorter\\url-shortener\\vendor\\laravel\\framework\\src\\Illuminate\\Container\\Container.php(1580): Illuminate\\Foundation\\Application->make()
#29 D:\\url_sorter\\url-shortener\\vendor\\laravel\\framework\\src\\Illuminate\\Routing\\RoutingServiceProvider.php(121): Illuminate\\Container\\Container->offsetGet()
#30 D:\\url_sorter\\url-shortener\\vendor\\laravel\\framework\\src\\Illuminate\\Container\\Container.php(952): Illuminate\\Routing\\RoutingServiceProvider->{closure:Illuminate\\Routing\\RoutingServiceProvider::registerRedirector():114}()
#31 D:\\url_sorter\\url-shortener\\vendor\\laravel\\framework\\src\\Illuminate\\Container\\Container.php(832): Illuminate\\Container\\Container->build()
#32 D:\\url_sorter\\url-shortener\\vendor\\laravel\\framework\\src\\Illuminate\\Foundation\\Application.php(1078): Illuminate\\Container\\Container->resolve()
#33 D:\\url_sorter\\url-shortener\\vendor\\laravel\\framework\\src\\Illuminate\\Container\\Container.php(763): Illuminate\\Foundation\\Application->resolve()
#34 D:\\url_sorter\\url-shortener\\vendor\\laravel\\framework\\src\\Illuminate\\Foundation\\Application.php(1058): Illuminate\\Container\\Container->make()
#35 D:\\url_sorter\\url-shortener\\vendor\\laravel\\framework\\src\\Illuminate\\Container\\Container.php(1580): Illuminate\\Foundation\\Application->make()
#36 D:\\url_sorter\\url-shortener\\vendor\\laravel\\framework\\src\\Illuminate\\Routing\\RoutingServiceProvider.php(177): Illuminate\\Container\\Container->offsetGet()
#37 D:\\url_sorter\\url-shortener\\vendor\\laravel\\framework\\src\\Illuminate\\Container\\Container.php(952): Illuminate\\Routing\\RoutingServiceProvider->{closure:Illuminate\\Routing\\RoutingServiceProvider::registerResponseFactory():176}()
#38 D:\\url_sorter\\url-shortener\\vendor\\laravel\\framework\\src\\Illuminate\\Container\\Container.php(832): Illuminate\\Container\\Container->build()
#39 D:\\url_sorter\\url-shortener\\vendor\\laravel\\framework\\src\\Illuminate\\Foundation\\Application.php(1078): Illuminate\\Container\\Container->resolve()
#40 D:\\url_sorter\\url-shortener\\vendor\\laravel\\framework\\src\\Illuminate\\Container\\Container.php(763): Illuminate\\Foundation\\Application->resolve()
#41 D:\\url_sorter\\url-shortener\\vendor\\laravel\\framework\\src\\Illuminate\\Foundation\\Application.php(1058): Illuminate\\Container\\Container->make()
#42 D:\\url_sorter\\url-shortener\\vendor\\laravel\\framework\\src\\Illuminate\\Foundation\\helpers.php(124): Illuminate\\Foundation\\Application->make()
#43 D:\\url_sorter\\url-shortener\\vendor\\laravel\\framework\\src\\Illuminate\\Foundation\\helpers.php(832): app()
#44 D:\\url_sorter\\url-shortener\\vendor\\laravel\\framework\\src\\Illuminate\\Foundation\\Exceptions\\Handler.php(894): response()
#45 D:\\url_sorter\\url-shortener\\vendor\\laravel\\framework\\src\\Illuminate\\Foundation\\Exceptions\\Handler.php(815): Illuminate\\Foundation\\Exceptions\\Handler->renderHttpException()
#46 D:\\url_sorter\\url-shortener\\vendor\\laravel\\framework\\src\\Illuminate\\Foundation\\Exceptions\\Handler.php(706): Illuminate\\Foundation\\Exceptions\\Handler->prepareResponse()
#47 D:\\url_sorter\\url-shortener\\vendor\\laravel\\framework\\src\\Illuminate\\Foundation\\Exceptions\\Handler.php(594): Illuminate\\Foundation\\Exceptions\\Handler->renderExceptionResponse()
#48 D:\\url_sorter\\url-shortener\\vendor\\laravel\\framework\\src\\Illuminate\\Routing\\Pipeline.php(51): Illuminate\\Foundation\\Exceptions\\Handler->render()
#49 D:\\url_sorter\\url-shortener\\vendor\\laravel\\framework\\src\\Illuminate\\Pipeline\\Pipeline.php(172): Illuminate\\Routing\\Pipeline->handleException()
#50 D:\\url_sorter\\url-shortener\\vendor\\laravel\\framework\\src\\Illuminate\\Foundation\\Http\\Middleware\\TransformsRequest.php(21): Illuminate\\Pipeline\\Pipeline->{closure:Illuminate\\Pipeline\\Pipeline::prepareDestination():168}()
#51 D:\\url_sorter\\url-shortener\\vendor\\laravel\\framework\\src\\Illuminate\\Foundation\\Http\\Middleware\\ConvertEmptyStringsToNull.php(31): Illuminate\\Foundation\\Http\\Middleware\\TransformsRequest->handle()
#52 D:\\url_sorter\\url-shortener\\vendor\\laravel\\framework\\src\\Illuminate\\Pipeline\\Pipeline.php(209): Illuminate\\Foundation\\Http\\Middleware\\ConvertEmptyStringsToNull->handle()
#53 D:\\url_sorter\\url-shortener\\vendor\\laravel\\framework\\src\\Illuminate\\Foundation\\Http\\Middleware\\TransformsRequest.php(21): Illuminate\\Pipeline\\Pipeline->{closure:{closure:Illuminate\\Pipeline\\Pipeline::carry():184}:185}()
#54 D:\\url_sorter\\url-shortener\\vendor\\laravel\\framework\\src\\Illuminate\\Foundation\\Http\\Middleware\\TrimStrings.php(51): Illuminate\\Foundation\\Http\\Middleware\\TransformsRequest->handle()
#55 D:\\url_sorter\\url-shortener\\vendor\\laravel\\framework\\src\\Illuminate\\Pipeline\\Pipeline.php(209): Illuminate\\Foundation\\Http\\Middleware\\TrimStrings->handle()
#56 D:\\url_sorter\\url-shortener\\vendor\\laravel\\framework\\src\\Illuminate\\Http\\Middleware\\ValidatePostSize.php(27): Illuminate\\Pipeline\\Pipeline->{closure:{closure:Illuminate\\Pipeline\\Pipeline::carry():184}:185}()
#57 D:\\url_sorter\\url-shortener\\vendor\\laravel\\framework\\src\\Illuminate\\Pipeline\\Pipeline.php(209): Illuminate\\Http\\Middleware\\ValidatePostSize->handle()
#58 D:\\url_sorter\\url-shortener\\vendor\\laravel\\framework\\src\\Illuminate\\Foundation\\Http\\Middleware\\PreventRequestsDuringMaintenance.php(110): Illuminate\\Pipeline\\Pipeline->{closure:{closure:Illuminate\\Pipeline\\Pipeline::carry():184}:185}()
#59 D:\\url_sorter\\url-shortener\\vendor\\laravel\\framework\\src\\Illuminate\\Pipeline\\Pipeline.php(209): Illuminate\\Foundation\\Http\\Middleware\\PreventRequestsDuringMaintenance->handle()
#60 D:\\url_sorter\\url-shortener\\vendor\\laravel\\framework\\src\\Illuminate\\Http\\Middleware\\HandleCors.php(49): Illuminate\\Pipeline\\Pipeline->{closure:{closure:Illuminate\\Pipeline\\Pipeline::carry():184}:185}()
#61 D:\\url_sorter\\url-shortener\\vendor\\laravel\\framework\\src\\Illuminate\\Pipeline\\Pipeline.php(209): Illuminate\\Http\\Middleware\\HandleCors->handle()
#62 D:\\url_sorter\\url-shortener\\vendor\\laravel\\framework\\src\\Illuminate\\Http\\Middleware\\TrustProxies.php(58): Illuminate\\Pipeline\\Pipeline->{closure:{closure:Illuminate\\Pipeline\\Pipeline::carry():184}:185}()
#63 D:\\url_sorter\\url-shortener\\vendor\\laravel\\framework\\src\\Illuminate\\Pipeline\\Pipeline.php(209): Illuminate\\Http\\Middleware\\TrustProxies->handle()
#64 D:\\url_sorter\\url-shortener\\vendor\\laravel\\framework\\src\\Illuminate\\Foundation\\Http\\Middleware\\InvokeDeferredCallbacks.php(22): Illuminate\\Pipeline\\Pipeline->{closure:{closure:Illuminate\\Pipeline\\Pipeline::carry():184}:185}()
#65 D:\\url_sorter\\url-shortener\\vendor\\laravel\\framework\\src\\Illuminate\\Pipeline\\Pipeline.php(209): Illuminate\\Foundation\\Http\\Middleware\\InvokeDeferredCallbacks->handle()
#66 D:\\url_sorter\\url-shortener\\vendor\\laravel\\framework\\src\\Illuminate\\Pipeline\\Pipeline.php(127): Illuminate\\Pipeline\\Pipeline->{closure:{closure:Illuminate\\Pipeline\\Pipeline::carry():184}:185}()
#67 D:\\url_sorter\\url-shortener\\vendor\\laravel\\framework\\src\\Illuminate\\Foundation\\Http\\Kernel.php(176): Illuminate\\Pipeline\\Pipeline->then()
#68 D:\\url_sorter\\url-shortener\\vendor\\laravel\\framework\\src\\Illuminate\\Foundation\\Http\\Kernel.php(145): Illuminate\\Foundation\\Http\\Kernel->sendRequestThroughRouter()
#69 D:\\url_sorter\\url-shortener\\vendor\\laravel\\framework\\src\\Illuminate\\Foundation\\Application.php(1220): Illuminate\\Foundation\\Http\\Kernel->handle()
#70 D:\\url_sorter\\url-shortener\\public\\index.php(20): Illuminate\\Foundation\\Application->handleRequest()
#71 D:\\url_sorter\\url-shortener\\vendor\\laravel\\framework\\src\\Illuminate\\Foundation\\resources\\server.php(23): require_once('...')
#72 {main}
"} 
[2025-12-06 16:45:55] local.ERROR: could not find driver (Connection: sqlite, SQL: PRAGMA foreign_keys = ON;) {"exception":"[object] (Illuminate\\Database\\QueryException(code: 0): could not find driver (Connection: sqlite, SQL: PRAGMA foreign_keys = ON;) at D:\\url_sorter\\url-shortener\\vendor\\laravel\\framework\\src\\Illuminate\\Database\\Connection.php:825)
[stacktrace]
#0 D:\\url_sorter\\url-shortener\\vendor\\laravel\\framework\\src\\Illuminate\\Database\\Connection.php(779): Illuminate\\Database\\Connection->runQueryCallback()
#1 D:\\url_sorter\\url-shortener\\vendor\\laravel\\framework\\src\\Illuminate\\Database\\Connection.php(560): Illuminate\\Database\\Connection->run()
#2 D:\\url_sorter\\url-shortener\\vendor\\laravel\\framework\\src\\Illuminate\\Database\\Schema\\Builder.php(522): Illuminate\\Database\\Connection->statement()
#3 D:\\url_sorter\\url-shortener\\vendor\\laravel\\framework\\src\\Illuminate\\Database\\SQLiteConnection.php(59): Illuminate\\Database\\Schema\\Builder->enableForeignKeyConstraints()
#4 D:\\url_sorter\\url-shortener\\vendor\\laravel\\framework\\src\\Illuminate\\Database\\SQLiteConnection.php(28): Illuminate\\Database\\SQLiteConnection->configureForeignKeyConstraints()
#5 D:\\url_sorter\\url-shortener\\vendor\\laravel\\framework\\src\\Illuminate\\Database\\Connectors\\ConnectionFactory.php(277): Illuminate\\Database\\SQLiteConnection->__construct()
#6 D:\\url_sorter\\url-shortener\\vendor\\laravel\\framework\\src\\Illuminate\\Database\\Connectors\\ConnectionFactory.php(76): Illuminate\\Database\\Connectors\\ConnectionFactory->createConnection()
#7 D:\\url_sorter\\url-shortener\\vendor\\laravel\\framework\\src\\Illuminate\\Database\\Connectors\\ConnectionFactory.php(51): Illuminate\\Database\\Connectors\\ConnectionFactory->createSingleConnection()
#8 D:\\url_sorter\\url-shortener\\vendor\\laravel\\framework\\src\\Illuminate\\Database\\DatabaseManager.php(207): Illuminate\\Database\\Connectors\\ConnectionFactory->make()
#9 D:\\url_sorter\\url-shortener\\vendor\\laravel\\framework\\src\\Illuminate\\Database\\DatabaseManager.php(103): Illuminate\\Database\\DatabaseManager->makeConnection()
#10 D:\\url_sorter\\url-shortener\\vendor\\laravel\\framework\\src\\Illuminate\\Session\\SessionManager.php(108): Illuminate\\Database\\DatabaseManager->connection()
#11 D:\\url_sorter\\url-shortener\\vendor\\laravel\\framework\\src\\Illuminate\\Session\\SessionManager.php(95): Illuminate\\Session\\SessionManager->getDatabaseConnection()
#12 D:\\url_sorter\\url-shortener\\vendor\\laravel\\framework\\src\\Illuminate\\Support\\Manager.php(106): Illuminate\\Session\\SessionManager->createDatabaseDriver()
#13 D:\\url_sorter\\url-shortener\\vendor\\laravel\\framework\\src\\Illuminate\\Support\\Manager.php(80): Illuminate\\Support\\Manager->createDriver()
#14 D:\\url_sorter\\url-shortener\\vendor\\laravel\\framework\\src\\Illuminate\\Session\\SessionServiceProvider.php(52): Illuminate\\Support\\Manager->driver()
#15 D:\\url_sorter\\url-shortener\\vendor\\laravel\\framework\\src\\Illuminate\\Container\\Container.php(952): Illuminate\\Session\\SessionServiceProvider->{closure:Illuminate\\Session\\SessionServiceProvider::registerSessionDriver():48}()
#16 D:\\url_sorter\\url-shortener\\vendor\\laravel\\framework\\src\\Illuminate\\Container\\Container.php(832): Illuminate\\Container\\Container->build()
#17 D:\\url_sorter\\url-shortener\\vendor\\laravel\\framework\\src\\Illuminate\\Foundation\\Application.php(1078): Illuminate\\Container\\Container->resolve()
#18 D:\\url_sorter\\url-shortener\\vendor\\laravel\\framework\\src\\Illuminate\\Container\\Container.php(763): Illuminate\\Foundation\\Application->resolve()
#19 D:\\url_sorter\\url-shortener\\vendor\\laravel\\framework\\src\\Illuminate\\Foundation\\Application.php(1058): Illuminate\\Container\\Container->make()
#20 D:\\url_sorter\\url-shortener\\vendor\\laravel\\framework\\src\\Illuminate\\Container\\Container.php(1580): Illuminate\\Foundation\\Application->make()
#21 D:\\url_sorter\\url-shortener\\vendor\\laravel\\framework\\src\\Illuminate\\Routing\\RoutingServiceProvider.php(121): Illuminate\\Container\\Container->offsetGet()
#22 D:\\url_sorter\\url-shortener\\vendor\\laravel\\framework\\src\\Illuminate\\Container\\Container.php(952): Illuminate\\Routing\\RoutingServiceProvider->{closure:Illuminate\\Routing\\RoutingServiceProvider::registerRedirector():114}()
#23 D:\\url_sorter\\url-shortener\\vendor\\laravel\\framework\\src\\Illuminate\\Container\\Container.php(832): Illuminate\\Container\\Container->build()
#24 D:\\url_sorter\\url-shortener\\vendor\\laravel\\framework\\src\\Illuminate\\Foundation\\Application.php(1078): Illuminate\\Container\\Container->resolve()
#25 D:\\url_sorter\\url-shortener\\vendor\\laravel\\framework\\src\\Illuminate\\Container\\Container.php(763): Illuminate\\Foundation\\Application->resolve()
#26 D:\\url_sorter\\url-shortener\\vendor\\laravel\\framework\\src\\Illuminate\\Foundation\\Application.php(1058): Illuminate\\Container\\Container->make()
#27 D:\\url_sorter\\url-shortener\\vendor\\laravel\\framework\\src\\Illuminate\\Container\\Container.php(1580): Illuminate\\Foundation\\Application->make()
#28 D:\\url_sorter\\url-shortener\\vendor\\laravel\\framework\\src\\Illuminate\\Routing\\RoutingServiceProvider.php(177): Illuminate\\Container\\Container->offsetGet()
#29 D:\\url_sorter\\url-shortener\\vendor\\laravel\\framework\\src\\Illuminate\\Container\\Container.php(952): Illuminate\\Routing\\RoutingServiceProvider->{closure:Illuminate\\Routing\\RoutingServiceProvider::registerResponseFactory():176}()
#30 D:\\url_sorter\\url-shortener\\vendor\\laravel\\framework\\src\\Illuminate\\Container\\Container.php(832): Illuminate\\Container\\Container->build()
#31 D:\\url_sorter\\url-shortener\\vendor\\laravel\\framework\\src\\Illuminate\\Foundation\\Application.php(1078): Illuminate\\Container\\Container->resolve()
#32 D:\\url_sorter\\url-shortener\\vendor\\laravel\\framework\\src\\Illuminate\\Container\\Container.php(763): Illuminate\\Foundation\\Application->resolve()
#33 D:\\url_sorter\\url-shortener\\vendor\\laravel\\framework\\src\\Illuminate\\Foundation\\Application.php(1058): Illuminate\\Container\\Container->make()
#34 D:\\url_sorter\\url-shortener\\vendor\\laravel\\framework\\src\\Illuminate\\Foundation\\helpers.php(124): Illuminate\\Foundation\\Application->make()
#35 D:\\url_sorter\\url-shortener\\vendor\\laravel\\framework\\src\\Illuminate\\Foundation\\helpers.php(832): app()
#36 D:\\url_sorter\\url-shortener\\vendor\\laravel\\framework\\src\\Illuminate\\Foundation\\Exceptions\\Handler.php(894): response()
#37 D:\\url_sorter\\url-shortener\\vendor\\laravel\\framework\\src\\Illuminate\\Foundation\\Exceptions\\Handler.php(815): Illuminate\\Foundation\\Exceptions\\Handler->renderHttpException()
#38 D:\\url_sorter\\url-shortener\\vendor\\laravel\\framework\\src\\Illuminate\\Foundation\\Exceptions\\Handler.php(706): Illuminate\\Foundation\\Exceptions\\Handler->prepareResponse()
#39 D:\\url_sorter\\url-shortener\\vendor\\laravel\\framework\\src\\Illuminate\\Foundation\\Exceptions\\Handler.php(594): Illuminate\\Foundation\\Exceptions\\Handler->renderExceptionResponse()
#40 D:\\url_sorter\\url-shortener\\vendor\\laravel\\framework\\src\\Illuminate\\Routing\\Pipeline.php(51): Illuminate\\Foundation\\Exceptions\\Handler->render()
#41 D:\\url_sorter\\url-shortener\\vendor\\laravel\\framework\\src\\Illuminate\\Pipeline\\Pipeline.php(172): Illuminate\\Routing\\Pipeline->handleException()
#42 D:\\url_sorter\\url-shortener\\vendor\\laravel\\framework\\src\\Illuminate\\Foundation\\Http\\Middleware\\TransformsRequest.php(21): Illuminate\\Pipeline\\Pipeline->{closure:Illuminate\\Pipeline\\Pipeline::prepareDestination():168}()
#43 D:\\url_sorter\\url-shortener\\vendor\\laravel\\framework\\src\\Illuminate\\Foundation\\Http\\Middleware\\ConvertEmptyStringsToNull.php(31): Illuminate\\Foundation\\Http\\Middleware\\TransformsRequest->handle()
#44 D:\\url_sorter\\url-shortener\\vendor\\laravel\\framework\\src\\Illuminate\\Pipeline\\Pipeline.php(209): Illuminate\\Foundation\\Http\\Middleware\\ConvertEmptyStringsToNull->handle()
#45 D:\\url_sorter\\url-shortener\\vendor\\laravel\\framework\\src\\Illuminate\\Foundation\\Http\\Middleware\\TransformsRequest.php(21): Illuminate\\Pipeline\\Pipeline->{closure:{closure:Illuminate\\Pipeline\\Pipeline::carry():184}:185}()
#46 D:\\url_sorter\\url-shortener\\vendor\\laravel\\framework\\src\\Illuminate\\Foundation\\Http\\Middleware\\TrimStrings.php(51): Illuminate\\Foundation\\Http\\Middleware\\TransformsRequest->handle()
#47 D:\\url_sorter\\url-shortener\\vendor\\laravel\\framework\\src\\Illuminate\\Pipeline\\Pipeline.php(209): Illuminate\\Foundation\\Http\\Middleware\\TrimStrings->handle()
#48 D:\\url_sorter\\url-shortener\\vendor\\laravel\\framework\\src\\Illuminate\\Http\\Middleware\\ValidatePostSize.php(27): Illuminate\\Pipeline\\Pipeline->{closure:{closure:Illuminate\\Pipeline\\Pipeline::carry():184}:185}()
#49 D:\\url_sorter\\url-shortener\\vendor\\laravel\\framework\\src\\Illuminate\\Pipeline\\Pipeline.php(209): Illuminate\\Http\\Middleware\\ValidatePostSize->handle()
#50 D:\\url_sorter\\url-shortener\\vendor\\laravel\\framework\\src\\Illuminate\\Foundation\\Http\\Middleware\\PreventRequestsDuringMaintenance.php(110): Illuminate\\Pipeline\\Pipeline->{closure:{closure:Illuminate\\Pipeline\\Pipeline::carry():184}:185}()
#51 D:\\url_sorter\\url-shortener\\vendor\\laravel\\framework\\src\\Illuminate\\Pipeline\\Pipeline.php(209): Illuminate\\Foundation\\Http\\Middleware\\PreventRequestsDuringMaintenance->handle()
#52 D:\\url_sorter\\url-shortener\\vendor\\laravel\\framework\\src\\Illuminate\\Http\\Middleware\\HandleCors.php(49): Illuminate\\Pipeline\\Pipeline->{closure:{closure:Illuminate\\Pipeline\\Pipeline::carry():184}:185}()
#53 D:\\url_sorter\\url-shortener\\vendor\\laravel\\framework\\src\\Illuminate\\Pipeline\\Pipeline.php(209): Illuminate\\Http\\Middleware\\HandleCors->handle()
#54 D:\\url_sorter\\url-shortener\\vendor\\laravel\\framework\\src\\Illuminate\\Http\\Middleware\\TrustProxies.php(58): Illuminate\\Pipeline\\Pipeline->{closure:{closure:Illuminate\\Pipeline\\Pipeline::carry():184}:185}()
#55 D:\\url_sorter\\url-shortener\\vendor\\laravel\\framework\\src\\Illuminate\\Pipeline\\Pipeline.php(209): Illuminate\\Http\\Middleware\\TrustProxies->handle()
#56 D:\\url_sorter\\url-shortener\\vendor\\laravel\\framework\\src\\Illuminate\\Foundation\\Http\\Middleware\\InvokeDeferredCallbacks.php(22): Illuminate\\Pipeline\\Pipeline->{closure:{closure:Illuminate\\Pipeline\\Pipeline::carry():184}:185}()
#57 D:\\url_sorter\\url-shortener\\vendor\\laravel\\framework\\src\\Illuminate\\Pipeline\\Pipeline.php(209): Illuminate\\Foundation\\Http\\Middleware\\InvokeDeferredCallbacks->handle()
#58 D:\\url_sorter\\url-shortener\\vendor\\laravel\\framework\\src\\Illuminate\\Pipeline\\Pipeline.php(127): Illuminate\\Pipeline\\Pipeline->{closure:{closure:Illuminate\\Pipeline\\Pipeline::carry():184}:185}()
#59 D:\\url_sorter\\url-shortener\\vendor\\laravel\\framework\\src\\Illuminate\\Foundation\\Http\\Kernel.php(176): Illuminate\\Pipeline\\Pipeline->then()
#60 D:\\url_sorter\\url-shortener\\vendor\\laravel\\framework\\src\\Illuminate\\Foundation\\Http\\Kernel.php(145): Illuminate\\Foundation\\Http\\Kernel->sendRequestThroughRouter()
#61 D:\\url_sorter\\url-shortener\\vendor\\laravel\\framework\\src\\Illuminate\\Foundation\\Application.php(1220): Illuminate\\Foundation\\Http\\Kernel->handle()
#62 D:\\url_sorter\\url-shortener\\public\\index.php(20): Illuminate\\Foundation\\Application->handleRequest()
#63 D:\\url_sorter\\url-shortener\\vendor\\laravel\\framework\\src\\Illuminate\\Foundation\\resources\\server.php(23): require_once('...')
#64 {main}

[previous exception] [object] (PDOException(code: 0): could not find driver at D:\\url_sorter\\url-shortener\\vendor\\laravel\\framework\\src\\Illuminate\\Database\\Connectors\\Connector.php:67)
[stacktrace]
#0 D:\\url_sorter\\url-shortener\\vendor\\laravel\\framework\\src\\Illuminate\\Database\\Connectors\\Connector.php(67): PDO::connect()
#1 D:\\url_sorter\\url-shortener\\vendor\\laravel\\framework\\src\\Illuminate\\Database\\Connectors\\Connector.php(44): Illuminate\\Database\\Connectors\\Connector->createPdoConnection()
#2 D:\\url_sorter\\url-shortener\\vendor\\laravel\\framework\\src\\Illuminate\\Database\\Connectors\\SQLiteConnector.php(40): Illuminate\\Database\\Connectors\\Connector->createConnection()
#3 D:\\url_sorter\\url-shortener\\vendor\\laravel\\framework\\src\\Illuminate\\Database\\Connectors\\ConnectionFactory.php(224): Illuminate\\Database\\Connectors\\SQLiteConnector->connect()
#4 [internal function]: Illuminate\\Database\\Connectors\\ConnectionFactory->{closure:Illuminate\\Database\\Connectors\\ConnectionFactory::createPdoResolverWithoutHosts():224}()
#5 D:\\url_sorter\\url-shortener\\vendor\\laravel\\framework\\src\\Illuminate\\Database\\Connection.php(1231): call_user_func()
#6 D:\\url_sorter\\url-shortener\\vendor\\laravel\\framework\\src\\Illuminate\\Database\\Connection.php(565): Illuminate\\Database\\Connection->getPdo()
#7 D:\\url_sorter\\url-shortener\\vendor\\laravel\\framework\\src\\Illuminate\\Database\\Connection.php(812): Illuminate\\Database\\Connection->{closure:Illuminate\\Database\\Connection::statement():560}()
#8 D:\\url_sorter\\url-shortener\\vendor\\laravel\\framework\\src\\Illuminate\\Database\\Connection.php(779): Illuminate\\Database\\Connection->runQueryCallback()
#9 D:\\url_sorter\\url-shortener\\vendor\\laravel\\framework\\src\\Illuminate\\Database\\Connection.php(560): Illuminate\\Database\\Connection->run()
#10 D:\\url_sorter\\url-shortener\\vendor\\laravel\\framework\\src\\Illuminate\\Database\\Schema\\Builder.php(522): Illuminate\\Database\\Connection->statement()
#11 D:\\url_sorter\\url-shortener\\vendor\\laravel\\framework\\src\\Illuminate\\Database\\SQLiteConnection.php(59): Illuminate\\Database\\Schema\\Builder->enableForeignKeyConstraints()
#12 D:\\url_sorter\\url-shortener\\vendor\\laravel\\framework\\src\\Illuminate\\Database\\SQLiteConnection.php(28): Illuminate\\Database\\SQLiteConnection->configureForeignKeyConstraints()
#13 D:\\url_sorter\\url-shortener\\vendor\\laravel\\framework\\src\\Illuminate\\Database\\Connectors\\ConnectionFactory.php(277): Illuminate\\Database\\SQLiteConnection->__construct()
#14 D:\\url_sorter\\url-shortener\\vendor\\laravel\\framework\\src\\Illuminate\\Database\\Connectors\\ConnectionFactory.php(76): Illuminate\\Database\\Connectors\\ConnectionFactory->createConnection()
#15 D:\\url_sorter\\url-shortener\\vendor\\laravel\\framework\\src\\Illuminate\\Database\\Connectors\\ConnectionFactory.php(51): Illuminate\\Database\\Connectors\\ConnectionFactory->createSingleConnection()
#16 D:\\url_sorter\\url-shortener\\vendor\\laravel\\framework\\src\\Illuminate\\Database\\DatabaseManager.php(207): Illuminate\\Database\\Connectors\\ConnectionFactory->make()
#17 D:\\url_sorter\\url-shortener\\vendor\\laravel\\framework\\src\\Illuminate\\Database\\DatabaseManager.php(103): Illuminate\\Database\\DatabaseManager->makeConnection()
#18 D:\\url_sorter\\url-shortener\\vendor\\laravel\\framework\\src\\Illuminate\\Session\\SessionManager.php(108): Illuminate\\Database\\DatabaseManager->connection()
#19 D:\\url_sorter\\url-shortener\\vendor\\laravel\\framework\\src\\Illuminate\\Session\\SessionManager.php(95): Illuminate\\Session\\SessionManager->getDatabaseConnection()
#20 D:\\url_sorter\\url-shortener\\vendor\\laravel\\framework\\src\\Illuminate\\Support\\Manager.php(106): Illuminate\\Session\\SessionManager->createDatabaseDriver()
#21 D:\\url_sorter\\url-shortener\\vendor\\laravel\\framework\\src\\Illuminate\\Support\\Manager.php(80): Illuminate\\Support\\Manager->createDriver()
#22 D:\\url_sorter\\url-shortener\\vendor\\laravel\\framework\\src\\Illuminate\\Session\\SessionServiceProvider.php(52): Illuminate\\Support\\Manager->driver()
#23 D:\\url_sorter\\url-shortener\\vendor\\laravel\\framework\\src\\Illuminate\\Container\\Container.php(952): Illuminate\\Session\\SessionServiceProvider->{closure:Illuminate\\Session\\SessionServiceProvider::registerSessionDriver():48}()
#24 D:\\url_sorter\\url-shortener\\vendor\\laravel\\framework\\src\\Illuminate\\Container\\Container.php(832): Illuminate\\Container\\Container->build()
#25 D:\\url_sorter\\url-shortener\\vendor\\laravel\\framework\\src\\Illuminate\\Foundation\\Application.php(1078): Illuminate\\Container\\Container->resolve()
#26 D:\\url_sorter\\url-shortener\\vendor\\laravel\\framework\\src\\Illuminate\\Container\\Container.php(763): Illuminate\\Foundation\\Application->resolve()
#27 D:\\url_sorter\\url-shortener\\vendor\\laravel\\framework\\src\\Illuminate\\Foundation\\Application.php(1058): Illuminate\\Container\\Container->make()
#28 D:\\url_sorter\\url-shortener\\vendor\\laravel\\framework\\src\\Illuminate\\Container\\Container.php(1580): Illuminate\\Foundation\\Application->make()
#29 D:\\url_sorter\\url-shortener\\vendor\\laravel\\framework\\src\\Illuminate\\Routing\\RoutingServiceProvider.php(121): Illuminate\\Container\\Container->offsetGet()
#30 D:\\url_sorter\\url-shortener\\vendor\\laravel\\framework\\src\\Illuminate\\Container\\Container.php(952): Illuminate\\Routing\\RoutingServiceProvider->{closure:Illuminate\\Routing\\RoutingServiceProvider::registerRedirector():114}()
#31 D:\\url_sorter\\url-shortener\\vendor\\laravel\\framework\\src\\Illuminate\\Container\\Container.php(832): Illuminate\\Container\\Container->build()
#32 D:\\url_sorter\\url-shortener\\vendor\\laravel\\framework\\src\\Illuminate\\Foundation\\Application.php(1078): Illuminate\\Container\\Container->resolve()
#33 D:\\url_sorter\\url-shortener\\vendor\\laravel\\framework\\src\\Illuminate\\Container\\Container.php(763): Illuminate\\Foundation\\Application->resolve()
#34 D:\\url_sorter\\url-shortener\\vendor\\laravel\\framework\\src\\Illuminate\\Foundation\\Application.php(1058): Illuminate\\Container\\Container->make()
#35 D:\\url_sorter\\url-shortener\\vendor\\laravel\\framework\\src\\Illuminate\\Container\\Container.php(1580): Illuminate\\Foundation\\Application->make()
#36 D:\\url_sorter\\url-shortener\\vendor\\laravel\\framework\\src\\Illuminate\\Routing\\RoutingServiceProvider.php(177): Illuminate\\Container\\Container->offsetGet()
#37 D:\\url_sorter\\url-shortener\\vendor\\laravel\\framework\\src\\Illuminate\\Container\\Container.php(952): Illuminate\\Routing\\RoutingServiceProvider->{closure:Illuminate\\Routing\\RoutingServiceProvider::registerResponseFactory():176}()
#38 D:\\url_sorter\\url-shortener\\vendor\\laravel\\framework\\src\\Illuminate\\Container\\Container.php(832): Illuminate\\Container\\Container->build()
#39 D:\\url_sorter\\url-shortener\\vendor\\laravel\\framework\\src\\Illuminate\\Foundation\\Application.php(1078): Illuminate\\Container\\Container->resolve()
#40 D:\\url_sorter\\url-shortener\\vendor\\laravel\\framework\\src\\Illuminate\\Container\\Container.php(763): Illuminate\\Foundation\\Application->resolve()
#41 D:\\url_sorter\\url-shortener\\vendor\\laravel\\framework\\src\\Illuminate\\Foundation\\Application.php(1058): Illuminate\\Container\\Container->make()
#42 D:\\url_sorter\\url-shortener\\vendor\\laravel\\framework\\src\\Illuminate\\Foundation\\helpers.php(124): Illuminate\\Foundation\\Application->make()
#43 D:\\url_sorter\\url-shortener\\vendor\\laravel\\framework\\src\\Illuminate\\Foundation\\helpers.php(832): app()
#44 D:\\url_sorter\\url-shortener\\vendor\\laravel\\framework\\src\\Illuminate\\Foundation\\Exceptions\\Handler.php(894): response()
#45 D:\\url_sorter\\url-shortener\\vendor\\laravel\\framework\\src\\Illuminate\\Foundation\\Exceptions\\Handler.php(815): Illuminate\\Foundation\\Exceptions\\Handler->renderHttpException()
#46 D:\\url_sorter\\url-shortener\\vendor\\laravel\\framework\\src\\Illuminate\\Foundation\\Exceptions\\Handler.php(706): Illuminate\\Foundation\\Exceptions\\Handler->prepareResponse()
#47 D:\\url_sorter\\url-shortener\\vendor\\laravel\\framework\\src\\Illuminate\\Foundation\\Exceptions\\Handler.php(594): Illuminate\\Foundation\\Exceptions\\Handler->renderExceptionResponse()
#48 D:\\url_sorter\\url-shortener\\vendor\\laravel\\framework\\src\\Illuminate\\Routing\\Pipeline.php(51): Illuminate\\Foundation\\Exceptions\\Handler->render()
#49 D:\\url_sorter\\url-shortener\\vendor\\laravel\\framework\\src\\Illuminate\\Pipeline\\Pipeline.php(172): Illuminate\\Routing\\Pipeline->handleException()
#50 D:\\url_sorter\\url-shortener\\vendor\\laravel\\framework\\src\\Illuminate\\Foundation\\Http\\Middleware\\TransformsRequest.php(21): Illuminate\\Pipeline\\Pipeline->{closure:Illuminate\\Pipeline\\Pipeline::prepareDestination():168}()
#51 D:\\url_sorter\\url-shortener\\vendor\\laravel\\framework\\src\\Illuminate\\Foundation\\Http\\Middleware\\ConvertEmptyStringsToNull.php(31): Illuminate\\Foundation\\Http\\Middleware\\TransformsRequest->handle()
#52 D:\\url_sorter\\url-shortener\\vendor\\laravel\\framework\\src\\Illuminate\\Pipeline\\Pipeline.php(209): Illuminate\\Foundation\\Http\\Middleware\\ConvertEmptyStringsToNull->handle()
#53 D:\\url_sorter\\url-shortener\\vendor\\laravel\\framework\\src\\Illuminate\\Foundation\\Http\\Middleware\\TransformsRequest.php(21): Illuminate\\Pipeline\\Pipeline->{closure:{closure:Illuminate\\Pipeline\\Pipeline::carry():184}:185}()
#54 D:\\url_sorter\\url-shortener\\vendor\\laravel\\framework\\src\\Illuminate\\Foundation\\Http\\Middleware\\TrimStrings.php(51): Illuminate\\Foundation\\Http\\Middleware\\TransformsRequest->handle()
#55 D:\\url_sorter\\url-shortener\\vendor\\laravel\\framework\\src\\Illuminate\\Pipeline\\Pipeline.php(209): Illuminate\\Foundation\\Http\\Middleware\\TrimStrings->handle()
#56 D:\\url_sorter\\url-shortener\\vendor\\laravel\\framework\\src\\Illuminate\\Http\\Middleware\\ValidatePostSize.php(27): Illuminate\\Pipeline\\Pipeline->{closure:{closure:Illuminate\\Pipeline\\Pipeline::carry():184}:185}()
#57 D:\\url_sorter\\url-shortener\\vendor\\laravel\\framework\\src\\Illuminate\\Pipeline\\Pipeline.php(209): Illuminate\\Http\\Middleware\\ValidatePostSize->handle()
#58 D:\\url_sorter\\url-shortener\\vendor\\laravel\\framework\\src\\Illuminate\\Foundation\\Http\\Middleware\\PreventRequestsDuringMaintenance.php(110): Illuminate\\Pipeline\\Pipeline->{closure:{closure:Illuminate\\Pipeline\\Pipeline::carry():184}:185}()
#59 D:\\url_sorter\\url-shortener\\vendor\\laravel\\framework\\src\\Illuminate\\Pipeline\\Pipeline.php(209): Illuminate\\Foundation\\Http\\Middleware\\PreventRequestsDuringMaintenance->handle()
#60 D:\\url_sorter\\url-shortener\\vendor\\laravel\\framework\\src\\Illuminate\\Http\\Middleware\\HandleCors.php(49): Illuminate\\Pipeline\\Pipeline->{closure:{closure:Illuminate\\Pipeline\\Pipeline::carry():184}:185}()
#61 D:\\url_sorter\\url-shortener\\vendor\\laravel\\framework\\src\\Illuminate\\Pipeline\\Pipeline.php(209): Illuminate\\Http\\Middleware\\HandleCors->handle()
#62 D:\\url_sorter\\url-shortener\\vendor\\laravel\\framework\\src\\Illuminate\\Http\\Middleware\\TrustProxies.php(58): Illuminate\\Pipeline\\Pipeline->{closure:{closure:Illuminate\\Pipeline\\Pipeline::carry():184}:185}()
#63 D:\\url_sorter\\url-shortener\\vendor\\laravel\\framework\\src\\Illuminate\\Pipeline\\Pipeline.php(209): Illuminate\\Http\\Middleware\\TrustProxies->handle()
#64 D:\\url_sorter\\url-shortener\\vendor\\laravel\\framework\\src\\Illuminate\\Foundation\\Http\\Middleware\\InvokeDeferredCallbacks.php(22): Illuminate\\Pipeline\\Pipeline->{closure:{closure:Illuminate\\Pipeline\\Pipeline::carry():184}:185}()
#65 D:\\url_sorter\\url-shortener\\vendor\\laravel\\framework\\src\\Illuminate\\Pipeline\\Pipeline.php(209): Illuminate\\Foundation\\Http\\Middleware\\InvokeDeferredCallbacks->handle()
#66 D:\\url_sorter\\url-shortener\\vendor\\laravel\\framework\\src\\Illuminate\\Pipeline\\Pipeline.php(127): Illuminate\\Pipeline\\Pipeline->{closure:{closure:Illuminate\\Pipeline\\Pipeline::carry():184}:185}()
#67 D:\\url_sorter\\url-shortener\\vendor\\laravel\\framework\\src\\Illuminate\\Foundation\\Http\\Kernel.php(176): Illuminate\\Pipeline\\Pipeline->then()
#68 D:\\url_sorter\\url-shortener\\vendor\\laravel\\framework\\src\\Illuminate\\Foundation\\Http\\Kernel.php(145): Illuminate\\Foundation\\Http\\Kernel->sendRequestThroughRouter()
#69 D:\\url_sorter\\url-shortener\\vendor\\laravel\\framework\\src\\Illuminate\\Foundation\\Application.php(1220): Illuminate\\Foundation\\Http\\Kernel->handle()
#70 D:\\url_sorter\\url-shortener\\public\\index.php(20): Illuminate\\Foundation\\Application->handleRequest()
#71 D:\\url_sorter\\url-shortener\\vendor\\laravel\\framework\\src\\Illuminate\\Foundation\\resources\\server.php(23): require_once('...')
#72 {main}
"} 
[2025-12-06 16:50:27] local.ERROR: could not find driver (Connection: mysql, SQL: select exists (select 1 from information_schema.tables where table_schema = 'laravel' and table_name = 'migrations' and table_type in ('BASE TABLE', 'SYSTEM VERSIONED')) as `exists`) {"exception":"[object] (Illuminate\\Database\\QueryException(code: 0): could not find driver (Connection: mysql, SQL: select exists (select 1 from information_schema.tables where table_schema = 'laravel' and table_name = 'migrations' and table_type in ('BASE TABLE', 'SYSTEM VERSIONED')) as `exists`) at D:\\url_sorter\\url-shortener\\vendor\\laravel\\framework\\src\\Illuminate\\Database\\Connection.php:825)
[stacktrace]
#0 D:\\url_sorter\\url-shortener\\vendor\\laravel\\framework\\src\\Illuminate\\Database\\Connection.php(779): Illuminate\\Database\\Connection->runQueryCallback()
#1 D:\\url_sorter\\url-shortener\\vendor\\laravel\\framework\\src\\Illuminate\\Database\\Connection.php(398): Illuminate\\Database\\Connection->run()
#2 D:\\url_sorter\\url-shortener\\vendor\\laravel\\framework\\src\\Illuminate\\Database\\Connection.php(344): Illuminate\\Database\\Connection->select()
#3 D:\\url_sorter\\url-shortener\\vendor\\laravel\\framework\\src\\Illuminate\\Database\\Connection.php(361): Illuminate\\Database\\Connection->selectOne()
#4 D:\\url_sorter\\url-shortener\\vendor\\laravel\\framework\\src\\Illuminate\\Database\\Schema\\MySqlBuilder.php(45): Illuminate\\Database\\Connection->scalar()
#5 D:\\url_sorter\\url-shortener\\vendor\\laravel\\framework\\src\\Illuminate\\Database\\Migrations\\DatabaseMigrationRepository.php(184): Illuminate\\Database\\Schema\\MySqlBuilder->hasTable()
#6 D:\\url_sorter\\url-shortener\\vendor\\laravel\\framework\\src\\Illuminate\\Database\\Migrations\\Migrator.php(742): Illuminate\\Database\\Migrations\\DatabaseMigrationRepository->repositoryExists()
#7 D:\\url_sorter\\url-shortener\\vendor\\laravel\\framework\\src\\Illuminate\\Database\\Console\\Migrations\\MigrateCommand.php(165): Illuminate\\Database\\Migrations\\Migrator->repositoryExists()
#8 D:\\url_sorter\\url-shortener\\vendor\\laravel\\framework\\src\\Illuminate\\Support\\helpers.php(338): Illuminate\\Database\\Console\\Migrations\\MigrateCommand->{closure:Illuminate\\Database\\Console\\Migrations\\MigrateCommand::repositoryExists():165}()
#9 D:\\url_sorter\\url-shortener\\vendor\\laravel\\framework\\src\\Illuminate\\Database\\Console\\Migrations\\MigrateCommand.php(165): retry()
#10 D:\\url_sorter\\url-shortener\\vendor\\laravel\\framework\\src\\Illuminate\\Database\\Console\\Migrations\\MigrateCommand.php(141): Illuminate\\Database\\Console\\Migrations\\MigrateCommand->repositoryExists()
#11 D:\\url_sorter\\url-shortener\\vendor\\laravel\\framework\\src\\Illuminate\\Database\\Console\\Migrations\\MigrateCommand.php(111): Illuminate\\Database\\Console\\Migrations\\MigrateCommand->prepareDatabase()
#12 D:\\url_sorter\\url-shortener\\vendor\\laravel\\framework\\src\\Illuminate\\Database\\Migrations\\Migrator.php(658): Illuminate\\Database\\Console\\Migrations\\MigrateCommand->{closure:Illuminate\\Database\\Console\\Migrations\\MigrateCommand::runMigrations():110}()
#13 D:\\url_sorter\\url-shortener\\vendor\\laravel\\framework\\src\\Illuminate\\Database\\Console\\Migrations\\MigrateCommand.php(110): Illuminate\\Database\\Migrations\\Migrator->usingConnection()
#14 D:\\url_sorter\\url-shortener\\vendor\\laravel\\framework\\src\\Illuminate\\Database\\Console\\Migrations\\MigrateCommand.php(89): Illuminate\\Database\\Console\\Migrations\\MigrateCommand->runMigrations()
#15 D:\\url_sorter\\url-shortener\\vendor\\laravel\\framework\\src\\Illuminate\\Container\\BoundMethod.php(36): Illuminate\\Database\\Console\\Migrations\\MigrateCommand->handle()
#16 D:\\url_sorter\\url-shortener\\vendor\\laravel\\framework\\src\\Illuminate\\Container\\Util.php(43): Illuminate\\Container\\BoundMethod::{closure:Illuminate\\Container\\BoundMethod::call():35}()
#17 D:\\url_sorter\\url-shortener\\vendor\\laravel\\framework\\src\\Illuminate\\Container\\BoundMethod.php(95): Illuminate\\Container\\Util::unwrapIfClosure()
#18 D:\\url_sorter\\url-shortener\\vendor\\laravel\\framework\\src\\Illuminate\\Container\\BoundMethod.php(35): Illuminate\\Container\\BoundMethod::callBoundMethod()
#19 D:\\url_sorter\\url-shortener\\vendor\\laravel\\framework\\src\\Illuminate\\Container\\Container.php(696): Illuminate\\Container\\BoundMethod::call()
#20 D:\\url_sorter\\url-shortener\\vendor\\laravel\\framework\\src\\Illuminate\\Console\\Command.php(213): Illuminate\\Container\\Container->call()
#21 D:\\url_sorter\\url-shortener\\vendor\\symfony\\console\\Command\\Command.php(335): Illuminate\\Console\\Command->execute()
#22 D:\\url_sorter\\url-shortener\\vendor\\laravel\\framework\\src\\Illuminate\\Console\\Command.php(182): Symfony\\Component\\Console\\Command\\Command->run()
#23 D:\\url_sorter\\url-shortener\\vendor\\symfony\\console\\Application.php(1103): Illuminate\\Console\\Command->run()
#24 D:\\url_sorter\\url-shortener\\vendor\\symfony\\console\\Application.php(356): Symfony\\Component\\Console\\Application->doRunCommand()
#25 D:\\url_sorter\\url-shortener\\vendor\\symfony\\console\\Application.php(195): Symfony\\Component\\Console\\Application->doRun()
#26 D:\\url_sorter\\url-shortener\\vendor\\laravel\\framework\\src\\Illuminate\\Foundation\\Console\\Kernel.php(198): Symfony\\Component\\Console\\Application->run()
#27 D:\\url_sorter\\url-shortener\\vendor\\laravel\\framework\\src\\Illuminate\\Foundation\\Application.php(1235): Illuminate\\Foundation\\Console\\Kernel->handle()
#28 D:\\url_sorter\\url-shortener\\artisan(16): Illuminate\\Foundation\\Application->handleCommand()
#29 {main}

[previous exception] [object] (PDOException(code: 0): could not find driver at D:\\url_sorter\\url-shortener\\vendor\\laravel\\framework\\src\\Illuminate\\Database\\Connectors\\Connector.php:67)
[stacktrace]
#0 D:\\url_sorter\\url-shortener\\vendor\\laravel\\framework\\src\\Illuminate\\Database\\Connectors\\Connector.php(67): PDO::connect()
#1 D:\\url_sorter\\url-shortener\\vendor\\laravel\\framework\\src\\Illuminate\\Database\\Connectors\\Connector.php(44): Illuminate\\Database\\Connectors\\Connector->createPdoConnection()
#2 D:\\url_sorter\\url-shortener\\vendor\\laravel\\framework\\src\\Illuminate\\Database\\Connectors\\MySqlConnector.php(24): Illuminate\\Database\\Connectors\\Connector->createConnection()
#3 D:\\url_sorter\\url-shortener\\vendor\\laravel\\framework\\src\\Illuminate\\Database\\Connectors\\ConnectionFactory.php(185): Illuminate\\Database\\Connectors\\MySqlConnector->connect()
#4 [internal function]: Illuminate\\Database\\Connectors\\ConnectionFactory->{closure:Illuminate\\Database\\Connectors\\ConnectionFactory::createPdoResolverWithHosts():180}()
#5 D:\\url_sorter\\url-shortener\\vendor\\laravel\\framework\\src\\Illuminate\\Database\\Connection.php(1231): call_user_func()
#6 D:\\url_sorter\\url-shortener\\vendor\\laravel\\framework\\src\\Illuminate\\Database\\Connection.php(1267): Illuminate\\Database\\Connection->getPdo()
#7 D:\\url_sorter\\url-shortener\\vendor\\laravel\\framework\\src\\Illuminate\\Database\\Connection.php(512): Illuminate\\Database\\Connection->getReadPdo()
#8 D:\\url_sorter\\url-shortener\\vendor\\laravel\\framework\\src\\Illuminate\\Database\\Connection.php(407): Illuminate\\Database\\Connection->getPdoForSelect()
#9 D:\\url_sorter\\url-shortener\\vendor\\laravel\\framework\\src\\Illuminate\\Database\\Connection.php(812): Illuminate\\Database\\Connection->{closure:Illuminate\\Database\\Connection::select():398}()
#10 D:\\url_sorter\\url-shortener\\vendor\\laravel\\framework\\src\\Illuminate\\Database\\Connection.php(779): Illuminate\\Database\\Connection->runQueryCallback()
#11 D:\\url_sorter\\url-shortener\\vendor\\laravel\\framework\\src\\Illuminate\\Database\\Connection.php(398): Illuminate\\Database\\Connection->run()
#12 D:\\url_sorter\\url-shortener\\vendor\\laravel\\framework\\src\\Illuminate\\Database\\Connection.php(344): Illuminate\\Database\\Connection->select()
#13 D:\\url_sorter\\url-shortener\\vendor\\laravel\\framework\\src\\Illuminate\\Database\\Connection.php(361): Illuminate\\Database\\Connection->selectOne()
#14 D:\\url_sorter\\url-shortener\\vendor\\laravel\\framework\\src\\Illuminate\\Database\\Schema\\MySqlBuilder.php(45): Illuminate\\Database\\Connection->scalar()
#15 D:\\url_sorter\\url-shortener\\vendor\\laravel\\framework\\src\\Illuminate\\Database\\Migrations\\DatabaseMigrationRepository.php(184): Illuminate\\Database\\Schema\\MySqlBuilder->hasTable()
#16 D:\\url_sorter\\url-shortener\\vendor\\laravel\\framework\\src\\Illuminate\\Database\\Migrations\\Migrator.php(742): Illuminate\\Database\\Migrations\\DatabaseMigrationRepository->repositoryExists()
#17 D:\\url_sorter\\url-shortener\\vendor\\laravel\\framework\\src\\Illuminate\\Database\\Console\\Migrations\\MigrateCommand.php(165): Illuminate\\Database\\Migrations\\Migrator->repositoryExists()
#18 D:\\url_sorter\\url-shortener\\vendor\\laravel\\framework\\src\\Illuminate\\Support\\helpers.php(338): Illuminate\\Database\\Console\\Migrations\\MigrateCommand->{closure:Illuminate\\Database\\Console\\Migrations\\MigrateCommand::repositoryExists():165}()
#19 D:\\url_sorter\\url-shortener\\vendor\\laravel\\framework\\src\\Illuminate\\Database\\Console\\Migrations\\MigrateCommand.php(165): retry()
#20 D:\\url_sorter\\url-shortener\\vendor\\laravel\\framework\\src\\Illuminate\\Database\\Console\\Migrations\\MigrateCommand.php(141): Illuminate\\Database\\Console\\Migrations\\MigrateCommand->repositoryExists()
#21 D:\\url_sorter\\url-shortener\\vendor\\laravel\\framework\\src\\Illuminate\\Database\\Console\\Migrations\\MigrateCommand.php(111): Illuminate\\Database\\Console\\Migrations\\MigrateCommand->prepareDatabase()
#22 D:\\url_sorter\\url-shortener\\vendor\\laravel\\framework\\src\\Illuminate\\Database\\Migrations\\Migrator.php(658): Illuminate\\Database\\Console\\Migrations\\MigrateCommand->{closure:Illuminate\\Database\\Console\\Migrations\\MigrateCommand::runMigrations():110}()
#23 D:\\url_sorter\\url-shortener\\vendor\\laravel\\framework\\src\\Illuminate\\Database\\Console\\Migrations\\MigrateCommand.php(110): Illuminate\\Database\\Migrations\\Migrator->usingConnection()
#24 D:\\url_sorter\\url-shortener\\vendor\\laravel\\framework\\src\\Illuminate\\Database\\Console\\Migrations\\MigrateCommand.php(89): Illuminate\\Database\\Console\\Migrations\\MigrateCommand->runMigrations()
#25 D:\\url_sorter\\url-shortener\\vendor\\laravel\\framework\\src\\Illuminate\\Container\\BoundMethod.php(36): Illuminate\\Database\\Console\\Migrations\\MigrateCommand->handle()
#26 D:\\url_sorter\\url-shortener\\vendor\\laravel\\framework\\src\\Illuminate\\Container\\Util.php(43): Illuminate\\Container\\BoundMethod::{closure:Illuminate\\Container\\BoundMethod::call():35}()
#27 D:\\url_sorter\\url-shortener\\vendor\\laravel\\framework\\src\\Illuminate\\Container\\BoundMethod.php(95): Illuminate\\Container\\Util::unwrapIfClosure()
#28 D:\\url_sorter\\url-shortener\\vendor\\laravel\\framework\\src\\Illuminate\\Container\\BoundMethod.php(35): Illuminate\\Container\\BoundMethod::callBoundMethod()
#29 D:\\url_sorter\\url-shortener\\vendor\\laravel\\framework\\src\\Illuminate\\Container\\Container.php(696): Illuminate\\Container\\BoundMethod::call()
#30 D:\\url_sorter\\url-shortener\\vendor\\laravel\\framework\\src\\Illuminate\\Console\\Command.php(213): Illuminate\\Container\\Container->call()
#31 D:\\url_sorter\\url-shortener\\vendor\\symfony\\console\\Command\\Command.php(335): Illuminate\\Console\\Command->execute()
#32 D:\\url_sorter\\url-shortener\\vendor\\laravel\\framework\\src\\Illuminate\\Console\\Command.php(182): Symfony\\Component\\Console\\Command\\Command->run()
#33 D:\\url_sorter\\url-shortener\\vendor\\symfony\\console\\Application.php(1103): Illuminate\\Console\\Command->run()
#34 D:\\url_sorter\\url-shortener\\vendor\\symfony\\console\\Application.php(356): Symfony\\Component\\Console\\Application->doRunCommand()
#35 D:\\url_sorter\\url-shortener\\vendor\\symfony\\console\\Application.php(195): Symfony\\Component\\Console\\Application->doRun()
#36 D:\\url_sorter\\url-shortener\\vendor\\laravel\\framework\\src\\Illuminate\\Foundation\\Console\\Kernel.php(198): Symfony\\Component\\Console\\Application->run()
#37 D:\\url_sorter\\url-shortener\\vendor\\laravel\\framework\\src\\Illuminate\\Foundation\\Application.php(1235): Illuminate\\Foundation\\Console\\Kernel->handle()
#38 D:\\url_sorter\\url-shortener\\artisan(16): Illuminate\\Foundation\\Application->handleCommand()
#39 {main}
"} 
[2025-12-06 16:52:47] local.ERROR: SQLSTATE[HY000]: General error: 1 table "users" already exists (Connection: sqlite, SQL: create table "users" ("id" integer primary key autoincrement not null, "company_id" integer not null, "role_id" integer not null, "name" varchar not null, "email" varchar not null, "password" varchar not null, "remember_token" varchar, "created_at" datetime, "updated_at" datetime, foreign key("company_id") references "companies"("id"), foreign key("role_id") references "roles"("id"))) {"exception":"[object] (Illuminate\\Database\\QueryException(code: HY000): SQLSTATE[HY000]: General error: 1 table \"users\" already exists (Connection: sqlite, SQL: create table \"users\" (\"id\" integer primary key autoincrement not null, \"company_id\" integer not null, \"role_id\" integer not null, \"name\" varchar not null, \"email\" varchar not null, \"password\" varchar not null, \"remember_token\" varchar, \"created_at\" datetime, \"updated_at\" datetime, foreign key(\"company_id\") references \"companies\"(\"id\"), foreign key(\"role_id\") references \"roles\"(\"id\"))) at D:\\url_sorter\\url-shortener\\vendor\\laravel\\framework\\src\\Illuminate\\Database\\Connection.php:825)
[stacktrace]
#0 D:\\url_sorter\\url-shortener\\vendor\\laravel\\framework\\src\\Illuminate\\Database\\Connection.php(779): Illuminate\\Database\\Connection->runQueryCallback()
#1 D:\\url_sorter\\url-shortener\\vendor\\laravel\\framework\\src\\Illuminate\\Database\\Connection.php(560): Illuminate\\Database\\Connection->run()
#2 D:\\url_sorter\\url-shortener\\vendor\\laravel\\framework\\src\\Illuminate\\Database\\Schema\\Blueprint.php(118): Illuminate\\Database\\Connection->statement()
#3 D:\\url_sorter\\url-shortener\\vendor\\laravel\\framework\\src\\Illuminate\\Database\\Schema\\Builder.php(564): Illuminate\\Database\\Schema\\Blueprint->build()
#4 D:\\url_sorter\\url-shortener\\vendor\\laravel\\framework\\src\\Illuminate\\Database\\Schema\\Builder.php(418): Illuminate\\Database\\Schema\\Builder->build()
#5 D:\\url_sorter\\url-shortener\\vendor\\laravel\\framework\\src\\Illuminate\\Support\\Facades\\Facade.php(361): Illuminate\\Database\\Schema\\Builder->create()
#6 D:\\url_sorter\\url-shortener\\database\\migrations\\2024_01_01_000003_create_users_table.php(12): Illuminate\\Support\\Facades\\Facade::__callStatic()
#7 D:\\url_sorter\\url-shortener\\vendor\\laravel\\framework\\src\\Illuminate\\Database\\Migrations\\Migrator.php(507): Illuminate\\Database\\Migrations\\Migration@anonymous->up()
#8 D:\\url_sorter\\url-shortener\\vendor\\laravel\\framework\\src\\Illuminate\\Database\\Migrations\\Migrator.php(432): Illuminate\\Database\\Migrations\\Migrator->runMethod()
#9 D:\\url_sorter\\url-shortener\\vendor\\laravel\\framework\\src\\Illuminate\\Database\\Migrations\\Migrator.php(441): Illuminate\\Database\\Migrations\\Migrator->{closure:Illuminate\\Database\\Migrations\\Migrator::runMigration():428}()
#10 D:\\url_sorter\\url-shortener\\vendor\\laravel\\framework\\src\\Illuminate\\Database\\Migrations\\Migrator.php(244): Illuminate\\Database\\Migrations\\Migrator->runMigration()
#11 D:\\url_sorter\\url-shortener\\vendor\\laravel\\framework\\src\\Illuminate\\Console\\View\\Components\\Task.php(40): Illuminate\\Database\\Migrations\\Migrator->{closure:Illuminate\\Database\\Migrations\\Migrator::runUp():244}()
#12 D:\\url_sorter\\url-shortener\\vendor\\laravel\\framework\\src\\Illuminate\\Database\\Migrations\\Migrator.php(798): Illuminate\\Console\\View\\Components\\Task->render()
#13 D:\\url_sorter\\url-shortener\\vendor\\laravel\\framework\\src\\Illuminate\\Database\\Migrations\\Migrator.php(244): Illuminate\\Database\\Migrations\\Migrator->write()
#14 D:\\url_sorter\\url-shortener\\vendor\\laravel\\framework\\src\\Illuminate\\Database\\Migrations\\Migrator.php(211): Illuminate\\Database\\Migrations\\Migrator->runUp()
#15 D:\\url_sorter\\url-shortener\\vendor\\laravel\\framework\\src\\Illuminate\\Database\\Migrations\\Migrator.php(138): Illuminate\\Database\\Migrations\\Migrator->runPending()
#16 D:\\url_sorter\\url-shortener\\vendor\\laravel\\framework\\src\\Illuminate\\Database\\Console\\Migrations\\MigrateCommand.php(117): Illuminate\\Database\\Migrations\\Migrator->run()
#17 D:\\url_sorter\\url-shortener\\vendor\\laravel\\framework\\src\\Illuminate\\Database\\Migrations\\Migrator.php(658): Illuminate\\Database\\Console\\Migrations\\MigrateCommand->{closure:Illuminate\\Database\\Console\\Migrations\\MigrateCommand::runMigrations():110}()
#18 D:\\url_sorter\\url-shortener\\vendor\\laravel\\framework\\src\\Illuminate\\Database\\Console\\Migrations\\MigrateCommand.php(110): Illuminate\\Database\\Migrations\\Migrator->usingConnection()
#19 D:\\url_sorter\\url-shortener\\vendor\\laravel\\framework\\src\\Illuminate\\Database\\Console\\Migrations\\MigrateCommand.php(89): Illuminate\\Database\\Console\\Migrations\\MigrateCommand->runMigrations()
#20 D:\\url_sorter\\url-shortener\\vendor\\laravel\\framework\\src\\Illuminate\\Container\\BoundMethod.php(36): Illuminate\\Database\\Console\\Migrations\\MigrateCommand->handle()
#21 D:\\url_sorter\\url-shortener\\vendor\\laravel\\framework\\src\\Illuminate\\Container\\Util.php(43): Illuminate\\Container\\BoundMethod::{closure:Illuminate\\Container\\BoundMethod::call():35}()
#22 D:\\url_sorter\\url-shortener\\vendor\\laravel\\framework\\src\\Illuminate\\Container\\BoundMethod.php(95): Illuminate\\Container\\Util::unwrapIfClosure()
#23 D:\\url_sorter\\url-shortener\\vendor\\laravel\\framework\\src\\Illuminate\\Container\\BoundMethod.php(35): Illuminate\\Container\\BoundMethod::callBoundMethod()
#24 D:\\url_sorter\\url-shortener\\vendor\\laravel\\framework\\src\\Illuminate\\Container\\Container.php(696): Illuminate\\Container\\BoundMethod::call()
#25 D:\\url_sorter\\url-shortener\\vendor\\laravel\\framework\\src\\Illuminate\\Console\\Command.php(213): Illuminate\\Container\\Container->call()
#26 D:\\url_sorter\\url-shortener\\vendor\\symfony\\console\\Command\\Command.php(335): Illuminate\\Console\\Command->execute()
#27 D:\\url_sorter\\url-shortener\\vendor\\laravel\\framework\\src\\Illuminate\\Console\\Command.php(182): Symfony\\Component\\Console\\Command\\Command->run()
#28 D:\\url_sorter\\url-shortener\\vendor\\symfony\\console\\Application.php(1103): Illuminate\\Console\\Command->run()
#29 D:\\url_sorter\\url-shortener\\vendor\\symfony\\console\\Application.php(356): Symfony\\Component\\Console\\Application->doRunCommand()
#30 D:\\url_sorter\\url-shortener\\vendor\\symfony\\console\\Application.php(195): Symfony\\Component\\Console\\Application->doRun()
#31 D:\\url_sorter\\url-shortener\\vendor\\laravel\\framework\\src\\Illuminate\\Foundation\\Console\\Kernel.php(198): Symfony\\Component\\Console\\Application->run()
#32 D:\\url_sorter\\url-shortener\\vendor\\laravel\\framework\\src\\Illuminate\\Foundation\\Application.php(1235): Illuminate\\Foundation\\Console\\Kernel->handle()
#33 D:\\url_sorter\\url-shortener\\artisan(16): Illuminate\\Foundation\\Application->handleCommand()
#34 {main}

[previous exception] [object] (PDOException(code: HY000): SQLSTATE[HY000]: General error: 1 table \"users\" already exists at D:\\url_sorter\\url-shortener\\vendor\\laravel\\framework\\src\\Illuminate\\Database\\Connection.php:565)
[stacktrace]
#0 D:\\url_sorter\\url-shortener\\vendor\\laravel\\framework\\src\\Illuminate\\Database\\Connection.php(565): PDO->prepare()
#1 D:\\url_sorter\\url-shortener\\vendor\\laravel\\framework\\src\\Illuminate\\Database\\Connection.php(812): Illuminate\\Database\\Connection->{closure:Illuminate\\Database\\Connection::statement():560}()
#2 D:\\url_sorter\\url-shortener\\vendor\\laravel\\framework\\src\\Illuminate\\Database\\Connection.php(779): Illuminate\\Database\\Connection->runQueryCallback()
#3 D:\\url_sorter\\url-shortener\\vendor\\laravel\\framework\\src\\Illuminate\\Database\\Connection.php(560): Illuminate\\Database\\Connection->run()
#4 D:\\url_sorter\\url-shortener\\vendor\\laravel\\framework\\src\\Illuminate\\Database\\Schema\\Blueprint.php(118): Illuminate\\Database\\Connection->statement()
#5 D:\\url_sorter\\url-shortener\\vendor\\laravel\\framework\\src\\Illuminate\\Database\\Schema\\Builder.php(564): Illuminate\\Database\\Schema\\Blueprint->build()
#6 D:\\url_sorter\\url-shortener\\vendor\\laravel\\framework\\src\\Illuminate\\Database\\Schema\\Builder.php(418): Illuminate\\Database\\Schema\\Builder->build()
#7 D:\\url_sorter\\url-shortener\\vendor\\laravel\\framework\\src\\Illuminate\\Support\\Facades\\Facade.php(361): Illuminate\\Database\\Schema\\Builder->create()
#8 D:\\url_sorter\\url-shortener\\database\\migrations\\2024_01_01_000003_create_users_table.php(12): Illuminate\\Support\\Facades\\Facade::__callStatic()
#9 D:\\url_sorter\\url-shortener\\vendor\\laravel\\framework\\src\\Illuminate\\Database\\Migrations\\Migrator.php(507): Illuminate\\Database\\Migrations\\Migration@anonymous->up()
#10 D:\\url_sorter\\url-shortener\\vendor\\laravel\\framework\\src\\Illuminate\\Database\\Migrations\\Migrator.php(432): Illuminate\\Database\\Migrations\\Migrator->runMethod()
#11 D:\\url_sorter\\url-shortener\\vendor\\laravel\\framework\\src\\Illuminate\\Database\\Migrations\\Migrator.php(441): Illuminate\\Database\\Migrations\\Migrator->{closure:Illuminate\\Database\\Migrations\\Migrator::runMigration():428}()
#12 D:\\url_sorter\\url-shortener\\vendor\\laravel\\framework\\src\\Illuminate\\Database\\Migrations\\Migrator.php(244): Illuminate\\Database\\Migrations\\Migrator->runMigration()
#13 D:\\url_sorter\\url-shortener\\vendor\\laravel\\framework\\src\\Illuminate\\Console\\View\\Components\\Task.php(40): Illuminate\\Database\\Migrations\\Migrator->{closure:Illuminate\\Database\\Migrations\\Migrator::runUp():244}()
#14 D:\\url_sorter\\url-shortener\\vendor\\laravel\\framework\\src\\Illuminate\\Database\\Migrations\\Migrator.php(798): Illuminate\\Console\\View\\Components\\Task->render()
#15 D:\\url_sorter\\url-shortener\\vendor\\laravel\\framework\\src\\Illuminate\\Database\\Migrations\\Migrator.php(244): Illuminate\\Database\\Migrations\\Migrator->write()
#16 D:\\url_sorter\\url-shortener\\vendor\\laravel\\framework\\src\\Illuminate\\Database\\Migrations\\Migrator.php(211): Illuminate\\Database\\Migrations\\Migrator->runUp()
#17 D:\\url_sorter\\url-shortener\\vendor\\laravel\\framework\\src\\Illuminate\\Database\\Migrations\\Migrator.php(138): Illuminate\\Database\\Migrations\\Migrator->runPending()
#18 D:\\url_sorter\\url-shortener\\vendor\\laravel\\framework\\src\\Illuminate\\Database\\Console\\Migrations\\MigrateCommand.php(117): Illuminate\\Database\\Migrations\\Migrator->run()
#19 D:\\url_sorter\\url-shortener\\vendor\\laravel\\framework\\src\\Illuminate\\Database\\Migrations\\Migrator.php(658): Illuminate\\Database\\Console\\Migrations\\MigrateCommand->{closure:Illuminate\\Database\\Console\\Migrations\\MigrateCommand::runMigrations():110}()
#20 D:\\url_sorter\\url-shortener\\vendor\\laravel\\framework\\src\\Illuminate\\Database\\Console\\Migrations\\MigrateCommand.php(110): Illuminate\\Database\\Migrations\\Migrator->usingConnection()
#21 D:\\url_sorter\\url-shortener\\vendor\\laravel\\framework\\src\\Illuminate\\Database\\Console\\Migrations\\MigrateCommand.php(89): Illuminate\\Database\\Console\\Migrations\\MigrateCommand->runMigrations()
#22 D:\\url_sorter\\url-shortener\\vendor\\laravel\\framework\\src\\Illuminate\\Container\\BoundMethod.php(36): Illuminate\\Database\\Console\\Migrations\\MigrateCommand->handle()
#23 D:\\url_sorter\\url-shortener\\vendor\\laravel\\framework\\src\\Illuminate\\Container\\Util.php(43): Illuminate\\Container\\BoundMethod::{closure:Illuminate\\Container\\BoundMethod::call():35}()
#24 D:\\url_sorter\\url-shortener\\vendor\\laravel\\framework\\src\\Illuminate\\Container\\BoundMethod.php(95): Illuminate\\Container\\Util::unwrapIfClosure()
#25 D:\\url_sorter\\url-shortener\\vendor\\laravel\\framework\\src\\Illuminate\\Container\\BoundMethod.php(35): Illuminate\\Container\\BoundMethod::callBoundMethod()
#26 D:\\url_sorter\\url-shortener\\vendor\\laravel\\framework\\src\\Illuminate\\Container\\Container.php(696): Illuminate\\Container\\BoundMethod::call()
#27 D:\\url_sorter\\url-shortener\\vendor\\laravel\\framework\\src\\Illuminate\\Console\\Command.php(213): Illuminate\\Container\\Container->call()
#28 D:\\url_sorter\\url-shortener\\vendor\\symfony\\console\\Command\\Command.php(335): Illuminate\\Console\\Command->execute()
#29 D:\\url_sorter\\url-shortener\\vendor\\laravel\\framework\\src\\Illuminate\\Console\\Command.php(182): Symfony\\Component\\Console\\Command\\Command->run()
#30 D:\\url_sorter\\url-shortener\\vendor\\symfony\\console\\Application.php(1103): Illuminate\\Console\\Command->run()
#31 D:\\url_sorter\\url-shortener\\vendor\\symfony\\console\\Application.php(356): Symfony\\Component\\Console\\Application->doRunCommand()
#32 D:\\url_sorter\\url-shortener\\vendor\\symfony\\console\\Application.php(195): Symfony\\Component\\Console\\Application->doRun()
#33 D:\\url_sorter\\url-shortener\\vendor\\laravel\\framework\\src\\Illuminate\\Foundation\\Console\\Kernel.php(198): Symfony\\Component\\Console\\Application->run()
#34 D:\\url_sorter\\url-shortener\\vendor\\laravel\\framework\\src\\Illuminate\\Foundation\\Application.php(1235): Illuminate\\Foundation\\Console\\Kernel->handle()
#35 D:\\url_sorter\\url-shortener\\artisan(16): Illuminate\\Foundation\\Application->handleCommand()
#36 {main}
"} 
[2025-12-06 16:53:31] local.ERROR: SQLSTATE[HY000]: General error: 1 table "users" already exists (Connection: sqlite, SQL: create table "users" ("id" integer primary key autoincrement not null, "company_id" integer not null, "role_id" integer not null, "name" varchar not null, "email" varchar not null, "password" varchar not null, "remember_token" varchar, "created_at" datetime, "updated_at" datetime, foreign key("company_id") references "companies"("id"), foreign key("role_id") references "roles"("id"))) {"exception":"[object] (Illuminate\\Database\\QueryException(code: HY000): SQLSTATE[HY000]: General error: 1 table \"users\" already exists (Connection: sqlite, SQL: create table \"users\" (\"id\" integer primary key autoincrement not null, \"company_id\" integer not null, \"role_id\" integer not null, \"name\" varchar not null, \"email\" varchar not null, \"password\" varchar not null, \"remember_token\" varchar, \"created_at\" datetime, \"updated_at\" datetime, foreign key(\"company_id\") references \"companies\"(\"id\"), foreign key(\"role_id\") references \"roles\"(\"id\"))) at D:\\url_sorter\\url-shortener\\vendor\\laravel\\framework\\src\\Illuminate\\Database\\Connection.php:825)
[stacktrace]
#0 D:\\url_sorter\\url-shortener\\vendor\\laravel\\framework\\src\\Illuminate\\Database\\Connection.php(779): Illuminate\\Database\\Connection->runQueryCallback()
#1 D:\\url_sorter\\url-shortener\\vendor\\laravel\\framework\\src\\Illuminate\\Database\\Connection.php(560): Illuminate\\Database\\Connection->run()
#2 D:\\url_sorter\\url-shortener\\vendor\\laravel\\framework\\src\\Illuminate\\Database\\Schema\\Blueprint.php(118): Illuminate\\Database\\Connection->statement()
#3 D:\\url_sorter\\url-shortener\\vendor\\laravel\\framework\\src\\Illuminate\\Database\\Schema\\Builder.php(564): Illuminate\\Database\\Schema\\Blueprint->build()
#4 D:\\url_sorter\\url-shortener\\vendor\\laravel\\framework\\src\\Illuminate\\Database\\Schema\\Builder.php(418): Illuminate\\Database\\Schema\\Builder->build()
#5 D:\\url_sorter\\url-shortener\\vendor\\laravel\\framework\\src\\Illuminate\\Support\\Facades\\Facade.php(361): Illuminate\\Database\\Schema\\Builder->create()
#6 D:\\url_sorter\\url-shortener\\database\\migrations\\2024_01_01_000003_create_users_table.php(12): Illuminate\\Support\\Facades\\Facade::__callStatic()
#7 D:\\url_sorter\\url-shortener\\vendor\\laravel\\framework\\src\\Illuminate\\Database\\Migrations\\Migrator.php(507): Illuminate\\Database\\Migrations\\Migration@anonymous->up()
#8 D:\\url_sorter\\url-shortener\\vendor\\laravel\\framework\\src\\Illuminate\\Database\\Migrations\\Migrator.php(432): Illuminate\\Database\\Migrations\\Migrator->runMethod()
#9 D:\\url_sorter\\url-shortener\\vendor\\laravel\\framework\\src\\Illuminate\\Database\\Migrations\\Migrator.php(441): Illuminate\\Database\\Migrations\\Migrator->{closure:Illuminate\\Database\\Migrations\\Migrator::runMigration():428}()
#10 D:\\url_sorter\\url-shortener\\vendor\\laravel\\framework\\src\\Illuminate\\Database\\Migrations\\Migrator.php(244): Illuminate\\Database\\Migrations\\Migrator->runMigration()
#11 D:\\url_sorter\\url-shortener\\vendor\\laravel\\framework\\src\\Illuminate\\Console\\View\\Components\\Task.php(40): Illuminate\\Database\\Migrations\\Migrator->{closure:Illuminate\\Database\\Migrations\\Migrator::runUp():244}()
#12 D:\\url_sorter\\url-shortener\\vendor\\laravel\\framework\\src\\Illuminate\\Database\\Migrations\\Migrator.php(798): Illuminate\\Console\\View\\Components\\Task->render()
#13 D:\\url_sorter\\url-shortener\\vendor\\laravel\\framework\\src\\Illuminate\\Database\\Migrations\\Migrator.php(244): Illuminate\\Database\\Migrations\\Migrator->write()
#14 D:\\url_sorter\\url-shortener\\vendor\\laravel\\framework\\src\\Illuminate\\Database\\Migrations\\Migrator.php(211): Illuminate\\Database\\Migrations\\Migrator->runUp()
#15 D:\\url_sorter\\url-shortener\\vendor\\laravel\\framework\\src\\Illuminate\\Database\\Migrations\\Migrator.php(138): Illuminate\\Database\\Migrations\\Migrator->runPending()
#16 D:\\url_sorter\\url-shortener\\vendor\\laravel\\framework\\src\\Illuminate\\Database\\Console\\Migrations\\MigrateCommand.php(117): Illuminate\\Database\\Migrations\\Migrator->run()
#17 D:\\url_sorter\\url-shortener\\vendor\\laravel\\framework\\src\\Illuminate\\Database\\Migrations\\Migrator.php(658): Illuminate\\Database\\Console\\Migrations\\MigrateCommand->{closure:Illuminate\\Database\\Console\\Migrations\\MigrateCommand::runMigrations():110}()
#18 D:\\url_sorter\\url-shortener\\vendor\\laravel\\framework\\src\\Illuminate\\Database\\Console\\Migrations\\MigrateCommand.php(110): Illuminate\\Database\\Migrations\\Migrator->usingConnection()
#19 D:\\url_sorter\\url-shortener\\vendor\\laravel\\framework\\src\\Illuminate\\Database\\Console\\Migrations\\MigrateCommand.php(89): Illuminate\\Database\\Console\\Migrations\\MigrateCommand->runMigrations()
#20 D:\\url_sorter\\url-shortener\\vendor\\laravel\\framework\\src\\Illuminate\\Container\\BoundMethod.php(36): Illuminate\\Database\\Console\\Migrations\\MigrateCommand->handle()
#21 D:\\url_sorter\\url-shortener\\vendor\\laravel\\framework\\src\\Illuminate\\Container\\Util.php(43): Illuminate\\Container\\BoundMethod::{closure:Illuminate\\Container\\BoundMethod::call():35}()
#22 D:\\url_sorter\\url-shortener\\vendor\\laravel\\framework\\src\\Illuminate\\Container\\BoundMethod.php(95): Illuminate\\Container\\Util::unwrapIfClosure()
#23 D:\\url_sorter\\url-shortener\\vendor\\laravel\\framework\\src\\Illuminate\\Container\\BoundMethod.php(35): Illuminate\\Container\\BoundMethod::callBoundMethod()
#24 D:\\url_sorter\\url-shortener\\vendor\\laravel\\framework\\src\\Illuminate\\Container\\Container.php(696): Illuminate\\Container\\BoundMethod::call()
#25 D:\\url_sorter\\url-shortener\\vendor\\laravel\\framework\\src\\Illuminate\\Console\\Command.php(213): Illuminate\\Container\\Container->call()
#26 D:\\url_sorter\\url-shortener\\vendor\\symfony\\console\\Command\\Command.php(335): Illuminate\\Console\\Command->execute()
#27 D:\\url_sorter\\url-shortener\\vendor\\laravel\\framework\\src\\Illuminate\\Console\\Command.php(182): Symfony\\Component\\Console\\Command\\Command->run()
#28 D:\\url_sorter\\url-shortener\\vendor\\symfony\\console\\Application.php(1103): Illuminate\\Console\\Command->run()
#29 D:\\url_sorter\\url-shortener\\vendor\\symfony\\console\\Application.php(356): Symfony\\Component\\Console\\Application->doRunCommand()
#30 D:\\url_sorter\\url-shortener\\vendor\\symfony\\console\\Application.php(195): Symfony\\Component\\Console\\Application->doRun()
#31 D:\\url_sorter\\url-shortener\\vendor\\laravel\\framework\\src\\Illuminate\\Foundation\\Console\\Kernel.php(198): Symfony\\Component\\Console\\Application->run()
#32 D:\\url_sorter\\url-shortener\\vendor\\laravel\\framework\\src\\Illuminate\\Foundation\\Application.php(1235): Illuminate\\Foundation\\Console\\Kernel->handle()
#33 D:\\url_sorter\\url-shortener\\artisan(16): Illuminate\\Foundation\\Application->handleCommand()
#34 {main}

[previous exception] [object] (PDOException(code: HY000): SQLSTATE[HY000]: General error: 1 table \"users\" already exists at D:\\url_sorter\\url-shortener\\vendor\\laravel\\framework\\src\\Illuminate\\Database\\Connection.php:565)
[stacktrace]
#0 D:\\url_sorter\\url-shortener\\vendor\\laravel\\framework\\src\\Illuminate\\Database\\Connection.php(565): PDO->prepare()
#1 D:\\url_sorter\\url-shortener\\vendor\\laravel\\framework\\src\\Illuminate\\Database\\Connection.php(812): Illuminate\\Database\\Connection->{closure:Illuminate\\Database\\Connection::statement():560}()
#2 D:\\url_sorter\\url-shortener\\vendor\\laravel\\framework\\src\\Illuminate\\Database\\Connection.php(779): Illuminate\\Database\\Connection->runQueryCallback()
#3 D:\\url_sorter\\url-shortener\\vendor\\laravel\\framework\\src\\Illuminate\\Database\\Connection.php(560): Illuminate\\Database\\Connection->run()
#4 D:\\url_sorter\\url-shortener\\vendor\\laravel\\framework\\src\\Illuminate\\Database\\Schema\\Blueprint.php(118): Illuminate\\Database\\Connection->statement()
#5 D:\\url_sorter\\url-shortener\\vendor\\laravel\\framework\\src\\Illuminate\\Database\\Schema\\Builder.php(564): Illuminate\\Database\\Schema\\Blueprint->build()
#6 D:\\url_sorter\\url-shortener\\vendor\\laravel\\framework\\src\\Illuminate\\Database\\Schema\\Builder.php(418): Illuminate\\Database\\Schema\\Builder->build()
#7 D:\\url_sorter\\url-shortener\\vendor\\laravel\\framework\\src\\Illuminate\\Support\\Facades\\Facade.php(361): Illuminate\\Database\\Schema\\Builder->create()
#8 D:\\url_sorter\\url-shortener\\database\\migrations\\2024_01_01_000003_create_users_table.php(12): Illuminate\\Support\\Facades\\Facade::__callStatic()
#9 D:\\url_sorter\\url-shortener\\vendor\\laravel\\framework\\src\\Illuminate\\Database\\Migrations\\Migrator.php(507): Illuminate\\Database\\Migrations\\Migration@anonymous->up()
#10 D:\\url_sorter\\url-shortener\\vendor\\laravel\\framework\\src\\Illuminate\\Database\\Migrations\\Migrator.php(432): Illuminate\\Database\\Migrations\\Migrator->runMethod()
#11 D:\\url_sorter\\url-shortener\\vendor\\laravel\\framework\\src\\Illuminate\\Database\\Migrations\\Migrator.php(441): Illuminate\\Database\\Migrations\\Migrator->{closure:Illuminate\\Database\\Migrations\\Migrator::runMigration():428}()
#12 D:\\url_sorter\\url-shortener\\vendor\\laravel\\framework\\src\\Illuminate\\Database\\Migrations\\Migrator.php(244): Illuminate\\Database\\Migrations\\Migrator->runMigration()
#13 D:\\url_sorter\\url-shortener\\vendor\\laravel\\framework\\src\\Illuminate\\Console\\View\\Components\\Task.php(40): Illuminate\\Database\\Migrations\\Migrator->{closure:Illuminate\\Database\\Migrations\\Migrator::runUp():244}()
#14 D:\\url_sorter\\url-shortener\\vendor\\laravel\\framework\\src\\Illuminate\\Database\\Migrations\\Migrator.php(798): Illuminate\\Console\\View\\Components\\Task->render()
#15 D:\\url_sorter\\url-shortener\\vendor\\laravel\\framework\\src\\Illuminate\\Database\\Migrations\\Migrator.php(244): Illuminate\\Database\\Migrations\\Migrator->write()
#16 D:\\url_sorter\\url-shortener\\vendor\\laravel\\framework\\src\\Illuminate\\Database\\Migrations\\Migrator.php(211): Illuminate\\Database\\Migrations\\Migrator->runUp()
#17 D:\\url_sorter\\url-shortener\\vendor\\laravel\\framework\\src\\Illuminate\\Database\\Migrations\\Migrator.php(138): Illuminate\\Database\\Migrations\\Migrator->runPending()
#18 D:\\url_sorter\\url-shortener\\vendor\\laravel\\framework\\src\\Illuminate\\Database\\Console\\Migrations\\MigrateCommand.php(117): Illuminate\\Database\\Migrations\\Migrator->run()
#19 D:\\url_sorter\\url-shortener\\vendor\\laravel\\framework\\src\\Illuminate\\Database\\Migrations\\Migrator.php(658): Illuminate\\Database\\Console\\Migrations\\MigrateCommand->{closure:Illuminate\\Database\\Console\\Migrations\\MigrateCommand::runMigrations():110}()
#20 D:\\url_sorter\\url-shortener\\vendor\\laravel\\framework\\src\\Illuminate\\Database\\Console\\Migrations\\MigrateCommand.php(110): Illuminate\\Database\\Migrations\\Migrator->usingConnection()
#21 D:\\url_sorter\\url-shortener\\vendor\\laravel\\framework\\src\\Illuminate\\Database\\Console\\Migrations\\MigrateCommand.php(89): Illuminate\\Database\\Console\\Migrations\\MigrateCommand->runMigrations()
#22 D:\\url_sorter\\url-shortener\\vendor\\laravel\\framework\\src\\Illuminate\\Container\\BoundMethod.php(36): Illuminate\\Database\\Console\\Migrations\\MigrateCommand->handle()
#23 D:\\url_sorter\\url-shortener\\vendor\\laravel\\framework\\src\\Illuminate\\Container\\Util.php(43): Illuminate\\Container\\BoundMethod::{closure:Illuminate\\Container\\BoundMethod::call():35}()
#24 D:\\url_sorter\\url-shortener\\vendor\\laravel\\framework\\src\\Illuminate\\Container\\BoundMethod.php(95): Illuminate\\Container\\Util::unwrapIfClosure()
#25 D:\\url_sorter\\url-shortener\\vendor\\laravel\\framework\\src\\Illuminate\\Container\\BoundMethod.php(35): Illuminate\\Container\\BoundMethod::callBoundMethod()
#26 D:\\url_sorter\\url-shortener\\vendor\\laravel\\framework\\src\\Illuminate\\Container\\Container.php(696): Illuminate\\Container\\BoundMethod::call()
#27 D:\\url_sorter\\url-shortener\\vendor\\laravel\\framework\\src\\Illuminate\\Console\\Command.php(213): Illuminate\\Container\\Container->call()
#28 D:\\url_sorter\\url-shortener\\vendor\\symfony\\console\\Command\\Command.php(335): Illuminate\\Console\\Command->execute()
#29 D:\\url_sorter\\url-shortener\\vendor\\laravel\\framework\\src\\Illuminate\\Console\\Command.php(182): Symfony\\Component\\Console\\Command\\Command->run()
#30 D:\\url_sorter\\url-shortener\\vendor\\symfony\\console\\Application.php(1103): Illuminate\\Console\\Command->run()
#31 D:\\url_sorter\\url-shortener\\vendor\\symfony\\console\\Application.php(356): Symfony\\Component\\Console\\Application->doRunCommand()
#32 D:\\url_sorter\\url-shortener\\vendor\\symfony\\console\\Application.php(195): Symfony\\Component\\Console\\Application->doRun()
#33 D:\\url_sorter\\url-shortener\\vendor\\laravel\\framework\\src\\Illuminate\\Foundation\\Console\\Kernel.php(198): Symfony\\Component\\Console\\Application->run()
#34 D:\\url_sorter\\url-shortener\\vendor\\laravel\\framework\\src\\Illuminate\\Foundation\\Application.php(1235): Illuminate\\Foundation\\Console\\Kernel->handle()
#35 D:\\url_sorter\\url-shortener\\artisan(16): Illuminate\\Foundation\\Application->handleCommand()
#36 {main}
"} 
[2025-12-06 16:53:48] local.ERROR: SQLSTATE[HY000]: General error: 1 table users has no column named company_id (Connection: sqlite, SQL: insert into "users" ("email", "company_id", "role_id", "name", "password", "updated_at", "created_at") values (superadmin@example.com, 1, 1, Super Admin, $2y$12$DowxiGKVRnOYs3sjnAHequt8S8jEAkn0NuKEO6Zzq2V47go4OOnU6, 2025-12-06 16:53:48, 2025-12-06 16:53:48)) {"exception":"[object] (Illuminate\\Database\\QueryException(code: HY000): SQLSTATE[HY000]: General error: 1 table users has no column named company_id (Connection: sqlite, SQL: insert into \"users\" (\"email\", \"company_id\", \"role_id\", \"name\", \"password\", \"updated_at\", \"created_at\") values (superadmin@example.com, 1, 1, Super Admin, $2y$12$DowxiGKVRnOYs3sjnAHequt8S8jEAkn0NuKEO6Zzq2V47go4OOnU6, 2025-12-06 16:53:48, 2025-12-06 16:53:48)) at D:\\url_sorter\\url-shortener\\vendor\\laravel\\framework\\src\\Illuminate\\Database\\Connection.php:825)
[stacktrace]
#0 D:\\url_sorter\\url-shortener\\vendor\\laravel\\framework\\src\\Illuminate\\Database\\Connection.php(779): Illuminate\\Database\\Connection->runQueryCallback()
#1 D:\\url_sorter\\url-shortener\\vendor\\laravel\\framework\\src\\Illuminate\\Database\\Connection.php(560): Illuminate\\Database\\Connection->run()
#2 D:\\url_sorter\\url-shortener\\vendor\\laravel\\framework\\src\\Illuminate\\Database\\Connection.php(524): Illuminate\\Database\\Connection->statement()
#3 D:\\url_sorter\\url-shortener\\vendor\\laravel\\framework\\src\\Illuminate\\Database\\Query\\Processors\\Processor.php(32): Illuminate\\Database\\Connection->insert()
#4 D:\\url_sorter\\url-shortener\\vendor\\laravel\\framework\\src\\Illuminate\\Database\\Query\\Builder.php(3766): Illuminate\\Database\\Query\\Processors\\Processor->processInsertGetId()
#5 D:\\url_sorter\\url-shortener\\vendor\\laravel\\framework\\src\\Illuminate\\Database\\Eloquent\\Builder.php(2120): Illuminate\\Database\\Query\\Builder->insertGetId()
#6 D:\\url_sorter\\url-shortener\\vendor\\laravel\\framework\\src\\Illuminate\\Database\\Eloquent\\Model.php(1359): Illuminate\\Database\\Eloquent\\Builder->__call()
#7 D:\\url_sorter\\url-shortener\\vendor\\laravel\\framework\\src\\Illuminate\\Database\\Eloquent\\Model.php(1324): Illuminate\\Database\\Eloquent\\Model->insertAndSetId()
#8 D:\\url_sorter\\url-shortener\\vendor\\laravel\\framework\\src\\Illuminate\\Database\\Eloquent\\Model.php(1163): Illuminate\\Database\\Eloquent\\Model->performInsert()
#9 D:\\url_sorter\\url-shortener\\vendor\\laravel\\framework\\src\\Illuminate\\Database\\Eloquent\\Builder.php(1128): Illuminate\\Database\\Eloquent\\Model->save()
#10 D:\\url_sorter\\url-shortener\\vendor\\laravel\\framework\\src\\Illuminate\\Support\\helpers.php(399): Illuminate\\Database\\Eloquent\\Builder->{closure:Illuminate\\Database\\Eloquent\\Builder::create():1127}()
#11 D:\\url_sorter\\url-shortener\\vendor\\laravel\\framework\\src\\Illuminate\\Database\\Eloquent\\Builder.php(1127): tap()
#12 D:\\url_sorter\\url-shortener\\vendor\\laravel\\framework\\src\\Illuminate\\Database\\Eloquent\\Builder.php(634): Illuminate\\Database\\Eloquent\\Builder->create()
#13 D:\\url_sorter\\url-shortener\\vendor\\laravel\\framework\\src\\Illuminate\\Database\\Eloquent\\Builder.php(1864): Illuminate\\Database\\Eloquent\\Builder->{closure:Illuminate\\Database\\Eloquent\\Builder::createOrFirst():634}()
#14 D:\\url_sorter\\url-shortener\\vendor\\laravel\\framework\\src\\Illuminate\\Database\\Eloquent\\Builder.php(634): Illuminate\\Database\\Eloquent\\Builder->withSavepointIfNeeded()
#15 D:\\url_sorter\\url-shortener\\vendor\\laravel\\framework\\src\\Illuminate\\Database\\Eloquent\\Builder.php(621): Illuminate\\Database\\Eloquent\\Builder->createOrFirst()
#16 D:\\url_sorter\\url-shortener\\vendor\\laravel\\framework\\src\\Illuminate\\Support\\Traits\\ForwardsCalls.php(23): Illuminate\\Database\\Eloquent\\Builder->firstOrCreate()
#17 D:\\url_sorter\\url-shortener\\vendor\\laravel\\framework\\src\\Illuminate\\Database\\Eloquent\\Model.php(2372): Illuminate\\Database\\Eloquent\\Model->forwardCallTo()
#18 D:\\url_sorter\\url-shortener\\vendor\\laravel\\framework\\src\\Illuminate\\Database\\Eloquent\\Model.php(2384): Illuminate\\Database\\Eloquent\\Model->__call()
#19 D:\\url_sorter\\url-shortener\\database\\seeders\\UserSeeder.php(19): Illuminate\\Database\\Eloquent\\Model::__callStatic()
#20 D:\\url_sorter\\url-shortener\\vendor\\laravel\\framework\\src\\Illuminate\\Container\\BoundMethod.php(36): Database\\Seeders\\UserSeeder->run()
#21 D:\\url_sorter\\url-shortener\\vendor\\laravel\\framework\\src\\Illuminate\\Container\\Util.php(43): Illuminate\\Container\\BoundMethod::{closure:Illuminate\\Container\\BoundMethod::call():35}()
#22 D:\\url_sorter\\url-shortener\\vendor\\laravel\\framework\\src\\Illuminate\\Container\\BoundMethod.php(95): Illuminate\\Container\\Util::unwrapIfClosure()
#23 D:\\url_sorter\\url-shortener\\vendor\\laravel\\framework\\src\\Illuminate\\Container\\BoundMethod.php(35): Illuminate\\Container\\BoundMethod::callBoundMethod()
#24 D:\\url_sorter\\url-shortener\\vendor\\laravel\\framework\\src\\Illuminate\\Container\\Container.php(696): Illuminate\\Container\\BoundMethod::call()
#25 D:\\url_sorter\\url-shortener\\vendor\\laravel\\framework\\src\\Illuminate\\Database\\Seeder.php(188): Illuminate\\Container\\Container->call()
#26 D:\\url_sorter\\url-shortener\\vendor\\laravel\\framework\\src\\Illuminate\\Database\\Seeder.php(197): Illuminate\\Database\\Seeder->{closure:Illuminate\\Database\\Seeder::__invoke():187}()
#27 D:\\url_sorter\\url-shortener\\vendor\\laravel\\framework\\src\\Illuminate\\Database\\Seeder.php(61): Illuminate\\Database\\Seeder->__invoke()
#28 D:\\url_sorter\\url-shortener\\database\\seeders\\DatabaseSeeder.php(12): Illuminate\\Database\\Seeder->call()
#29 D:\\url_sorter\\url-shortener\\vendor\\laravel\\framework\\src\\Illuminate\\Container\\BoundMethod.php(36): Database\\Seeders\\DatabaseSeeder->run()
#30 D:\\url_sorter\\url-shortener\\vendor\\laravel\\framework\\src\\Illuminate\\Container\\Util.php(43): Illuminate\\Container\\BoundMethod::{closure:Illuminate\\Container\\BoundMethod::call():35}()
#31 D:\\url_sorter\\url-shortener\\vendor\\laravel\\framework\\src\\Illuminate\\Container\\BoundMethod.php(95): Illuminate\\Container\\Util::unwrapIfClosure()
#32 D:\\url_sorter\\url-shortener\\vendor\\laravel\\framework\\src\\Illuminate\\Container\\BoundMethod.php(35): Illuminate\\Container\\BoundMethod::callBoundMethod()
#33 D:\\url_sorter\\url-shortener\\vendor\\laravel\\framework\\src\\Illuminate\\Container\\Container.php(696): Illuminate\\Container\\BoundMethod::call()
#34 D:\\url_sorter\\url-shortener\\vendor\\laravel\\framework\\src\\Illuminate\\Database\\Seeder.php(188): Illuminate\\Container\\Container->call()
#35 D:\\url_sorter\\url-shortener\\vendor\\laravel\\framework\\src\\Illuminate\\Database\\Seeder.php(197): Illuminate\\Database\\Seeder->{closure:Illuminate\\Database\\Seeder::__invoke():187}()
#36 D:\\url_sorter\\url-shortener\\vendor\\laravel\\framework\\src\\Illuminate\\Database\\Console\\Seeds\\SeedCommand.php(70): Illuminate\\Database\\Seeder->__invoke()
#37 D:\\url_sorter\\url-shortener\\vendor\\laravel\\framework\\src\\Illuminate\\Database\\Eloquent\\Concerns\\GuardsAttributes.php(155): Illuminate\\Database\\Console\\Seeds\\SeedCommand->{closure:Illuminate\\Database\\Console\\Seeds\\SeedCommand::handle():69}()
#38 D:\\url_sorter\\url-shortener\\vendor\\laravel\\framework\\src\\Illuminate\\Database\\Console\\Seeds\\SeedCommand.php(69): Illuminate\\Database\\Eloquent\\Model::unguarded()
#39 D:\\url_sorter\\url-shortener\\vendor\\laravel\\framework\\src\\Illuminate\\Container\\BoundMethod.php(36): Illuminate\\Database\\Console\\Seeds\\SeedCommand->handle()
#40 D:\\url_sorter\\url-shortener\\vendor\\laravel\\framework\\src\\Illuminate\\Container\\Util.php(43): Illuminate\\Container\\BoundMethod::{closure:Illuminate\\Container\\BoundMethod::call():35}()
#41 D:\\url_sorter\\url-shortener\\vendor\\laravel\\framework\\src\\Illuminate\\Container\\BoundMethod.php(95): Illuminate\\Container\\Util::unwrapIfClosure()
#42 D:\\url_sorter\\url-shortener\\vendor\\laravel\\framework\\src\\Illuminate\\Container\\BoundMethod.php(35): Illuminate\\Container\\BoundMethod::callBoundMethod()
#43 D:\\url_sorter\\url-shortener\\vendor\\laravel\\framework\\src\\Illuminate\\Container\\Container.php(696): Illuminate\\Container\\BoundMethod::call()
#44 D:\\url_sorter\\url-shortener\\vendor\\laravel\\framework\\src\\Illuminate\\Console\\Command.php(213): Illuminate\\Container\\Container->call()
#45 D:\\url_sorter\\url-shortener\\vendor\\symfony\\console\\Command\\Command.php(335): Illuminate\\Console\\Command->execute()
#46 D:\\url_sorter\\url-shortener\\vendor\\laravel\\framework\\src\\Illuminate\\Console\\Command.php(182): Symfony\\Component\\Console\\Command\\Command->run()
#47 D:\\url_sorter\\url-shortener\\vendor\\symfony\\console\\Application.php(1103): Illuminate\\Console\\Command->run()
#48 D:\\url_sorter\\url-shortener\\vendor\\symfony\\console\\Application.php(356): Symfony\\Component\\Console\\Application->doRunCommand()
#49 D:\\url_sorter\\url-shortener\\vendor\\symfony\\console\\Application.php(195): Symfony\\Component\\Console\\Application->doRun()
#50 D:\\url_sorter\\url-shortener\\vendor\\laravel\\framework\\src\\Illuminate\\Foundation\\Console\\Kernel.php(198): Symfony\\Component\\Console\\Application->run()
#51 D:\\url_sorter\\url-shortener\\vendor\\laravel\\framework\\src\\Illuminate\\Foundation\\Application.php(1235): Illuminate\\Foundation\\Console\\Kernel->handle()
#52 D:\\url_sorter\\url-shortener\\artisan(16): Illuminate\\Foundation\\Application->handleCommand()
#53 {main}

[previous exception] [object] (PDOException(code: HY000): SQLSTATE[HY000]: General error: 1 table users has no column named company_id at D:\\url_sorter\\url-shortener\\vendor\\laravel\\framework\\src\\Illuminate\\Database\\Connection.php:565)
[stacktrace]
#0 D:\\url_sorter\\url-shortener\\vendor\\laravel\\framework\\src\\Illuminate\\Database\\Connection.php(565): PDO->prepare()
#1 D:\\url_sorter\\url-shortener\\vendor\\laravel\\framework\\src\\Illuminate\\Database\\Connection.php(812): Illuminate\\Database\\Connection->{closure:Illuminate\\Database\\Connection::statement():560}()
#2 D:\\url_sorter\\url-shortener\\vendor\\laravel\\framework\\src\\Illuminate\\Database\\Connection.php(779): Illuminate\\Database\\Connection->runQueryCallback()
#3 D:\\url_sorter\\url-shortener\\vendor\\laravel\\framework\\src\\Illuminate\\Database\\Connection.php(560): Illuminate\\Database\\Connection->run()
#4 D:\\url_sorter\\url-shortener\\vendor\\laravel\\framework\\src\\Illuminate\\Database\\Connection.php(524): Illuminate\\Database\\Connection->statement()
#5 D:\\url_sorter\\url-shortener\\vendor\\laravel\\framework\\src\\Illuminate\\Database\\Query\\Processors\\Processor.php(32): Illuminate\\Database\\Connection->insert()
#6 D:\\url_sorter\\url-shortener\\vendor\\laravel\\framework\\src\\Illuminate\\Database\\Query\\Builder.php(3766): Illuminate\\Database\\Query\\Processors\\Processor->processInsertGetId()
#7 D:\\url_sorter\\url-shortener\\vendor\\laravel\\framework\\src\\Illuminate\\Database\\Eloquent\\Builder.php(2120): Illuminate\\Database\\Query\\Builder->insertGetId()
#8 D:\\url_sorter\\url-shortener\\vendor\\laravel\\framework\\src\\Illuminate\\Database\\Eloquent\\Model.php(1359): Illuminate\\Database\\Eloquent\\Builder->__call()
#9 D:\\url_sorter\\url-shortener\\vendor\\laravel\\framework\\src\\Illuminate\\Database\\Eloquent\\Model.php(1324): Illuminate\\Database\\Eloquent\\Model->insertAndSetId()
#10 D:\\url_sorter\\url-shortener\\vendor\\laravel\\framework\\src\\Illuminate\\Database\\Eloquent\\Model.php(1163): Illuminate\\Database\\Eloquent\\Model->performInsert()
#11 D:\\url_sorter\\url-shortener\\vendor\\laravel\\framework\\src\\Illuminate\\Database\\Eloquent\\Builder.php(1128): Illuminate\\Database\\Eloquent\\Model->save()
#12 D:\\url_sorter\\url-shortener\\vendor\\laravel\\framework\\src\\Illuminate\\Support\\helpers.php(399): Illuminate\\Database\\Eloquent\\Builder->{closure:Illuminate\\Database\\Eloquent\\Builder::create():1127}()
#13 D:\\url_sorter\\url-shortener\\vendor\\laravel\\framework\\src\\Illuminate\\Database\\Eloquent\\Builder.php(1127): tap()
#14 D:\\url_sorter\\url-shortener\\vendor\\laravel\\framework\\src\\Illuminate\\Database\\Eloquent\\Builder.php(634): Illuminate\\Database\\Eloquent\\Builder->create()
#15 D:\\url_sorter\\url-shortener\\vendor\\laravel\\framework\\src\\Illuminate\\Database\\Eloquent\\Builder.php(1864): Illuminate\\Database\\Eloquent\\Builder->{closure:Illuminate\\Database\\Eloquent\\Builder::createOrFirst():634}()
#16 D:\\url_sorter\\url-shortener\\vendor\\laravel\\framework\\src\\Illuminate\\Database\\Eloquent\\Builder.php(634): Illuminate\\Database\\Eloquent\\Builder->withSavepointIfNeeded()
#17 D:\\url_sorter\\url-shortener\\vendor\\laravel\\framework\\src\\Illuminate\\Database\\Eloquent\\Builder.php(621): Illuminate\\Database\\Eloquent\\Builder->createOrFirst()
#18 D:\\url_sorter\\url-shortener\\vendor\\laravel\\framework\\src\\Illuminate\\Support\\Traits\\ForwardsCalls.php(23): Illuminate\\Database\\Eloquent\\Builder->firstOrCreate()
#19 D:\\url_sorter\\url-shortener\\vendor\\laravel\\framework\\src\\Illuminate\\Database\\Eloquent\\Model.php(2372): Illuminate\\Database\\Eloquent\\Model->forwardCallTo()
#20 D:\\url_sorter\\url-shortener\\vendor\\laravel\\framework\\src\\Illuminate\\Database\\Eloquent\\Model.php(2384): Illuminate\\Database\\Eloquent\\Model->__call()
#21 D:\\url_sorter\\url-shortener\\database\\seeders\\UserSeeder.php(19): Illuminate\\Database\\Eloquent\\Model::__callStatic()
#22 D:\\url_sorter\\url-shortener\\vendor\\laravel\\framework\\src\\Illuminate\\Container\\BoundMethod.php(36): Database\\Seeders\\UserSeeder->run()
#23 D:\\url_sorter\\url-shortener\\vendor\\laravel\\framework\\src\\Illuminate\\Container\\Util.php(43): Illuminate\\Container\\BoundMethod::{closure:Illuminate\\Container\\BoundMethod::call():35}()
#24 D:\\url_sorter\\url-shortener\\vendor\\laravel\\framework\\src\\Illuminate\\Container\\BoundMethod.php(95): Illuminate\\Container\\Util::unwrapIfClosure()
#25 D:\\url_sorter\\url-shortener\\vendor\\laravel\\framework\\src\\Illuminate\\Container\\BoundMethod.php(35): Illuminate\\Container\\BoundMethod::callBoundMethod()
#26 D:\\url_sorter\\url-shortener\\vendor\\laravel\\framework\\src\\Illuminate\\Container\\Container.php(696): Illuminate\\Container\\BoundMethod::call()
#27 D:\\url_sorter\\url-shortener\\vendor\\laravel\\framework\\src\\Illuminate\\Database\\Seeder.php(188): Illuminate\\Container\\Container->call()
#28 D:\\url_sorter\\url-shortener\\vendor\\laravel\\framework\\src\\Illuminate\\Database\\Seeder.php(197): Illuminate\\Database\\Seeder->{closure:Illuminate\\Database\\Seeder::__invoke():187}()
#29 D:\\url_sorter\\url-shortener\\vendor\\laravel\\framework\\src\\Illuminate\\Database\\Seeder.php(61): Illuminate\\Database\\Seeder->__invoke()
#30 D:\\url_sorter\\url-shortener\\database\\seeders\\DatabaseSeeder.php(12): Illuminate\\Database\\Seeder->call()
#31 D:\\url_sorter\\url-shortener\\vendor\\laravel\\framework\\src\\Illuminate\\Container\\BoundMethod.php(36): Database\\Seeders\\DatabaseSeeder->run()
#32 D:\\url_sorter\\url-shortener\\vendor\\laravel\\framework\\src\\Illuminate\\Container\\Util.php(43): Illuminate\\Container\\BoundMethod::{closure:Illuminate\\Container\\BoundMethod::call():35}()
#33 D:\\url_sorter\\url-shortener\\vendor\\laravel\\framework\\src\\Illuminate\\Container\\BoundMethod.php(95): Illuminate\\Container\\Util::unwrapIfClosure()
#34 D:\\url_sorter\\url-shortener\\vendor\\laravel\\framework\\src\\Illuminate\\Container\\BoundMethod.php(35): Illuminate\\Container\\BoundMethod::callBoundMethod()
#35 D:\\url_sorter\\url-shortener\\vendor\\laravel\\framework\\src\\Illuminate\\Container\\Container.php(696): Illuminate\\Container\\BoundMethod::call()
#36 D:\\url_sorter\\url-shortener\\vendor\\laravel\\framework\\src\\Illuminate\\Database\\Seeder.php(188): Illuminate\\Container\\Container->call()
#37 D:\\url_sorter\\url-shortener\\vendor\\laravel\\framework\\src\\Illuminate\\Database\\Seeder.php(197): Illuminate\\Database\\Seeder->{closure:Illuminate\\Database\\Seeder::__invoke():187}()
#38 D:\\url_sorter\\url-shortener\\vendor\\laravel\\framework\\src\\Illuminate\\Database\\Console\\Seeds\\SeedCommand.php(70): Illuminate\\Database\\Seeder->__invoke()
#39 D:\\url_sorter\\url-shortener\\vendor\\laravel\\framework\\src\\Illuminate\\Database\\Eloquent\\Concerns\\GuardsAttributes.php(155): Illuminate\\Database\\Console\\Seeds\\SeedCommand->{closure:Illuminate\\Database\\Console\\Seeds\\SeedCommand::handle():69}()
#40 D:\\url_sorter\\url-shortener\\vendor\\laravel\\framework\\src\\Illuminate\\Database\\Console\\Seeds\\SeedCommand.php(69): Illuminate\\Database\\Eloquent\\Model::unguarded()
#41 D:\\url_sorter\\url-shortener\\vendor\\laravel\\framework\\src\\Illuminate\\Container\\BoundMethod.php(36): Illuminate\\Database\\Console\\Seeds\\SeedCommand->handle()
#42 D:\\url_sorter\\url-shortener\\vendor\\laravel\\framework\\src\\Illuminate\\Container\\Util.php(43): Illuminate\\Container\\BoundMethod::{closure:Illuminate\\Container\\BoundMethod::call():35}()
#43 D:\\url_sorter\\url-shortener\\vendor\\laravel\\framework\\src\\Illuminate\\Container\\BoundMethod.php(95): Illuminate\\Container\\Util::unwrapIfClosure()
#44 D:\\url_sorter\\url-shortener\\vendor\\laravel\\framework\\src\\Illuminate\\Container\\BoundMethod.php(35): Illuminate\\Container\\BoundMethod::callBoundMethod()
#45 D:\\url_sorter\\url-shortener\\vendor\\laravel\\framework\\src\\Illuminate\\Container\\Container.php(696): Illuminate\\Container\\BoundMethod::call()
#46 D:\\url_sorter\\url-shortener\\vendor\\laravel\\framework\\src\\Illuminate\\Console\\Command.php(213): Illuminate\\Container\\Container->call()
#47 D:\\url_sorter\\url-shortener\\vendor\\symfony\\console\\Command\\Command.php(335): Illuminate\\Console\\Command->execute()
#48 D:\\url_sorter\\url-shortener\\vendor\\laravel\\framework\\src\\Illuminate\\Console\\Command.php(182): Symfony\\Component\\Console\\Command\\Command->run()
#49 D:\\url_sorter\\url-shortener\\vendor\\symfony\\console\\Application.php(1103): Illuminate\\Console\\Command->run()
#50 D:\\url_sorter\\url-shortener\\vendor\\symfony\\console\\Application.php(356): Symfony\\Component\\Console\\Application->doRunCommand()
#51 D:\\url_sorter\\url-shortener\\vendor\\symfony\\console\\Application.php(195): Symfony\\Component\\Console\\Application->doRun()
#52 D:\\url_sorter\\url-shortener\\vendor\\laravel\\framework\\src\\Illuminate\\Foundation\\Console\\Kernel.php(198): Symfony\\Component\\Console\\Application->run()
#53 D:\\url_sorter\\url-shortener\\vendor\\laravel\\framework\\src\\Illuminate\\Foundation\\Application.php(1235): Illuminate\\Foundation\\Console\\Kernel->handle()
#54 D:\\url_sorter\\url-shortener\\artisan(16): Illuminate\\Foundation\\Application->handleCommand()
#55 {main}
"} 
[2025-12-06 16:57:54] local.ERROR: SQLSTATE[HY000]: General error: 1 table "users" already exists (Connection: sqlite, SQL: create table "users" ("id" integer primary key autoincrement not null, "company_id" integer not null, "role_id" integer not null, "name" varchar not null, "email" varchar not null, "password" varchar not null, "remember_token" varchar, "created_at" datetime, "updated_at" datetime, foreign key("company_id") references "companies"("id"), foreign key("role_id") references "roles"("id"))) {"exception":"[object] (Illuminate\\Database\\QueryException(code: HY000): SQLSTATE[HY000]: General error: 1 table \"users\" already exists (Connection: sqlite, SQL: create table \"users\" (\"id\" integer primary key autoincrement not null, \"company_id\" integer not null, \"role_id\" integer not null, \"name\" varchar not null, \"email\" varchar not null, \"password\" varchar not null, \"remember_token\" varchar, \"created_at\" datetime, \"updated_at\" datetime, foreign key(\"company_id\") references \"companies\"(\"id\"), foreign key(\"role_id\") references \"roles\"(\"id\"))) at D:\\url_sorter\\url-shortener\\vendor\\laravel\\framework\\src\\Illuminate\\Database\\Connection.php:825)
[stacktrace]
#0 D:\\url_sorter\\url-shortener\\vendor\\laravel\\framework\\src\\Illuminate\\Database\\Connection.php(779): Illuminate\\Database\\Connection->runQueryCallback()
#1 D:\\url_sorter\\url-shortener\\vendor\\laravel\\framework\\src\\Illuminate\\Database\\Connection.php(560): Illuminate\\Database\\Connection->run()
#2 D:\\url_sorter\\url-shortener\\vendor\\laravel\\framework\\src\\Illuminate\\Database\\Schema\\Blueprint.php(118): Illuminate\\Database\\Connection->statement()
#3 D:\\url_sorter\\url-shortener\\vendor\\laravel\\framework\\src\\Illuminate\\Database\\Schema\\Builder.php(564): Illuminate\\Database\\Schema\\Blueprint->build()
#4 D:\\url_sorter\\url-shortener\\vendor\\laravel\\framework\\src\\Illuminate\\Database\\Schema\\Builder.php(418): Illuminate\\Database\\Schema\\Builder->build()
#5 D:\\url_sorter\\url-shortener\\vendor\\laravel\\framework\\src\\Illuminate\\Support\\Facades\\Facade.php(361): Illuminate\\Database\\Schema\\Builder->create()
#6 D:\\url_sorter\\url-shortener\\database\\migrations\\2024_01_01_000003_create_users_table.php(12): Illuminate\\Support\\Facades\\Facade::__callStatic()
#7 D:\\url_sorter\\url-shortener\\vendor\\laravel\\framework\\src\\Illuminate\\Database\\Migrations\\Migrator.php(507): Illuminate\\Database\\Migrations\\Migration@anonymous->up()
#8 D:\\url_sorter\\url-shortener\\vendor\\laravel\\framework\\src\\Illuminate\\Database\\Migrations\\Migrator.php(432): Illuminate\\Database\\Migrations\\Migrator->runMethod()
#9 D:\\url_sorter\\url-shortener\\vendor\\laravel\\framework\\src\\Illuminate\\Database\\Migrations\\Migrator.php(441): Illuminate\\Database\\Migrations\\Migrator->{closure:Illuminate\\Database\\Migrations\\Migrator::runMigration():428}()
#10 D:\\url_sorter\\url-shortener\\vendor\\laravel\\framework\\src\\Illuminate\\Database\\Migrations\\Migrator.php(244): Illuminate\\Database\\Migrations\\Migrator->runMigration()
#11 D:\\url_sorter\\url-shortener\\vendor\\laravel\\framework\\src\\Illuminate\\Console\\View\\Components\\Task.php(40): Illuminate\\Database\\Migrations\\Migrator->{closure:Illuminate\\Database\\Migrations\\Migrator::runUp():244}()
#12 D:\\url_sorter\\url-shortener\\vendor\\laravel\\framework\\src\\Illuminate\\Database\\Migrations\\Migrator.php(798): Illuminate\\Console\\View\\Components\\Task->render()
#13 D:\\url_sorter\\url-shortener\\vendor\\laravel\\framework\\src\\Illuminate\\Database\\Migrations\\Migrator.php(244): Illuminate\\Database\\Migrations\\Migrator->write()
#14 D:\\url_sorter\\url-shortener\\vendor\\laravel\\framework\\src\\Illuminate\\Database\\Migrations\\Migrator.php(211): Illuminate\\Database\\Migrations\\Migrator->runUp()
#15 D:\\url_sorter\\url-shortener\\vendor\\laravel\\framework\\src\\Illuminate\\Database\\Migrations\\Migrator.php(138): Illuminate\\Database\\Migrations\\Migrator->runPending()
#16 D:\\url_sorter\\url-shortener\\vendor\\laravel\\framework\\src\\Illuminate\\Database\\Console\\Migrations\\MigrateCommand.php(117): Illuminate\\Database\\Migrations\\Migrator->run()
#17 D:\\url_sorter\\url-shortener\\vendor\\laravel\\framework\\src\\Illuminate\\Database\\Migrations\\Migrator.php(658): Illuminate\\Database\\Console\\Migrations\\MigrateCommand->{closure:Illuminate\\Database\\Console\\Migrations\\MigrateCommand::runMigrations():110}()
#18 D:\\url_sorter\\url-shortener\\vendor\\laravel\\framework\\src\\Illuminate\\Database\\Console\\Migrations\\MigrateCommand.php(110): Illuminate\\Database\\Migrations\\Migrator->usingConnection()
#19 D:\\url_sorter\\url-shortener\\vendor\\laravel\\framework\\src\\Illuminate\\Database\\Console\\Migrations\\MigrateCommand.php(89): Illuminate\\Database\\Console\\Migrations\\MigrateCommand->runMigrations()
#20 D:\\url_sorter\\url-shortener\\vendor\\laravel\\framework\\src\\Illuminate\\Container\\BoundMethod.php(36): Illuminate\\Database\\Console\\Migrations\\MigrateCommand->handle()
#21 D:\\url_sorter\\url-shortener\\vendor\\laravel\\framework\\src\\Illuminate\\Container\\Util.php(43): Illuminate\\Container\\BoundMethod::{closure:Illuminate\\Container\\BoundMethod::call():35}()
#22 D:\\url_sorter\\url-shortener\\vendor\\laravel\\framework\\src\\Illuminate\\Container\\BoundMethod.php(95): Illuminate\\Container\\Util::unwrapIfClosure()
#23 D:\\url_sorter\\url-shortener\\vendor\\laravel\\framework\\src\\Illuminate\\Container\\BoundMethod.php(35): Illuminate\\Container\\BoundMethod::callBoundMethod()
#24 D:\\url_sorter\\url-shortener\\vendor\\laravel\\framework\\src\\Illuminate\\Container\\Container.php(696): Illuminate\\Container\\BoundMethod::call()
#25 D:\\url_sorter\\url-shortener\\vendor\\laravel\\framework\\src\\Illuminate\\Console\\Command.php(213): Illuminate\\Container\\Container->call()
#26 D:\\url_sorter\\url-shortener\\vendor\\symfony\\console\\Command\\Command.php(335): Illuminate\\Console\\Command->execute()
#27 D:\\url_sorter\\url-shortener\\vendor\\laravel\\framework\\src\\Illuminate\\Console\\Command.php(182): Symfony\\Component\\Console\\Command\\Command->run()
#28 D:\\url_sorter\\url-shortener\\vendor\\symfony\\console\\Application.php(1103): Illuminate\\Console\\Command->run()
#29 D:\\url_sorter\\url-shortener\\vendor\\symfony\\console\\Application.php(356): Symfony\\Component\\Console\\Application->doRunCommand()
#30 D:\\url_sorter\\url-shortener\\vendor\\symfony\\console\\Application.php(195): Symfony\\Component\\Console\\Application->doRun()
#31 D:\\url_sorter\\url-shortener\\vendor\\laravel\\framework\\src\\Illuminate\\Foundation\\Console\\Kernel.php(198): Symfony\\Component\\Console\\Application->run()
#32 D:\\url_sorter\\url-shortener\\vendor\\laravel\\framework\\src\\Illuminate\\Foundation\\Application.php(1235): Illuminate\\Foundation\\Console\\Kernel->handle()
#33 D:\\url_sorter\\url-shortener\\artisan(16): Illuminate\\Foundation\\Application->handleCommand()
#34 {main}

[previous exception] [object] (PDOException(code: HY000): SQLSTATE[HY000]: General error: 1 table \"users\" already exists at D:\\url_sorter\\url-shortener\\vendor\\laravel\\framework\\src\\Illuminate\\Database\\Connection.php:565)
[stacktrace]
#0 D:\\url_sorter\\url-shortener\\vendor\\laravel\\framework\\src\\Illuminate\\Database\\Connection.php(565): PDO->prepare()
#1 D:\\url_sorter\\url-shortener\\vendor\\laravel\\framework\\src\\Illuminate\\Database\\Connection.php(812): Illuminate\\Database\\Connection->{closure:Illuminate\\Database\\Connection::statement():560}()
#2 D:\\url_sorter\\url-shortener\\vendor\\laravel\\framework\\src\\Illuminate\\Database\\Connection.php(779): Illuminate\\Database\\Connection->runQueryCallback()
#3 D:\\url_sorter\\url-shortener\\vendor\\laravel\\framework\\src\\Illuminate\\Database\\Connection.php(560): Illuminate\\Database\\Connection->run()
#4 D:\\url_sorter\\url-shortener\\vendor\\laravel\\framework\\src\\Illuminate\\Database\\Schema\\Blueprint.php(118): Illuminate\\Database\\Connection->statement()
#5 D:\\url_sorter\\url-shortener\\vendor\\laravel\\framework\\src\\Illuminate\\Database\\Schema\\Builder.php(564): Illuminate\\Database\\Schema\\Blueprint->build()
#6 D:\\url_sorter\\url-shortener\\vendor\\laravel\\framework\\src\\Illuminate\\Database\\Schema\\Builder.php(418): Illuminate\\Database\\Schema\\Builder->build()
#7 D:\\url_sorter\\url-shortener\\vendor\\laravel\\framework\\src\\Illuminate\\Support\\Facades\\Facade.php(361): Illuminate\\Database\\Schema\\Builder->create()
#8 D:\\url_sorter\\url-shortener\\database\\migrations\\2024_01_01_000003_create_users_table.php(12): Illuminate\\Support\\Facades\\Facade::__callStatic()
#9 D:\\url_sorter\\url-shortener\\vendor\\laravel\\framework\\src\\Illuminate\\Database\\Migrations\\Migrator.php(507): Illuminate\\Database\\Migrations\\Migration@anonymous->up()
#10 D:\\url_sorter\\url-shortener\\vendor\\laravel\\framework\\src\\Illuminate\\Database\\Migrations\\Migrator.php(432): Illuminate\\Database\\Migrations\\Migrator->runMethod()
#11 D:\\url_sorter\\url-shortener\\vendor\\laravel\\framework\\src\\Illuminate\\Database\\Migrations\\Migrator.php(441): Illuminate\\Database\\Migrations\\Migrator->{closure:Illuminate\\Database\\Migrations\\Migrator::runMigration():428}()
#12 D:\\url_sorter\\url-shortener\\vendor\\laravel\\framework\\src\\Illuminate\\Database\\Migrations\\Migrator.php(244): Illuminate\\Database\\Migrations\\Migrator->runMigration()
#13 D:\\url_sorter\\url-shortener\\vendor\\laravel\\framework\\src\\Illuminate\\Console\\View\\Components\\Task.php(40): Illuminate\\Database\\Migrations\\Migrator->{closure:Illuminate\\Database\\Migrations\\Migrator::runUp():244}()
#14 D:\\url_sorter\\url-shortener\\vendor\\laravel\\framework\\src\\Illuminate\\Database\\Migrations\\Migrator.php(798): Illuminate\\Console\\View\\Components\\Task->render()
#15 D:\\url_sorter\\url-shortener\\vendor\\laravel\\framework\\src\\Illuminate\\Database\\Migrations\\Migrator.php(244): Illuminate\\Database\\Migrations\\Migrator->write()
#16 D:\\url_sorter\\url-shortener\\vendor\\laravel\\framework\\src\\Illuminate\\Database\\Migrations\\Migrator.php(211): Illuminate\\Database\\Migrations\\Migrator->runUp()
#17 D:\\url_sorter\\url-shortener\\vendor\\laravel\\framework\\src\\Illuminate\\Database\\Migrations\\Migrator.php(138): Illuminate\\Database\\Migrations\\Migrator->runPending()
#18 D:\\url_sorter\\url-shortener\\vendor\\laravel\\framework\\src\\Illuminate\\Database\\Console\\Migrations\\MigrateCommand.php(117): Illuminate\\Database\\Migrations\\Migrator->run()
#19 D:\\url_sorter\\url-shortener\\vendor\\laravel\\framework\\src\\Illuminate\\Database\\Migrations\\Migrator.php(658): Illuminate\\Database\\Console\\Migrations\\MigrateCommand->{closure:Illuminate\\Database\\Console\\Migrations\\MigrateCommand::runMigrations():110}()
#20 D:\\url_sorter\\url-shortener\\vendor\\laravel\\framework\\src\\Illuminate\\Database\\Console\\Migrations\\MigrateCommand.php(110): Illuminate\\Database\\Migrations\\Migrator->usingConnection()
#21 D:\\url_sorter\\url-shortener\\vendor\\laravel\\framework\\src\\Illuminate\\Database\\Console\\Migrations\\MigrateCommand.php(89): Illuminate\\Database\\Console\\Migrations\\MigrateCommand->runMigrations()
#22 D:\\url_sorter\\url-shortener\\vendor\\laravel\\framework\\src\\Illuminate\\Container\\BoundMethod.php(36): Illuminate\\Database\\Console\\Migrations\\MigrateCommand->handle()
#23 D:\\url_sorter\\url-shortener\\vendor\\laravel\\framework\\src\\Illuminate\\Container\\Util.php(43): Illuminate\\Container\\BoundMethod::{closure:Illuminate\\Container\\BoundMethod::call():35}()
#24 D:\\url_sorter\\url-shortener\\vendor\\laravel\\framework\\src\\Illuminate\\Container\\BoundMethod.php(95): Illuminate\\Container\\Util::unwrapIfClosure()
#25 D:\\url_sorter\\url-shortener\\vendor\\laravel\\framework\\src\\Illuminate\\Container\\BoundMethod.php(35): Illuminate\\Container\\BoundMethod::callBoundMethod()
#26 D:\\url_sorter\\url-shortener\\vendor\\laravel\\framework\\src\\Illuminate\\Container\\Container.php(696): Illuminate\\Container\\BoundMethod::call()
#27 D:\\url_sorter\\url-shortener\\vendor\\laravel\\framework\\src\\Illuminate\\Console\\Command.php(213): Illuminate\\Container\\Container->call()
#28 D:\\url_sorter\\url-shortener\\vendor\\symfony\\console\\Command\\Command.php(335): Illuminate\\Console\\Command->execute()
#29 D:\\url_sorter\\url-shortener\\vendor\\laravel\\framework\\src\\Illuminate\\Console\\Command.php(182): Symfony\\Component\\Console\\Command\\Command->run()
#30 D:\\url_sorter\\url-shortener\\vendor\\symfony\\console\\Application.php(1103): Illuminate\\Console\\Command->run()
#31 D:\\url_sorter\\url-shortener\\vendor\\symfony\\console\\Application.php(356): Symfony\\Component\\Console\\Application->doRunCommand()
#32 D:\\url_sorter\\url-shortener\\vendor\\symfony\\console\\Application.php(195): Symfony\\Component\\Console\\Application->doRun()
#33 D:\\url_sorter\\url-shortener\\vendor\\laravel\\framework\\src\\Illuminate\\Foundation\\Console\\Kernel.php(198): Symfony\\Component\\Console\\Application->run()
#34 D:\\url_sorter\\url-shortener\\vendor\\laravel\\framework\\src\\Illuminate\\Foundation\\Application.php(1235): Illuminate\\Foundation\\Console\\Kernel->handle()
#35 D:\\url_sorter\\url-shortener\\artisan(16): Illuminate\\Foundation\\Application->handleCommand()
#36 {main}
"} 
[2025-12-06 16:59:57] local.ERROR: could not find driver (Connection: sqlite, SQL: PRAGMA foreign_keys = ON;) {"exception":"[object] (Illuminate\\Database\\QueryException(code: 0): could not find driver (Connection: sqlite, SQL: PRAGMA foreign_keys = ON;) at D:\\url_sorter\\url-shortener\\vendor\\laravel\\framework\\src\\Illuminate\\Database\\Connection.php:825)
[stacktrace]
#0 D:\\url_sorter\\url-shortener\\vendor\\laravel\\framework\\src\\Illuminate\\Database\\Connection.php(779): Illuminate\\Database\\Connection->runQueryCallback()
#1 D:\\url_sorter\\url-shortener\\vendor\\laravel\\framework\\src\\Illuminate\\Database\\Connection.php(560): Illuminate\\Database\\Connection->run()
#2 D:\\url_sorter\\url-shortener\\vendor\\laravel\\framework\\src\\Illuminate\\Database\\Schema\\Builder.php(522): Illuminate\\Database\\Connection->statement()
#3 D:\\url_sorter\\url-shortener\\vendor\\laravel\\framework\\src\\Illuminate\\Database\\SQLiteConnection.php(59): Illuminate\\Database\\Schema\\Builder->enableForeignKeyConstraints()
#4 D:\\url_sorter\\url-shortener\\vendor\\laravel\\framework\\src\\Illuminate\\Database\\SQLiteConnection.php(28): Illuminate\\Database\\SQLiteConnection->configureForeignKeyConstraints()
#5 D:\\url_sorter\\url-shortener\\vendor\\laravel\\framework\\src\\Illuminate\\Database\\Connectors\\ConnectionFactory.php(277): Illuminate\\Database\\SQLiteConnection->__construct()
#6 D:\\url_sorter\\url-shortener\\vendor\\laravel\\framework\\src\\Illuminate\\Database\\Connectors\\ConnectionFactory.php(76): Illuminate\\Database\\Connectors\\ConnectionFactory->createConnection()
#7 D:\\url_sorter\\url-shortener\\vendor\\laravel\\framework\\src\\Illuminate\\Database\\Connectors\\ConnectionFactory.php(51): Illuminate\\Database\\Connectors\\ConnectionFactory->createSingleConnection()
#8 D:\\url_sorter\\url-shortener\\vendor\\laravel\\framework\\src\\Illuminate\\Database\\DatabaseManager.php(207): Illuminate\\Database\\Connectors\\ConnectionFactory->make()
#9 D:\\url_sorter\\url-shortener\\vendor\\laravel\\framework\\src\\Illuminate\\Database\\DatabaseManager.php(103): Illuminate\\Database\\DatabaseManager->makeConnection()
#10 D:\\url_sorter\\url-shortener\\vendor\\laravel\\framework\\src\\Illuminate\\Session\\SessionManager.php(108): Illuminate\\Database\\DatabaseManager->connection()
#11 D:\\url_sorter\\url-shortener\\vendor\\laravel\\framework\\src\\Illuminate\\Session\\SessionManager.php(95): Illuminate\\Session\\SessionManager->getDatabaseConnection()
#12 D:\\url_sorter\\url-shortener\\vendor\\laravel\\framework\\src\\Illuminate\\Support\\Manager.php(106): Illuminate\\Session\\SessionManager->createDatabaseDriver()
#13 D:\\url_sorter\\url-shortener\\vendor\\laravel\\framework\\src\\Illuminate\\Support\\Manager.php(80): Illuminate\\Support\\Manager->createDriver()
#14 D:\\url_sorter\\url-shortener\\vendor\\laravel\\framework\\src\\Illuminate\\Session\\SessionServiceProvider.php(52): Illuminate\\Support\\Manager->driver()
#15 D:\\url_sorter\\url-shortener\\vendor\\laravel\\framework\\src\\Illuminate\\Container\\Container.php(952): Illuminate\\Session\\SessionServiceProvider->{closure:Illuminate\\Session\\SessionServiceProvider::registerSessionDriver():48}()
#16 D:\\url_sorter\\url-shortener\\vendor\\laravel\\framework\\src\\Illuminate\\Container\\Container.php(832): Illuminate\\Container\\Container->build()
#17 D:\\url_sorter\\url-shortener\\vendor\\laravel\\framework\\src\\Illuminate\\Foundation\\Application.php(1078): Illuminate\\Container\\Container->resolve()
#18 D:\\url_sorter\\url-shortener\\vendor\\laravel\\framework\\src\\Illuminate\\Container\\Container.php(763): Illuminate\\Foundation\\Application->resolve()
#19 D:\\url_sorter\\url-shortener\\vendor\\laravel\\framework\\src\\Illuminate\\Foundation\\Application.php(1058): Illuminate\\Container\\Container->make()
#20 D:\\url_sorter\\url-shortener\\vendor\\laravel\\framework\\src\\Illuminate\\Container\\Container.php(1580): Illuminate\\Foundation\\Application->make()
#21 D:\\url_sorter\\url-shortener\\vendor\\laravel\\framework\\src\\Illuminate\\Routing\\RoutingServiceProvider.php(121): Illuminate\\Container\\Container->offsetGet()
#22 D:\\url_sorter\\url-shortener\\vendor\\laravel\\framework\\src\\Illuminate\\Container\\Container.php(952): Illuminate\\Routing\\RoutingServiceProvider->{closure:Illuminate\\Routing\\RoutingServiceProvider::registerRedirector():114}()
#23 D:\\url_sorter\\url-shortener\\vendor\\laravel\\framework\\src\\Illuminate\\Container\\Container.php(832): Illuminate\\Container\\Container->build()
#24 D:\\url_sorter\\url-shortener\\vendor\\laravel\\framework\\src\\Illuminate\\Foundation\\Application.php(1078): Illuminate\\Container\\Container->resolve()
#25 D:\\url_sorter\\url-shortener\\vendor\\laravel\\framework\\src\\Illuminate\\Container\\Container.php(763): Illuminate\\Foundation\\Application->resolve()
#26 D:\\url_sorter\\url-shortener\\vendor\\laravel\\framework\\src\\Illuminate\\Foundation\\Application.php(1058): Illuminate\\Container\\Container->make()
#27 D:\\url_sorter\\url-shortener\\vendor\\laravel\\framework\\src\\Illuminate\\Container\\Container.php(1580): Illuminate\\Foundation\\Application->make()
#28 D:\\url_sorter\\url-shortener\\vendor\\laravel\\framework\\src\\Illuminate\\Routing\\RoutingServiceProvider.php(177): Illuminate\\Container\\Container->offsetGet()
#29 D:\\url_sorter\\url-shortener\\vendor\\laravel\\framework\\src\\Illuminate\\Container\\Container.php(952): Illuminate\\Routing\\RoutingServiceProvider->{closure:Illuminate\\Routing\\RoutingServiceProvider::registerResponseFactory():176}()
#30 D:\\url_sorter\\url-shortener\\vendor\\laravel\\framework\\src\\Illuminate\\Container\\Container.php(832): Illuminate\\Container\\Container->build()
#31 D:\\url_sorter\\url-shortener\\vendor\\laravel\\framework\\src\\Illuminate\\Foundation\\Application.php(1078): Illuminate\\Container\\Container->resolve()
#32 D:\\url_sorter\\url-shortener\\vendor\\laravel\\framework\\src\\Illuminate\\Container\\Container.php(763): Illuminate\\Foundation\\Application->resolve()
#33 D:\\url_sorter\\url-shortener\\vendor\\laravel\\framework\\src\\Illuminate\\Foundation\\Application.php(1058): Illuminate\\Container\\Container->make()
#34 D:\\url_sorter\\url-shortener\\vendor\\laravel\\framework\\src\\Illuminate\\Foundation\\helpers.php(124): Illuminate\\Foundation\\Application->make()
#35 D:\\url_sorter\\url-shortener\\vendor\\laravel\\framework\\src\\Illuminate\\Foundation\\helpers.php(832): app()
#36 D:\\url_sorter\\url-shortener\\vendor\\laravel\\framework\\src\\Illuminate\\Foundation\\Exceptions\\Handler.php(894): response()
#37 D:\\url_sorter\\url-shortener\\vendor\\laravel\\framework\\src\\Illuminate\\Foundation\\Exceptions\\Handler.php(815): Illuminate\\Foundation\\Exceptions\\Handler->renderHttpException()
#38 D:\\url_sorter\\url-shortener\\vendor\\laravel\\framework\\src\\Illuminate\\Foundation\\Exceptions\\Handler.php(706): Illuminate\\Foundation\\Exceptions\\Handler->prepareResponse()
#39 D:\\url_sorter\\url-shortener\\vendor\\laravel\\framework\\src\\Illuminate\\Foundation\\Exceptions\\Handler.php(594): Illuminate\\Foundation\\Exceptions\\Handler->renderExceptionResponse()
#40 D:\\url_sorter\\url-shortener\\vendor\\laravel\\framework\\src\\Illuminate\\Routing\\Pipeline.php(51): Illuminate\\Foundation\\Exceptions\\Handler->render()
#41 D:\\url_sorter\\url-shortener\\vendor\\laravel\\framework\\src\\Illuminate\\Pipeline\\Pipeline.php(172): Illuminate\\Routing\\Pipeline->handleException()
#42 D:\\url_sorter\\url-shortener\\vendor\\laravel\\framework\\src\\Illuminate\\Foundation\\Http\\Middleware\\TransformsRequest.php(21): Illuminate\\Pipeline\\Pipeline->{closure:Illuminate\\Pipeline\\Pipeline::prepareDestination():168}()
#43 D:\\url_sorter\\url-shortener\\vendor\\laravel\\framework\\src\\Illuminate\\Foundation\\Http\\Middleware\\ConvertEmptyStringsToNull.php(31): Illuminate\\Foundation\\Http\\Middleware\\TransformsRequest->handle()
#44 D:\\url_sorter\\url-shortener\\vendor\\laravel\\framework\\src\\Illuminate\\Pipeline\\Pipeline.php(209): Illuminate\\Foundation\\Http\\Middleware\\ConvertEmptyStringsToNull->handle()
#45 D:\\url_sorter\\url-shortener\\vendor\\laravel\\framework\\src\\Illuminate\\Foundation\\Http\\Middleware\\TransformsRequest.php(21): Illuminate\\Pipeline\\Pipeline->{closure:{closure:Illuminate\\Pipeline\\Pipeline::carry():184}:185}()
#46 D:\\url_sorter\\url-shortener\\vendor\\laravel\\framework\\src\\Illuminate\\Foundation\\Http\\Middleware\\TrimStrings.php(51): Illuminate\\Foundation\\Http\\Middleware\\TransformsRequest->handle()
#47 D:\\url_sorter\\url-shortener\\vendor\\laravel\\framework\\src\\Illuminate\\Pipeline\\Pipeline.php(209): Illuminate\\Foundation\\Http\\Middleware\\TrimStrings->handle()
#48 D:\\url_sorter\\url-shortener\\vendor\\laravel\\framework\\src\\Illuminate\\Http\\Middleware\\ValidatePostSize.php(27): Illuminate\\Pipeline\\Pipeline->{closure:{closure:Illuminate\\Pipeline\\Pipeline::carry():184}:185}()
#49 D:\\url_sorter\\url-shortener\\vendor\\laravel\\framework\\src\\Illuminate\\Pipeline\\Pipeline.php(209): Illuminate\\Http\\Middleware\\ValidatePostSize->handle()
#50 D:\\url_sorter\\url-shortener\\vendor\\laravel\\framework\\src\\Illuminate\\Foundation\\Http\\Middleware\\PreventRequestsDuringMaintenance.php(110): Illuminate\\Pipeline\\Pipeline->{closure:{closure:Illuminate\\Pipeline\\Pipeline::carry():184}:185}()
#51 D:\\url_sorter\\url-shortener\\vendor\\laravel\\framework\\src\\Illuminate\\Pipeline\\Pipeline.php(209): Illuminate\\Foundation\\Http\\Middleware\\PreventRequestsDuringMaintenance->handle()
#52 D:\\url_sorter\\url-shortener\\vendor\\laravel\\framework\\src\\Illuminate\\Http\\Middleware\\HandleCors.php(49): Illuminate\\Pipeline\\Pipeline->{closure:{closure:Illuminate\\Pipeline\\Pipeline::carry():184}:185}()
#53 D:\\url_sorter\\url-shortener\\vendor\\laravel\\framework\\src\\Illuminate\\Pipeline\\Pipeline.php(209): Illuminate\\Http\\Middleware\\HandleCors->handle()
#54 D:\\url_sorter\\url-shortener\\vendor\\laravel\\framework\\src\\Illuminate\\Http\\Middleware\\TrustProxies.php(58): Illuminate\\Pipeline\\Pipeline->{closure:{closure:Illuminate\\Pipeline\\Pipeline::carry():184}:185}()
#55 D:\\url_sorter\\url-shortener\\vendor\\laravel\\framework\\src\\Illuminate\\Pipeline\\Pipeline.php(209): Illuminate\\Http\\Middleware\\TrustProxies->handle()
#56 D:\\url_sorter\\url-shortener\\vendor\\laravel\\framework\\src\\Illuminate\\Foundation\\Http\\Middleware\\InvokeDeferredCallbacks.php(22): Illuminate\\Pipeline\\Pipeline->{closure:{closure:Illuminate\\Pipeline\\Pipeline::carry():184}:185}()
#57 D:\\url_sorter\\url-shortener\\vendor\\laravel\\framework\\src\\Illuminate\\Pipeline\\Pipeline.php(209): Illuminate\\Foundation\\Http\\Middleware\\InvokeDeferredCallbacks->handle()
#58 D:\\url_sorter\\url-shortener\\vendor\\laravel\\framework\\src\\Illuminate\\Pipeline\\Pipeline.php(127): Illuminate\\Pipeline\\Pipeline->{closure:{closure:Illuminate\\Pipeline\\Pipeline::carry():184}:185}()
#59 D:\\url_sorter\\url-shortener\\vendor\\laravel\\framework\\src\\Illuminate\\Foundation\\Http\\Kernel.php(176): Illuminate\\Pipeline\\Pipeline->then()
#60 D:\\url_sorter\\url-shortener\\vendor\\laravel\\framework\\src\\Illuminate\\Foundation\\Http\\Kernel.php(145): Illuminate\\Foundation\\Http\\Kernel->sendRequestThroughRouter()
#61 D:\\url_sorter\\url-shortener\\vendor\\laravel\\framework\\src\\Illuminate\\Foundation\\Application.php(1220): Illuminate\\Foundation\\Http\\Kernel->handle()
#62 D:\\url_sorter\\url-shortener\\public\\index.php(20): Illuminate\\Foundation\\Application->handleRequest()
#63 D:\\url_sorter\\url-shortener\\vendor\\laravel\\framework\\src\\Illuminate\\Foundation\\resources\\server.php(23): require_once('...')
#64 {main}

[previous exception] [object] (PDOException(code: 0): could not find driver at D:\\url_sorter\\url-shortener\\vendor\\laravel\\framework\\src\\Illuminate\\Database\\Connectors\\Connector.php:67)
[stacktrace]
#0 D:\\url_sorter\\url-shortener\\vendor\\laravel\\framework\\src\\Illuminate\\Database\\Connectors\\Connector.php(67): PDO::connect()
#1 D:\\url_sorter\\url-shortener\\vendor\\laravel\\framework\\src\\Illuminate\\Database\\Connectors\\Connector.php(44): Illuminate\\Database\\Connectors\\Connector->createPdoConnection()
#2 D:\\url_sorter\\url-shortener\\vendor\\laravel\\framework\\src\\Illuminate\\Database\\Connectors\\SQLiteConnector.php(40): Illuminate\\Database\\Connectors\\Connector->createConnection()
#3 D:\\url_sorter\\url-shortener\\vendor\\laravel\\framework\\src\\Illuminate\\Database\\Connectors\\ConnectionFactory.php(224): Illuminate\\Database\\Connectors\\SQLiteConnector->connect()
#4 [internal function]: Illuminate\\Database\\Connectors\\ConnectionFactory->{closure:Illuminate\\Database\\Connectors\\ConnectionFactory::createPdoResolverWithoutHosts():224}()
#5 D:\\url_sorter\\url-shortener\\vendor\\laravel\\framework\\src\\Illuminate\\Database\\Connection.php(1231): call_user_func()
#6 D:\\url_sorter\\url-shortener\\vendor\\laravel\\framework\\src\\Illuminate\\Database\\Connection.php(565): Illuminate\\Database\\Connection->getPdo()
#7 D:\\url_sorter\\url-shortener\\vendor\\laravel\\framework\\src\\Illuminate\\Database\\Connection.php(812): Illuminate\\Database\\Connection->{closure:Illuminate\\Database\\Connection::statement():560}()
#8 D:\\url_sorter\\url-shortener\\vendor\\laravel\\framework\\src\\Illuminate\\Database\\Connection.php(779): Illuminate\\Database\\Connection->runQueryCallback()
#9 D:\\url_sorter\\url-shortener\\vendor\\laravel\\framework\\src\\Illuminate\\Database\\Connection.php(560): Illuminate\\Database\\Connection->run()
#10 D:\\url_sorter\\url-shortener\\vendor\\laravel\\framework\\src\\Illuminate\\Database\\Schema\\Builder.php(522): Illuminate\\Database\\Connection->statement()
#11 D:\\url_sorter\\url-shortener\\vendor\\laravel\\framework\\src\\Illuminate\\Database\\SQLiteConnection.php(59): Illuminate\\Database\\Schema\\Builder->enableForeignKeyConstraints()
#12 D:\\url_sorter\\url-shortener\\vendor\\laravel\\framework\\src\\Illuminate\\Database\\SQLiteConnection.php(28): Illuminate\\Database\\SQLiteConnection->configureForeignKeyConstraints()
#13 D:\\url_sorter\\url-shortener\\vendor\\laravel\\framework\\src\\Illuminate\\Database\\Connectors\\ConnectionFactory.php(277): Illuminate\\Database\\SQLiteConnection->__construct()
#14 D:\\url_sorter\\url-shortener\\vendor\\laravel\\framework\\src\\Illuminate\\Database\\Connectors\\ConnectionFactory.php(76): Illuminate\\Database\\Connectors\\ConnectionFactory->createConnection()
#15 D:\\url_sorter\\url-shortener\\vendor\\laravel\\framework\\src\\Illuminate\\Database\\Connectors\\ConnectionFactory.php(51): Illuminate\\Database\\Connectors\\ConnectionFactory->createSingleConnection()
#16 D:\\url_sorter\\url-shortener\\vendor\\laravel\\framework\\src\\Illuminate\\Database\\DatabaseManager.php(207): Illuminate\\Database\\Connectors\\ConnectionFactory->make()
#17 D:\\url_sorter\\url-shortener\\vendor\\laravel\\framework\\src\\Illuminate\\Database\\DatabaseManager.php(103): Illuminate\\Database\\DatabaseManager->makeConnection()
#18 D:\\url_sorter\\url-shortener\\vendor\\laravel\\framework\\src\\Illuminate\\Session\\SessionManager.php(108): Illuminate\\Database\\DatabaseManager->connection()
#19 D:\\url_sorter\\url-shortener\\vendor\\laravel\\framework\\src\\Illuminate\\Session\\SessionManager.php(95): Illuminate\\Session\\SessionManager->getDatabaseConnection()
#20 D:\\url_sorter\\url-shortener\\vendor\\laravel\\framework\\src\\Illuminate\\Support\\Manager.php(106): Illuminate\\Session\\SessionManager->createDatabaseDriver()
#21 D:\\url_sorter\\url-shortener\\vendor\\laravel\\framework\\src\\Illuminate\\Support\\Manager.php(80): Illuminate\\Support\\Manager->createDriver()
#22 D:\\url_sorter\\url-shortener\\vendor\\laravel\\framework\\src\\Illuminate\\Session\\SessionServiceProvider.php(52): Illuminate\\Support\\Manager->driver()
#23 D:\\url_sorter\\url-shortener\\vendor\\laravel\\framework\\src\\Illuminate\\Container\\Container.php(952): Illuminate\\Session\\SessionServiceProvider->{closure:Illuminate\\Session\\SessionServiceProvider::registerSessionDriver():48}()
#24 D:\\url_sorter\\url-shortener\\vendor\\laravel\\framework\\src\\Illuminate\\Container\\Container.php(832): Illuminate\\Container\\Container->build()
#25 D:\\url_sorter\\url-shortener\\vendor\\laravel\\framework\\src\\Illuminate\\Foundation\\Application.php(1078): Illuminate\\Container\\Container->resolve()
#26 D:\\url_sorter\\url-shortener\\vendor\\laravel\\framework\\src\\Illuminate\\Container\\Container.php(763): Illuminate\\Foundation\\Application->resolve()
#27 D:\\url_sorter\\url-shortener\\vendor\\laravel\\framework\\src\\Illuminate\\Foundation\\Application.php(1058): Illuminate\\Container\\Container->make()
#28 D:\\url_sorter\\url-shortener\\vendor\\laravel\\framework\\src\\Illuminate\\Container\\Container.php(1580): Illuminate\\Foundation\\Application->make()
#29 D:\\url_sorter\\url-shortener\\vendor\\laravel\\framework\\src\\Illuminate\\Routing\\RoutingServiceProvider.php(121): Illuminate\\Container\\Container->offsetGet()
#30 D:\\url_sorter\\url-shortener\\vendor\\laravel\\framework\\src\\Illuminate\\Container\\Container.php(952): Illuminate\\Routing\\RoutingServiceProvider->{closure:Illuminate\\Routing\\RoutingServiceProvider::registerRedirector():114}()
#31 D:\\url_sorter\\url-shortener\\vendor\\laravel\\framework\\src\\Illuminate\\Container\\Container.php(832): Illuminate\\Container\\Container->build()
#32 D:\\url_sorter\\url-shortener\\vendor\\laravel\\framework\\src\\Illuminate\\Foundation\\Application.php(1078): Illuminate\\Container\\Container->resolve()
#33 D:\\url_sorter\\url-shortener\\vendor\\laravel\\framework\\src\\Illuminate\\Container\\Container.php(763): Illuminate\\Foundation\\Application->resolve()
#34 D:\\url_sorter\\url-shortener\\vendor\\laravel\\framework\\src\\Illuminate\\Foundation\\Application.php(1058): Illuminate\\Container\\Container->make()
#35 D:\\url_sorter\\url-shortener\\vendor\\laravel\\framework\\src\\Illuminate\\Container\\Container.php(1580): Illuminate\\Foundation\\Application->make()
#36 D:\\url_sorter\\url-shortener\\vendor\\laravel\\framework\\src\\Illuminate\\Routing\\RoutingServiceProvider.php(177): Illuminate\\Container\\Container->offsetGet()
#37 D:\\url_sorter\\url-shortener\\vendor\\laravel\\framework\\src\\Illuminate\\Container\\Container.php(952): Illuminate\\Routing\\RoutingServiceProvider->{closure:Illuminate\\Routing\\RoutingServiceProvider::registerResponseFactory():176}()
#38 D:\\url_sorter\\url-shortener\\vendor\\laravel\\framework\\src\\Illuminate\\Container\\Container.php(832): Illuminate\\Container\\Container->build()
#39 D:\\url_sorter\\url-shortener\\vendor\\laravel\\framework\\src\\Illuminate\\Foundation\\Application.php(1078): Illuminate\\Container\\Container->resolve()
#40 D:\\url_sorter\\url-shortener\\vendor\\laravel\\framework\\src\\Illuminate\\Container\\Container.php(763): Illuminate\\Foundation\\Application->resolve()
#41 D:\\url_sorter\\url-shortener\\vendor\\laravel\\framework\\src\\Illuminate\\Foundation\\Application.php(1058): Illuminate\\Container\\Container->make()
#42 D:\\url_sorter\\url-shortener\\vendor\\laravel\\framework\\src\\Illuminate\\Foundation\\helpers.php(124): Illuminate\\Foundation\\Application->make()
#43 D:\\url_sorter\\url-shortener\\vendor\\laravel\\framework\\src\\Illuminate\\Foundation\\helpers.php(832): app()
#44 D:\\url_sorter\\url-shortener\\vendor\\laravel\\framework\\src\\Illuminate\\Foundation\\Exceptions\\Handler.php(894): response()
#45 D:\\url_sorter\\url-shortener\\vendor\\laravel\\framework\\src\\Illuminate\\Foundation\\Exceptions\\Handler.php(815): Illuminate\\Foundation\\Exceptions\\Handler->renderHttpException()
#46 D:\\url_sorter\\url-shortener\\vendor\\laravel\\framework\\src\\Illuminate\\Foundation\\Exceptions\\Handler.php(706): Illuminate\\Foundation\\Exceptions\\Handler->prepareResponse()
#47 D:\\url_sorter\\url-shortener\\vendor\\laravel\\framework\\src\\Illuminate\\Foundation\\Exceptions\\Handler.php(594): Illuminate\\Foundation\\Exceptions\\Handler->renderExceptionResponse()
#48 D:\\url_sorter\\url-shortener\\vendor\\laravel\\framework\\src\\Illuminate\\Routing\\Pipeline.php(51): Illuminate\\Foundation\\Exceptions\\Handler->render()
#49 D:\\url_sorter\\url-shortener\\vendor\\laravel\\framework\\src\\Illuminate\\Pipeline\\Pipeline.php(172): Illuminate\\Routing\\Pipeline->handleException()
#50 D:\\url_sorter\\url-shortener\\vendor\\laravel\\framework\\src\\Illuminate\\Foundation\\Http\\Middleware\\TransformsRequest.php(21): Illuminate\\Pipeline\\Pipeline->{closure:Illuminate\\Pipeline\\Pipeline::prepareDestination():168}()
#51 D:\\url_sorter\\url-shortener\\vendor\\laravel\\framework\\src\\Illuminate\\Foundation\\Http\\Middleware\\ConvertEmptyStringsToNull.php(31): Illuminate\\Foundation\\Http\\Middleware\\TransformsRequest->handle()
#52 D:\\url_sorter\\url-shortener\\vendor\\laravel\\framework\\src\\Illuminate\\Pipeline\\Pipeline.php(209): Illuminate\\Foundation\\Http\\Middleware\\ConvertEmptyStringsToNull->handle()
#53 D:\\url_sorter\\url-shortener\\vendor\\laravel\\framework\\src\\Illuminate\\Foundation\\Http\\Middleware\\TransformsRequest.php(21): Illuminate\\Pipeline\\Pipeline->{closure:{closure:Illuminate\\Pipeline\\Pipeline::carry():184}:185}()
#54 D:\\url_sorter\\url-shortener\\vendor\\laravel\\framework\\src\\Illuminate\\Foundation\\Http\\Middleware\\TrimStrings.php(51): Illuminate\\Foundation\\Http\\Middleware\\TransformsRequest->handle()
#55 D:\\url_sorter\\url-shortener\\vendor\\laravel\\framework\\src\\Illuminate\\Pipeline\\Pipeline.php(209): Illuminate\\Foundation\\Http\\Middleware\\TrimStrings->handle()
#56 D:\\url_sorter\\url-shortener\\vendor\\laravel\\framework\\src\\Illuminate\\Http\\Middleware\\ValidatePostSize.php(27): Illuminate\\Pipeline\\Pipeline->{closure:{closure:Illuminate\\Pipeline\\Pipeline::carry():184}:185}()
#57 D:\\url_sorter\\url-shortener\\vendor\\laravel\\framework\\src\\Illuminate\\Pipeline\\Pipeline.php(209): Illuminate\\Http\\Middleware\\ValidatePostSize->handle()
#58 D:\\url_sorter\\url-shortener\\vendor\\laravel\\framework\\src\\Illuminate\\Foundation\\Http\\Middleware\\PreventRequestsDuringMaintenance.php(110): Illuminate\\Pipeline\\Pipeline->{closure:{closure:Illuminate\\Pipeline\\Pipeline::carry():184}:185}()
#59 D:\\url_sorter\\url-shortener\\vendor\\laravel\\framework\\src\\Illuminate\\Pipeline\\Pipeline.php(209): Illuminate\\Foundation\\Http\\Middleware\\PreventRequestsDuringMaintenance->handle()
#60 D:\\url_sorter\\url-shortener\\vendor\\laravel\\framework\\src\\Illuminate\\Http\\Middleware\\HandleCors.php(49): Illuminate\\Pipeline\\Pipeline->{closure:{closure:Illuminate\\Pipeline\\Pipeline::carry():184}:185}()
#61 D:\\url_sorter\\url-shortener\\vendor\\laravel\\framework\\src\\Illuminate\\Pipeline\\Pipeline.php(209): Illuminate\\Http\\Middleware\\HandleCors->handle()
#62 D:\\url_sorter\\url-shortener\\vendor\\laravel\\framework\\src\\Illuminate\\Http\\Middleware\\TrustProxies.php(58): Illuminate\\Pipeline\\Pipeline->{closure:{closure:Illuminate\\Pipeline\\Pipeline::carry():184}:185}()
#63 D:\\url_sorter\\url-shortener\\vendor\\laravel\\framework\\src\\Illuminate\\Pipeline\\Pipeline.php(209): Illuminate\\Http\\Middleware\\TrustProxies->handle()
#64 D:\\url_sorter\\url-shortener\\vendor\\laravel\\framework\\src\\Illuminate\\Foundation\\Http\\Middleware\\InvokeDeferredCallbacks.php(22): Illuminate\\Pipeline\\Pipeline->{closure:{closure:Illuminate\\Pipeline\\Pipeline::carry():184}:185}()
#65 D:\\url_sorter\\url-shortener\\vendor\\laravel\\framework\\src\\Illuminate\\Pipeline\\Pipeline.php(209): Illuminate\\Foundation\\Http\\Middleware\\InvokeDeferredCallbacks->handle()
#66 D:\\url_sorter\\url-shortener\\vendor\\laravel\\framework\\src\\Illuminate\\Pipeline\\Pipeline.php(127): Illuminate\\Pipeline\\Pipeline->{closure:{closure:Illuminate\\Pipeline\\Pipeline::carry():184}:185}()
#67 D:\\url_sorter\\url-shortener\\vendor\\laravel\\framework\\src\\Illuminate\\Foundation\\Http\\Kernel.php(176): Illuminate\\Pipeline\\Pipeline->then()
#68 D:\\url_sorter\\url-shortener\\vendor\\laravel\\framework\\src\\Illuminate\\Foundation\\Http\\Kernel.php(145): Illuminate\\Foundation\\Http\\Kernel->sendRequestThroughRouter()
#69 D:\\url_sorter\\url-shortener\\vendor\\laravel\\framework\\src\\Illuminate\\Foundation\\Application.php(1220): Illuminate\\Foundation\\Http\\Kernel->handle()
#70 D:\\url_sorter\\url-shortener\\public\\index.php(20): Illuminate\\Foundation\\Application->handleRequest()
#71 D:\\url_sorter\\url-shortener\\vendor\\laravel\\framework\\src\\Illuminate\\Foundation\\resources\\server.php(23): require_once('...')
#72 {main}
"} 
[2025-12-06 17:00:00] local.ERROR: could not find driver (Connection: sqlite, SQL: PRAGMA foreign_keys = ON;) {"exception":"[object] (Illuminate\\Database\\QueryException(code: 0): could not find driver (Connection: sqlite, SQL: PRAGMA foreign_keys = ON;) at D:\\url_sorter\\url-shortener\\vendor\\laravel\\framework\\src\\Illuminate\\Database\\Connection.php:825)
[stacktrace]
#0 D:\\url_sorter\\url-shortener\\vendor\\laravel\\framework\\src\\Illuminate\\Database\\Connection.php(779): Illuminate\\Database\\Connection->runQueryCallback()
#1 D:\\url_sorter\\url-shortener\\vendor\\laravel\\framework\\src\\Illuminate\\Database\\Connection.php(560): Illuminate\\Database\\Connection->run()
#2 D:\\url_sorter\\url-shortener\\vendor\\laravel\\framework\\src\\Illuminate\\Database\\Schema\\Builder.php(522): Illuminate\\Database\\Connection->statement()
#3 D:\\url_sorter\\url-shortener\\vendor\\laravel\\framework\\src\\Illuminate\\Database\\SQLiteConnection.php(59): Illuminate\\Database\\Schema\\Builder->enableForeignKeyConstraints()
#4 D:\\url_sorter\\url-shortener\\vendor\\laravel\\framework\\src\\Illuminate\\Database\\SQLiteConnection.php(28): Illuminate\\Database\\SQLiteConnection->configureForeignKeyConstraints()
#5 D:\\url_sorter\\url-shortener\\vendor\\laravel\\framework\\src\\Illuminate\\Database\\Connectors\\ConnectionFactory.php(277): Illuminate\\Database\\SQLiteConnection->__construct()
#6 D:\\url_sorter\\url-shortener\\vendor\\laravel\\framework\\src\\Illuminate\\Database\\Connectors\\ConnectionFactory.php(76): Illuminate\\Database\\Connectors\\ConnectionFactory->createConnection()
#7 D:\\url_sorter\\url-shortener\\vendor\\laravel\\framework\\src\\Illuminate\\Database\\Connectors\\ConnectionFactory.php(51): Illuminate\\Database\\Connectors\\ConnectionFactory->createSingleConnection()
#8 D:\\url_sorter\\url-shortener\\vendor\\laravel\\framework\\src\\Illuminate\\Database\\DatabaseManager.php(207): Illuminate\\Database\\Connectors\\ConnectionFactory->make()
#9 D:\\url_sorter\\url-shortener\\vendor\\laravel\\framework\\src\\Illuminate\\Database\\DatabaseManager.php(103): Illuminate\\Database\\DatabaseManager->makeConnection()
#10 D:\\url_sorter\\url-shortener\\vendor\\laravel\\framework\\src\\Illuminate\\Session\\SessionManager.php(108): Illuminate\\Database\\DatabaseManager->connection()
#11 D:\\url_sorter\\url-shortener\\vendor\\laravel\\framework\\src\\Illuminate\\Session\\SessionManager.php(95): Illuminate\\Session\\SessionManager->getDatabaseConnection()
#12 D:\\url_sorter\\url-shortener\\vendor\\laravel\\framework\\src\\Illuminate\\Support\\Manager.php(106): Illuminate\\Session\\SessionManager->createDatabaseDriver()
#13 D:\\url_sorter\\url-shortener\\vendor\\laravel\\framework\\src\\Illuminate\\Support\\Manager.php(80): Illuminate\\Support\\Manager->createDriver()
#14 D:\\url_sorter\\url-shortener\\vendor\\laravel\\framework\\src\\Illuminate\\Session\\SessionServiceProvider.php(52): Illuminate\\Support\\Manager->driver()
#15 D:\\url_sorter\\url-shortener\\vendor\\laravel\\framework\\src\\Illuminate\\Container\\Container.php(952): Illuminate\\Session\\SessionServiceProvider->{closure:Illuminate\\Session\\SessionServiceProvider::registerSessionDriver():48}()
#16 D:\\url_sorter\\url-shortener\\vendor\\laravel\\framework\\src\\Illuminate\\Container\\Container.php(832): Illuminate\\Container\\Container->build()
#17 D:\\url_sorter\\url-shortener\\vendor\\laravel\\framework\\src\\Illuminate\\Foundation\\Application.php(1078): Illuminate\\Container\\Container->resolve()
#18 D:\\url_sorter\\url-shortener\\vendor\\laravel\\framework\\src\\Illuminate\\Container\\Container.php(763): Illuminate\\Foundation\\Application->resolve()
#19 D:\\url_sorter\\url-shortener\\vendor\\laravel\\framework\\src\\Illuminate\\Foundation\\Application.php(1058): Illuminate\\Container\\Container->make()
#20 D:\\url_sorter\\url-shortener\\vendor\\laravel\\framework\\src\\Illuminate\\Container\\Container.php(1580): Illuminate\\Foundation\\Application->make()
#21 D:\\url_sorter\\url-shortener\\vendor\\laravel\\framework\\src\\Illuminate\\Routing\\RoutingServiceProvider.php(121): Illuminate\\Container\\Container->offsetGet()
#22 D:\\url_sorter\\url-shortener\\vendor\\laravel\\framework\\src\\Illuminate\\Container\\Container.php(952): Illuminate\\Routing\\RoutingServiceProvider->{closure:Illuminate\\Routing\\RoutingServiceProvider::registerRedirector():114}()
#23 D:\\url_sorter\\url-shortener\\vendor\\laravel\\framework\\src\\Illuminate\\Container\\Container.php(832): Illuminate\\Container\\Container->build()
#24 D:\\url_sorter\\url-shortener\\vendor\\laravel\\framework\\src\\Illuminate\\Foundation\\Application.php(1078): Illuminate\\Container\\Container->resolve()
#25 D:\\url_sorter\\url-shortener\\vendor\\laravel\\framework\\src\\Illuminate\\Container\\Container.php(763): Illuminate\\Foundation\\Application->resolve()
#26 D:\\url_sorter\\url-shortener\\vendor\\laravel\\framework\\src\\Illuminate\\Foundation\\Application.php(1058): Illuminate\\Container\\Container->make()
#27 D:\\url_sorter\\url-shortener\\vendor\\laravel\\framework\\src\\Illuminate\\Container\\Container.php(1580): Illuminate\\Foundation\\Application->make()
#28 D:\\url_sorter\\url-shortener\\vendor\\laravel\\framework\\src\\Illuminate\\Routing\\RoutingServiceProvider.php(177): Illuminate\\Container\\Container->offsetGet()
#29 D:\\url_sorter\\url-shortener\\vendor\\laravel\\framework\\src\\Illuminate\\Container\\Container.php(952): Illuminate\\Routing\\RoutingServiceProvider->{closure:Illuminate\\Routing\\RoutingServiceProvider::registerResponseFactory():176}()
#30 D:\\url_sorter\\url-shortener\\vendor\\laravel\\framework\\src\\Illuminate\\Container\\Container.php(832): Illuminate\\Container\\Container->build()
#31 D:\\url_sorter\\url-shortener\\vendor\\laravel\\framework\\src\\Illuminate\\Foundation\\Application.php(1078): Illuminate\\Container\\Container->resolve()
#32 D:\\url_sorter\\url-shortener\\vendor\\laravel\\framework\\src\\Illuminate\\Container\\Container.php(763): Illuminate\\Foundation\\Application->resolve()
#33 D:\\url_sorter\\url-shortener\\vendor\\laravel\\framework\\src\\Illuminate\\Foundation\\Application.php(1058): Illuminate\\Container\\Container->make()
#34 D:\\url_sorter\\url-shortener\\vendor\\laravel\\framework\\src\\Illuminate\\Foundation\\helpers.php(124): Illuminate\\Foundation\\Application->make()
#35 D:\\url_sorter\\url-shortener\\vendor\\laravel\\framework\\src\\Illuminate\\Foundation\\helpers.php(832): app()
#36 D:\\url_sorter\\url-shortener\\vendor\\laravel\\framework\\src\\Illuminate\\Foundation\\Exceptions\\Handler.php(894): response()
#37 D:\\url_sorter\\url-shortener\\vendor\\laravel\\framework\\src\\Illuminate\\Foundation\\Exceptions\\Handler.php(815): Illuminate\\Foundation\\Exceptions\\Handler->renderHttpException()
#38 D:\\url_sorter\\url-shortener\\vendor\\laravel\\framework\\src\\Illuminate\\Foundation\\Exceptions\\Handler.php(706): Illuminate\\Foundation\\Exceptions\\Handler->prepareResponse()
#39 D:\\url_sorter\\url-shortener\\vendor\\laravel\\framework\\src\\Illuminate\\Foundation\\Exceptions\\Handler.php(594): Illuminate\\Foundation\\Exceptions\\Handler->renderExceptionResponse()
#40 D:\\url_sorter\\url-shortener\\vendor\\laravel\\framework\\src\\Illuminate\\Routing\\Pipeline.php(51): Illuminate\\Foundation\\Exceptions\\Handler->render()
#41 D:\\url_sorter\\url-shortener\\vendor\\laravel\\framework\\src\\Illuminate\\Pipeline\\Pipeline.php(172): Illuminate\\Routing\\Pipeline->handleException()
#42 D:\\url_sorter\\url-shortener\\vendor\\laravel\\framework\\src\\Illuminate\\Foundation\\Http\\Middleware\\TransformsRequest.php(21): Illuminate\\Pipeline\\Pipeline->{closure:Illuminate\\Pipeline\\Pipeline::prepareDestination():168}()
#43 D:\\url_sorter\\url-shortener\\vendor\\laravel\\framework\\src\\Illuminate\\Foundation\\Http\\Middleware\\ConvertEmptyStringsToNull.php(31): Illuminate\\Foundation\\Http\\Middleware\\TransformsRequest->handle()
#44 D:\\url_sorter\\url-shortener\\vendor\\laravel\\framework\\src\\Illuminate\\Pipeline\\Pipeline.php(209): Illuminate\\Foundation\\Http\\Middleware\\ConvertEmptyStringsToNull->handle()
#45 D:\\url_sorter\\url-shortener\\vendor\\laravel\\framework\\src\\Illuminate\\Foundation\\Http\\Middleware\\TransformsRequest.php(21): Illuminate\\Pipeline\\Pipeline->{closure:{closure:Illuminate\\Pipeline\\Pipeline::carry():184}:185}()
#46 D:\\url_sorter\\url-shortener\\vendor\\laravel\\framework\\src\\Illuminate\\Foundation\\Http\\Middleware\\TrimStrings.php(51): Illuminate\\Foundation\\Http\\Middleware\\TransformsRequest->handle()
#47 D:\\url_sorter\\url-shortener\\vendor\\laravel\\framework\\src\\Illuminate\\Pipeline\\Pipeline.php(209): Illuminate\\Foundation\\Http\\Middleware\\TrimStrings->handle()
#48 D:\\url_sorter\\url-shortener\\vendor\\laravel\\framework\\src\\Illuminate\\Http\\Middleware\\ValidatePostSize.php(27): Illuminate\\Pipeline\\Pipeline->{closure:{closure:Illuminate\\Pipeline\\Pipeline::carry():184}:185}()
#49 D:\\url_sorter\\url-shortener\\vendor\\laravel\\framework\\src\\Illuminate\\Pipeline\\Pipeline.php(209): Illuminate\\Http\\Middleware\\ValidatePostSize->handle()
#50 D:\\url_sorter\\url-shortener\\vendor\\laravel\\framework\\src\\Illuminate\\Foundation\\Http\\Middleware\\PreventRequestsDuringMaintenance.php(110): Illuminate\\Pipeline\\Pipeline->{closure:{closure:Illuminate\\Pipeline\\Pipeline::carry():184}:185}()
#51 D:\\url_sorter\\url-shortener\\vendor\\laravel\\framework\\src\\Illuminate\\Pipeline\\Pipeline.php(209): Illuminate\\Foundation\\Http\\Middleware\\PreventRequestsDuringMaintenance->handle()
#52 D:\\url_sorter\\url-shortener\\vendor\\laravel\\framework\\src\\Illuminate\\Http\\Middleware\\HandleCors.php(49): Illuminate\\Pipeline\\Pipeline->{closure:{closure:Illuminate\\Pipeline\\Pipeline::carry():184}:185}()
#53 D:\\url_sorter\\url-shortener\\vendor\\laravel\\framework\\src\\Illuminate\\Pipeline\\Pipeline.php(209): Illuminate\\Http\\Middleware\\HandleCors->handle()
#54 D:\\url_sorter\\url-shortener\\vendor\\laravel\\framework\\src\\Illuminate\\Http\\Middleware\\TrustProxies.php(58): Illuminate\\Pipeline\\Pipeline->{closure:{closure:Illuminate\\Pipeline\\Pipeline::carry():184}:185}()
#55 D:\\url_sorter\\url-shortener\\vendor\\laravel\\framework\\src\\Illuminate\\Pipeline\\Pipeline.php(209): Illuminate\\Http\\Middleware\\TrustProxies->handle()
#56 D:\\url_sorter\\url-shortener\\vendor\\laravel\\framework\\src\\Illuminate\\Foundation\\Http\\Middleware\\InvokeDeferredCallbacks.php(22): Illuminate\\Pipeline\\Pipeline->{closure:{closure:Illuminate\\Pipeline\\Pipeline::carry():184}:185}()
#57 D:\\url_sorter\\url-shortener\\vendor\\laravel\\framework\\src\\Illuminate\\Pipeline\\Pipeline.php(209): Illuminate\\Foundation\\Http\\Middleware\\InvokeDeferredCallbacks->handle()
#58 D:\\url_sorter\\url-shortener\\vendor\\laravel\\framework\\src\\Illuminate\\Pipeline\\Pipeline.php(127): Illuminate\\Pipeline\\Pipeline->{closure:{closure:Illuminate\\Pipeline\\Pipeline::carry():184}:185}()
#59 D:\\url_sorter\\url-shortener\\vendor\\laravel\\framework\\src\\Illuminate\\Foundation\\Http\\Kernel.php(176): Illuminate\\Pipeline\\Pipeline->then()
#60 D:\\url_sorter\\url-shortener\\vendor\\laravel\\framework\\src\\Illuminate\\Foundation\\Http\\Kernel.php(145): Illuminate\\Foundation\\Http\\Kernel->sendRequestThroughRouter()
#61 D:\\url_sorter\\url-shortener\\vendor\\laravel\\framework\\src\\Illuminate\\Foundation\\Application.php(1220): Illuminate\\Foundation\\Http\\Kernel->handle()
#62 D:\\url_sorter\\url-shortener\\public\\index.php(20): Illuminate\\Foundation\\Application->handleRequest()
#63 D:\\url_sorter\\url-shortener\\vendor\\laravel\\framework\\src\\Illuminate\\Foundation\\resources\\server.php(23): require_once('...')
#64 {main}

[previous exception] [object] (PDOException(code: 0): could not find driver at D:\\url_sorter\\url-shortener\\vendor\\laravel\\framework\\src\\Illuminate\\Database\\Connectors\\Connector.php:67)
[stacktrace]
#0 D:\\url_sorter\\url-shortener\\vendor\\laravel\\framework\\src\\Illuminate\\Database\\Connectors\\Connector.php(67): PDO::connect()
#1 D:\\url_sorter\\url-shortener\\vendor\\laravel\\framework\\src\\Illuminate\\Database\\Connectors\\Connector.php(44): Illuminate\\Database\\Connectors\\Connector->createPdoConnection()
#2 D:\\url_sorter\\url-shortener\\vendor\\laravel\\framework\\src\\Illuminate\\Database\\Connectors\\SQLiteConnector.php(40): Illuminate\\Database\\Connectors\\Connector->createConnection()
#3 D:\\url_sorter\\url-shortener\\vendor\\laravel\\framework\\src\\Illuminate\\Database\\Connectors\\ConnectionFactory.php(224): Illuminate\\Database\\Connectors\\SQLiteConnector->connect()
#4 [internal function]: Illuminate\\Database\\Connectors\\ConnectionFactory->{closure:Illuminate\\Database\\Connectors\\ConnectionFactory::createPdoResolverWithoutHosts():224}()
#5 D:\\url_sorter\\url-shortener\\vendor\\laravel\\framework\\src\\Illuminate\\Database\\Connection.php(1231): call_user_func()
#6 D:\\url_sorter\\url-shortener\\vendor\\laravel\\framework\\src\\Illuminate\\Database\\Connection.php(565): Illuminate\\Database\\Connection->getPdo()
#7 D:\\url_sorter\\url-shortener\\vendor\\laravel\\framework\\src\\Illuminate\\Database\\Connection.php(812): Illuminate\\Database\\Connection->{closure:Illuminate\\Database\\Connection::statement():560}()
#8 D:\\url_sorter\\url-shortener\\vendor\\laravel\\framework\\src\\Illuminate\\Database\\Connection.php(779): Illuminate\\Database\\Connection->runQueryCallback()
#9 D:\\url_sorter\\url-shortener\\vendor\\laravel\\framework\\src\\Illuminate\\Database\\Connection.php(560): Illuminate\\Database\\Connection->run()
#10 D:\\url_sorter\\url-shortener\\vendor\\laravel\\framework\\src\\Illuminate\\Database\\Schema\\Builder.php(522): Illuminate\\Database\\Connection->statement()
#11 D:\\url_sorter\\url-shortener\\vendor\\laravel\\framework\\src\\Illuminate\\Database\\SQLiteConnection.php(59): Illuminate\\Database\\Schema\\Builder->enableForeignKeyConstraints()
#12 D:\\url_sorter\\url-shortener\\vendor\\laravel\\framework\\src\\Illuminate\\Database\\SQLiteConnection.php(28): Illuminate\\Database\\SQLiteConnection->configureForeignKeyConstraints()
#13 D:\\url_sorter\\url-shortener\\vendor\\laravel\\framework\\src\\Illuminate\\Database\\Connectors\\ConnectionFactory.php(277): Illuminate\\Database\\SQLiteConnection->__construct()
#14 D:\\url_sorter\\url-shortener\\vendor\\laravel\\framework\\src\\Illuminate\\Database\\Connectors\\ConnectionFactory.php(76): Illuminate\\Database\\Connectors\\ConnectionFactory->createConnection()
#15 D:\\url_sorter\\url-shortener\\vendor\\laravel\\framework\\src\\Illuminate\\Database\\Connectors\\ConnectionFactory.php(51): Illuminate\\Database\\Connectors\\ConnectionFactory->createSingleConnection()
#16 D:\\url_sorter\\url-shortener\\vendor\\laravel\\framework\\src\\Illuminate\\Database\\DatabaseManager.php(207): Illuminate\\Database\\Connectors\\ConnectionFactory->make()
#17 D:\\url_sorter\\url-shortener\\vendor\\laravel\\framework\\src\\Illuminate\\Database\\DatabaseManager.php(103): Illuminate\\Database\\DatabaseManager->makeConnection()
#18 D:\\url_sorter\\url-shortener\\vendor\\laravel\\framework\\src\\Illuminate\\Session\\SessionManager.php(108): Illuminate\\Database\\DatabaseManager->connection()
#19 D:\\url_sorter\\url-shortener\\vendor\\laravel\\framework\\src\\Illuminate\\Session\\SessionManager.php(95): Illuminate\\Session\\SessionManager->getDatabaseConnection()
#20 D:\\url_sorter\\url-shortener\\vendor\\laravel\\framework\\src\\Illuminate\\Support\\Manager.php(106): Illuminate\\Session\\SessionManager->createDatabaseDriver()
#21 D:\\url_sorter\\url-shortener\\vendor\\laravel\\framework\\src\\Illuminate\\Support\\Manager.php(80): Illuminate\\Support\\Manager->createDriver()
#22 D:\\url_sorter\\url-shortener\\vendor\\laravel\\framework\\src\\Illuminate\\Session\\SessionServiceProvider.php(52): Illuminate\\Support\\Manager->driver()
#23 D:\\url_sorter\\url-shortener\\vendor\\laravel\\framework\\src\\Illuminate\\Container\\Container.php(952): Illuminate\\Session\\SessionServiceProvider->{closure:Illuminate\\Session\\SessionServiceProvider::registerSessionDriver():48}()
#24 D:\\url_sorter\\url-shortener\\vendor\\laravel\\framework\\src\\Illuminate\\Container\\Container.php(832): Illuminate\\Container\\Container->build()
#25 D:\\url_sorter\\url-shortener\\vendor\\laravel\\framework\\src\\Illuminate\\Foundation\\Application.php(1078): Illuminate\\Container\\Container->resolve()
#26 D:\\url_sorter\\url-shortener\\vendor\\laravel\\framework\\src\\Illuminate\\Container\\Container.php(763): Illuminate\\Foundation\\Application->resolve()
#27 D:\\url_sorter\\url-shortener\\vendor\\laravel\\framework\\src\\Illuminate\\Foundation\\Application.php(1058): Illuminate\\Container\\Container->make()
#28 D:\\url_sorter\\url-shortener\\vendor\\laravel\\framework\\src\\Illuminate\\Container\\Container.php(1580): Illuminate\\Foundation\\Application->make()
#29 D:\\url_sorter\\url-shortener\\vendor\\laravel\\framework\\src\\Illuminate\\Routing\\RoutingServiceProvider.php(121): Illuminate\\Container\\Container->offsetGet()
#30 D:\\url_sorter\\url-shortener\\vendor\\laravel\\framework\\src\\Illuminate\\Container\\Container.php(952): Illuminate\\Routing\\RoutingServiceProvider->{closure:Illuminate\\Routing\\RoutingServiceProvider::registerRedirector():114}()
#31 D:\\url_sorter\\url-shortener\\vendor\\laravel\\framework\\src\\Illuminate\\Container\\Container.php(832): Illuminate\\Container\\Container->build()
#32 D:\\url_sorter\\url-shortener\\vendor\\laravel\\framework\\src\\Illuminate\\Foundation\\Application.php(1078): Illuminate\\Container\\Container->resolve()
#33 D:\\url_sorter\\url-shortener\\vendor\\laravel\\framework\\src\\Illuminate\\Container\\Container.php(763): Illuminate\\Foundation\\Application->resolve()
#34 D:\\url_sorter\\url-shortener\\vendor\\laravel\\framework\\src\\Illuminate\\Foundation\\Application.php(1058): Illuminate\\Container\\Container->make()
#35 D:\\url_sorter\\url-shortener\\vendor\\laravel\\framework\\src\\Illuminate\\Container\\Container.php(1580): Illuminate\\Foundation\\Application->make()
#36 D:\\url_sorter\\url-shortener\\vendor\\laravel\\framework\\src\\Illuminate\\Routing\\RoutingServiceProvider.php(177): Illuminate\\Container\\Container->offsetGet()
#37 D:\\url_sorter\\url-shortener\\vendor\\laravel\\framework\\src\\Illuminate\\Container\\Container.php(952): Illuminate\\Routing\\RoutingServiceProvider->{closure:Illuminate\\Routing\\RoutingServiceProvider::registerResponseFactory():176}()
#38 D:\\url_sorter\\url-shortener\\vendor\\laravel\\framework\\src\\Illuminate\\Container\\Container.php(832): Illuminate\\Container\\Container->build()
#39 D:\\url_sorter\\url-shortener\\vendor\\laravel\\framework\\src\\Illuminate\\Foundation\\Application.php(1078): Illuminate\\Container\\Container->resolve()
#40 D:\\url_sorter\\url-shortener\\vendor\\laravel\\framework\\src\\Illuminate\\Container\\Container.php(763): Illuminate\\Foundation\\Application->resolve()
#41 D:\\url_sorter\\url-shortener\\vendor\\laravel\\framework\\src\\Illuminate\\Foundation\\Application.php(1058): Illuminate\\Container\\Container->make()
#42 D:\\url_sorter\\url-shortener\\vendor\\laravel\\framework\\src\\Illuminate\\Foundation\\helpers.php(124): Illuminate\\Foundation\\Application->make()
#43 D:\\url_sorter\\url-shortener\\vendor\\laravel\\framework\\src\\Illuminate\\Foundation\\helpers.php(832): app()
#44 D:\\url_sorter\\url-shortener\\vendor\\laravel\\framework\\src\\Illuminate\\Foundation\\Exceptions\\Handler.php(894): response()
#45 D:\\url_sorter\\url-shortener\\vendor\\laravel\\framework\\src\\Illuminate\\Foundation\\Exceptions\\Handler.php(815): Illuminate\\Foundation\\Exceptions\\Handler->renderHttpException()
#46 D:\\url_sorter\\url-shortener\\vendor\\laravel\\framework\\src\\Illuminate\\Foundation\\Exceptions\\Handler.php(706): Illuminate\\Foundation\\Exceptions\\Handler->prepareResponse()
#47 D:\\url_sorter\\url-shortener\\vendor\\laravel\\framework\\src\\Illuminate\\Foundation\\Exceptions\\Handler.php(594): Illuminate\\Foundation\\Exceptions\\Handler->renderExceptionResponse()
#48 D:\\url_sorter\\url-shortener\\vendor\\laravel\\framework\\src\\Illuminate\\Routing\\Pipeline.php(51): Illuminate\\Foundation\\Exceptions\\Handler->render()
#49 D:\\url_sorter\\url-shortener\\vendor\\laravel\\framework\\src\\Illuminate\\Pipeline\\Pipeline.php(172): Illuminate\\Routing\\Pipeline->handleException()
#50 D:\\url_sorter\\url-shortener\\vendor\\laravel\\framework\\src\\Illuminate\\Foundation\\Http\\Middleware\\TransformsRequest.php(21): Illuminate\\Pipeline\\Pipeline->{closure:Illuminate\\Pipeline\\Pipeline::prepareDestination():168}()
#51 D:\\url_sorter\\url-shortener\\vendor\\laravel\\framework\\src\\Illuminate\\Foundation\\Http\\Middleware\\ConvertEmptyStringsToNull.php(31): Illuminate\\Foundation\\Http\\Middleware\\TransformsRequest->handle()
#52 D:\\url_sorter\\url-shortener\\vendor\\laravel\\framework\\src\\Illuminate\\Pipeline\\Pipeline.php(209): Illuminate\\Foundation\\Http\\Middleware\\ConvertEmptyStringsToNull->handle()
#53 D:\\url_sorter\\url-shortener\\vendor\\laravel\\framework\\src\\Illuminate\\Foundation\\Http\\Middleware\\TransformsRequest.php(21): Illuminate\\Pipeline\\Pipeline->{closure:{closure:Illuminate\\Pipeline\\Pipeline::carry():184}:185}()
#54 D:\\url_sorter\\url-shortener\\vendor\\laravel\\framework\\src\\Illuminate\\Foundation\\Http\\Middleware\\TrimStrings.php(51): Illuminate\\Foundation\\Http\\Middleware\\TransformsRequest->handle()
#55 D:\\url_sorter\\url-shortener\\vendor\\laravel\\framework\\src\\Illuminate\\Pipeline\\Pipeline.php(209): Illuminate\\Foundation\\Http\\Middleware\\TrimStrings->handle()
#56 D:\\url_sorter\\url-shortener\\vendor\\laravel\\framework\\src\\Illuminate\\Http\\Middleware\\ValidatePostSize.php(27): Illuminate\\Pipeline\\Pipeline->{closure:{closure:Illuminate\\Pipeline\\Pipeline::carry():184}:185}()
#57 D:\\url_sorter\\url-shortener\\vendor\\laravel\\framework\\src\\Illuminate\\Pipeline\\Pipeline.php(209): Illuminate\\Http\\Middleware\\ValidatePostSize->handle()
#58 D:\\url_sorter\\url-shortener\\vendor\\laravel\\framework\\src\\Illuminate\\Foundation\\Http\\Middleware\\PreventRequestsDuringMaintenance.php(110): Illuminate\\Pipeline\\Pipeline->{closure:{closure:Illuminate\\Pipeline\\Pipeline::carry():184}:185}()
#59 D:\\url_sorter\\url-shortener\\vendor\\laravel\\framework\\src\\Illuminate\\Pipeline\\Pipeline.php(209): Illuminate\\Foundation\\Http\\Middleware\\PreventRequestsDuringMaintenance->handle()
#60 D:\\url_sorter\\url-shortener\\vendor\\laravel\\framework\\src\\Illuminate\\Http\\Middleware\\HandleCors.php(49): Illuminate\\Pipeline\\Pipeline->{closure:{closure:Illuminate\\Pipeline\\Pipeline::carry():184}:185}()
#61 D:\\url_sorter\\url-shortener\\vendor\\laravel\\framework\\src\\Illuminate\\Pipeline\\Pipeline.php(209): Illuminate\\Http\\Middleware\\HandleCors->handle()
#62 D:\\url_sorter\\url-shortener\\vendor\\laravel\\framework\\src\\Illuminate\\Http\\Middleware\\TrustProxies.php(58): Illuminate\\Pipeline\\Pipeline->{closure:{closure:Illuminate\\Pipeline\\Pipeline::carry():184}:185}()
#63 D:\\url_sorter\\url-shortener\\vendor\\laravel\\framework\\src\\Illuminate\\Pipeline\\Pipeline.php(209): Illuminate\\Http\\Middleware\\TrustProxies->handle()
#64 D:\\url_sorter\\url-shortener\\vendor\\laravel\\framework\\src\\Illuminate\\Foundation\\Http\\Middleware\\InvokeDeferredCallbacks.php(22): Illuminate\\Pipeline\\Pipeline->{closure:{closure:Illuminate\\Pipeline\\Pipeline::carry():184}:185}()
#65 D:\\url_sorter\\url-shortener\\vendor\\laravel\\framework\\src\\Illuminate\\Pipeline\\Pipeline.php(209): Illuminate\\Foundation\\Http\\Middleware\\InvokeDeferredCallbacks->handle()
#66 D:\\url_sorter\\url-shortener\\vendor\\laravel\\framework\\src\\Illuminate\\Pipeline\\Pipeline.php(127): Illuminate\\Pipeline\\Pipeline->{closure:{closure:Illuminate\\Pipeline\\Pipeline::carry():184}:185}()
#67 D:\\url_sorter\\url-shortener\\vendor\\laravel\\framework\\src\\Illuminate\\Foundation\\Http\\Kernel.php(176): Illuminate\\Pipeline\\Pipeline->then()
#68 D:\\url_sorter\\url-shortener\\vendor\\laravel\\framework\\src\\Illuminate\\Foundation\\Http\\Kernel.php(145): Illuminate\\Foundation\\Http\\Kernel->sendRequestThroughRouter()
#69 D:\\url_sorter\\url-shortener\\vendor\\laravel\\framework\\src\\Illuminate\\Foundation\\Application.php(1220): Illuminate\\Foundation\\Http\\Kernel->handle()
#70 D:\\url_sorter\\url-shortener\\public\\index.php(20): Illuminate\\Foundation\\Application->handleRequest()
#71 D:\\url_sorter\\url-shortener\\vendor\\laravel\\framework\\src\\Illuminate\\Foundation\\resources\\server.php(23): require_once('...')
#72 {main}
"} 
[2025-12-06 17:00:26] local.ERROR: could not find driver (Connection: sqlite, SQL: PRAGMA foreign_keys = ON;) {"exception":"[object] (Illuminate\\Database\\QueryException(code: 0): could not find driver (Connection: sqlite, SQL: PRAGMA foreign_keys = ON;) at D:\\url_sorter\\url-shortener\\vendor\\laravel\\framework\\src\\Illuminate\\Database\\Connection.php:825)
[stacktrace]
#0 D:\\url_sorter\\url-shortener\\vendor\\laravel\\framework\\src\\Illuminate\\Database\\Connection.php(779): Illuminate\\Database\\Connection->runQueryCallback()
#1 D:\\url_sorter\\url-shortener\\vendor\\laravel\\framework\\src\\Illuminate\\Database\\Connection.php(560): Illuminate\\Database\\Connection->run()
#2 D:\\url_sorter\\url-shortener\\vendor\\laravel\\framework\\src\\Illuminate\\Database\\Schema\\Builder.php(522): Illuminate\\Database\\Connection->statement()
#3 D:\\url_sorter\\url-shortener\\vendor\\laravel\\framework\\src\\Illuminate\\Database\\SQLiteConnection.php(59): Illuminate\\Database\\Schema\\Builder->enableForeignKeyConstraints()
#4 D:\\url_sorter\\url-shortener\\vendor\\laravel\\framework\\src\\Illuminate\\Database\\SQLiteConnection.php(28): Illuminate\\Database\\SQLiteConnection->configureForeignKeyConstraints()
#5 D:\\url_sorter\\url-shortener\\vendor\\laravel\\framework\\src\\Illuminate\\Database\\Connectors\\ConnectionFactory.php(277): Illuminate\\Database\\SQLiteConnection->__construct()
#6 D:\\url_sorter\\url-shortener\\vendor\\laravel\\framework\\src\\Illuminate\\Database\\Connectors\\ConnectionFactory.php(76): Illuminate\\Database\\Connectors\\ConnectionFactory->createConnection()
#7 D:\\url_sorter\\url-shortener\\vendor\\laravel\\framework\\src\\Illuminate\\Database\\Connectors\\ConnectionFactory.php(51): Illuminate\\Database\\Connectors\\ConnectionFactory->createSingleConnection()
#8 D:\\url_sorter\\url-shortener\\vendor\\laravel\\framework\\src\\Illuminate\\Database\\DatabaseManager.php(207): Illuminate\\Database\\Connectors\\ConnectionFactory->make()
#9 D:\\url_sorter\\url-shortener\\vendor\\laravel\\framework\\src\\Illuminate\\Database\\DatabaseManager.php(103): Illuminate\\Database\\DatabaseManager->makeConnection()
#10 D:\\url_sorter\\url-shortener\\vendor\\laravel\\framework\\src\\Illuminate\\Session\\SessionManager.php(108): Illuminate\\Database\\DatabaseManager->connection()
#11 D:\\url_sorter\\url-shortener\\vendor\\laravel\\framework\\src\\Illuminate\\Session\\SessionManager.php(95): Illuminate\\Session\\SessionManager->getDatabaseConnection()
#12 D:\\url_sorter\\url-shortener\\vendor\\laravel\\framework\\src\\Illuminate\\Support\\Manager.php(106): Illuminate\\Session\\SessionManager->createDatabaseDriver()
#13 D:\\url_sorter\\url-shortener\\vendor\\laravel\\framework\\src\\Illuminate\\Support\\Manager.php(80): Illuminate\\Support\\Manager->createDriver()
#14 D:\\url_sorter\\url-shortener\\vendor\\laravel\\framework\\src\\Illuminate\\Session\\SessionServiceProvider.php(52): Illuminate\\Support\\Manager->driver()
#15 D:\\url_sorter\\url-shortener\\vendor\\laravel\\framework\\src\\Illuminate\\Container\\Container.php(952): Illuminate\\Session\\SessionServiceProvider->{closure:Illuminate\\Session\\SessionServiceProvider::registerSessionDriver():48}()
#16 D:\\url_sorter\\url-shortener\\vendor\\laravel\\framework\\src\\Illuminate\\Container\\Container.php(832): Illuminate\\Container\\Container->build()
#17 D:\\url_sorter\\url-shortener\\vendor\\laravel\\framework\\src\\Illuminate\\Foundation\\Application.php(1078): Illuminate\\Container\\Container->resolve()
#18 D:\\url_sorter\\url-shortener\\vendor\\laravel\\framework\\src\\Illuminate\\Container\\Container.php(763): Illuminate\\Foundation\\Application->resolve()
#19 D:\\url_sorter\\url-shortener\\vendor\\laravel\\framework\\src\\Illuminate\\Foundation\\Application.php(1058): Illuminate\\Container\\Container->make()
#20 D:\\url_sorter\\url-shortener\\vendor\\laravel\\framework\\src\\Illuminate\\Container\\Container.php(1580): Illuminate\\Foundation\\Application->make()
#21 D:\\url_sorter\\url-shortener\\vendor\\laravel\\framework\\src\\Illuminate\\Routing\\RoutingServiceProvider.php(121): Illuminate\\Container\\Container->offsetGet()
#22 D:\\url_sorter\\url-shortener\\vendor\\laravel\\framework\\src\\Illuminate\\Container\\Container.php(952): Illuminate\\Routing\\RoutingServiceProvider->{closure:Illuminate\\Routing\\RoutingServiceProvider::registerRedirector():114}()
#23 D:\\url_sorter\\url-shortener\\vendor\\laravel\\framework\\src\\Illuminate\\Container\\Container.php(832): Illuminate\\Container\\Container->build()
#24 D:\\url_sorter\\url-shortener\\vendor\\laravel\\framework\\src\\Illuminate\\Foundation\\Application.php(1078): Illuminate\\Container\\Container->resolve()
#25 D:\\url_sorter\\url-shortener\\vendor\\laravel\\framework\\src\\Illuminate\\Container\\Container.php(763): Illuminate\\Foundation\\Application->resolve()
#26 D:\\url_sorter\\url-shortener\\vendor\\laravel\\framework\\src\\Illuminate\\Foundation\\Application.php(1058): Illuminate\\Container\\Container->make()
#27 D:\\url_sorter\\url-shortener\\vendor\\laravel\\framework\\src\\Illuminate\\Container\\Container.php(1580): Illuminate\\Foundation\\Application->make()
#28 D:\\url_sorter\\url-shortener\\vendor\\laravel\\framework\\src\\Illuminate\\Routing\\RoutingServiceProvider.php(177): Illuminate\\Container\\Container->offsetGet()
#29 D:\\url_sorter\\url-shortener\\vendor\\laravel\\framework\\src\\Illuminate\\Container\\Container.php(952): Illuminate\\Routing\\RoutingServiceProvider->{closure:Illuminate\\Routing\\RoutingServiceProvider::registerResponseFactory():176}()
#30 D:\\url_sorter\\url-shortener\\vendor\\laravel\\framework\\src\\Illuminate\\Container\\Container.php(832): Illuminate\\Container\\Container->build()
#31 D:\\url_sorter\\url-shortener\\vendor\\laravel\\framework\\src\\Illuminate\\Foundation\\Application.php(1078): Illuminate\\Container\\Container->resolve()
#32 D:\\url_sorter\\url-shortener\\vendor\\laravel\\framework\\src\\Illuminate\\Container\\Container.php(763): Illuminate\\Foundation\\Application->resolve()
#33 D:\\url_sorter\\url-shortener\\vendor\\laravel\\framework\\src\\Illuminate\\Foundation\\Application.php(1058): Illuminate\\Container\\Container->make()
#34 D:\\url_sorter\\url-shortener\\vendor\\laravel\\framework\\src\\Illuminate\\Foundation\\helpers.php(124): Illuminate\\Foundation\\Application->make()
#35 D:\\url_sorter\\url-shortener\\vendor\\laravel\\framework\\src\\Illuminate\\Foundation\\helpers.php(832): app()
#36 D:\\url_sorter\\url-shortener\\vendor\\laravel\\framework\\src\\Illuminate\\Foundation\\Exceptions\\Handler.php(894): response()
#37 D:\\url_sorter\\url-shortener\\vendor\\laravel\\framework\\src\\Illuminate\\Foundation\\Exceptions\\Handler.php(815): Illuminate\\Foundation\\Exceptions\\Handler->renderHttpException()
#38 D:\\url_sorter\\url-shortener\\vendor\\laravel\\framework\\src\\Illuminate\\Foundation\\Exceptions\\Handler.php(706): Illuminate\\Foundation\\Exceptions\\Handler->prepareResponse()
#39 D:\\url_sorter\\url-shortener\\vendor\\laravel\\framework\\src\\Illuminate\\Foundation\\Exceptions\\Handler.php(594): Illuminate\\Foundation\\Exceptions\\Handler->renderExceptionResponse()
#40 D:\\url_sorter\\url-shortener\\vendor\\laravel\\framework\\src\\Illuminate\\Routing\\Pipeline.php(51): Illuminate\\Foundation\\Exceptions\\Handler->render()
#41 D:\\url_sorter\\url-shortener\\vendor\\laravel\\framework\\src\\Illuminate\\Pipeline\\Pipeline.php(172): Illuminate\\Routing\\Pipeline->handleException()
#42 D:\\url_sorter\\url-shortener\\vendor\\laravel\\framework\\src\\Illuminate\\Foundation\\Http\\Middleware\\TransformsRequest.php(21): Illuminate\\Pipeline\\Pipeline->{closure:Illuminate\\Pipeline\\Pipeline::prepareDestination():168}()
#43 D:\\url_sorter\\url-shortener\\vendor\\laravel\\framework\\src\\Illuminate\\Foundation\\Http\\Middleware\\ConvertEmptyStringsToNull.php(31): Illuminate\\Foundation\\Http\\Middleware\\TransformsRequest->handle()
#44 D:\\url_sorter\\url-shortener\\vendor\\laravel\\framework\\src\\Illuminate\\Pipeline\\Pipeline.php(209): Illuminate\\Foundation\\Http\\Middleware\\ConvertEmptyStringsToNull->handle()
#45 D:\\url_sorter\\url-shortener\\vendor\\laravel\\framework\\src\\Illuminate\\Foundation\\Http\\Middleware\\TransformsRequest.php(21): Illuminate\\Pipeline\\Pipeline->{closure:{closure:Illuminate\\Pipeline\\Pipeline::carry():184}:185}()
#46 D:\\url_sorter\\url-shortener\\vendor\\laravel\\framework\\src\\Illuminate\\Foundation\\Http\\Middleware\\TrimStrings.php(51): Illuminate\\Foundation\\Http\\Middleware\\TransformsRequest->handle()
#47 D:\\url_sorter\\url-shortener\\vendor\\laravel\\framework\\src\\Illuminate\\Pipeline\\Pipeline.php(209): Illuminate\\Foundation\\Http\\Middleware\\TrimStrings->handle()
#48 D:\\url_sorter\\url-shortener\\vendor\\laravel\\framework\\src\\Illuminate\\Http\\Middleware\\ValidatePostSize.php(27): Illuminate\\Pipeline\\Pipeline->{closure:{closure:Illuminate\\Pipeline\\Pipeline::carry():184}:185}()
#49 D:\\url_sorter\\url-shortener\\vendor\\laravel\\framework\\src\\Illuminate\\Pipeline\\Pipeline.php(209): Illuminate\\Http\\Middleware\\ValidatePostSize->handle()
#50 D:\\url_sorter\\url-shortener\\vendor\\laravel\\framework\\src\\Illuminate\\Foundation\\Http\\Middleware\\PreventRequestsDuringMaintenance.php(110): Illuminate\\Pipeline\\Pipeline->{closure:{closure:Illuminate\\Pipeline\\Pipeline::carry():184}:185}()
#51 D:\\url_sorter\\url-shortener\\vendor\\laravel\\framework\\src\\Illuminate\\Pipeline\\Pipeline.php(209): Illuminate\\Foundation\\Http\\Middleware\\PreventRequestsDuringMaintenance->handle()
#52 D:\\url_sorter\\url-shortener\\vendor\\laravel\\framework\\src\\Illuminate\\Http\\Middleware\\HandleCors.php(49): Illuminate\\Pipeline\\Pipeline->{closure:{closure:Illuminate\\Pipeline\\Pipeline::carry():184}:185}()
#53 D:\\url_sorter\\url-shortener\\vendor\\laravel\\framework\\src\\Illuminate\\Pipeline\\Pipeline.php(209): Illuminate\\Http\\Middleware\\HandleCors->handle()
#54 D:\\url_sorter\\url-shortener\\vendor\\laravel\\framework\\src\\Illuminate\\Http\\Middleware\\TrustProxies.php(58): Illuminate\\Pipeline\\Pipeline->{closure:{closure:Illuminate\\Pipeline\\Pipeline::carry():184}:185}()
#55 D:\\url_sorter\\url-shortener\\vendor\\laravel\\framework\\src\\Illuminate\\Pipeline\\Pipeline.php(209): Illuminate\\Http\\Middleware\\TrustProxies->handle()
#56 D:\\url_sorter\\url-shortener\\vendor\\laravel\\framework\\src\\Illuminate\\Foundation\\Http\\Middleware\\InvokeDeferredCallbacks.php(22): Illuminate\\Pipeline\\Pipeline->{closure:{closure:Illuminate\\Pipeline\\Pipeline::carry():184}:185}()
#57 D:\\url_sorter\\url-shortener\\vendor\\laravel\\framework\\src\\Illuminate\\Pipeline\\Pipeline.php(209): Illuminate\\Foundation\\Http\\Middleware\\InvokeDeferredCallbacks->handle()
#58 D:\\url_sorter\\url-shortener\\vendor\\laravel\\framework\\src\\Illuminate\\Pipeline\\Pipeline.php(127): Illuminate\\Pipeline\\Pipeline->{closure:{closure:Illuminate\\Pipeline\\Pipeline::carry():184}:185}()
#59 D:\\url_sorter\\url-shortener\\vendor\\laravel\\framework\\src\\Illuminate\\Foundation\\Http\\Kernel.php(176): Illuminate\\Pipeline\\Pipeline->then()
#60 D:\\url_sorter\\url-shortener\\vendor\\laravel\\framework\\src\\Illuminate\\Foundation\\Http\\Kernel.php(145): Illuminate\\Foundation\\Http\\Kernel->sendRequestThroughRouter()
#61 D:\\url_sorter\\url-shortener\\vendor\\laravel\\framework\\src\\Illuminate\\Foundation\\Application.php(1220): Illuminate\\Foundation\\Http\\Kernel->handle()
#62 D:\\url_sorter\\url-shortener\\public\\index.php(20): Illuminate\\Foundation\\Application->handleRequest()
#63 D:\\url_sorter\\url-shortener\\vendor\\laravel\\framework\\src\\Illuminate\\Foundation\\resources\\server.php(23): require_once('...')
#64 {main}

[previous exception] [object] (PDOException(code: 0): could not find driver at D:\\url_sorter\\url-shortener\\vendor\\laravel\\framework\\src\\Illuminate\\Database\\Connectors\\Connector.php:67)
[stacktrace]
#0 D:\\url_sorter\\url-shortener\\vendor\\laravel\\framework\\src\\Illuminate\\Database\\Connectors\\Connector.php(67): PDO::connect()
#1 D:\\url_sorter\\url-shortener\\vendor\\laravel\\framework\\src\\Illuminate\\Database\\Connectors\\Connector.php(44): Illuminate\\Database\\Connectors\\Connector->createPdoConnection()
#2 D:\\url_sorter\\url-shortener\\vendor\\laravel\\framework\\src\\Illuminate\\Database\\Connectors\\SQLiteConnector.php(40): Illuminate\\Database\\Connectors\\Connector->createConnection()
#3 D:\\url_sorter\\url-shortener\\vendor\\laravel\\framework\\src\\Illuminate\\Database\\Connectors\\ConnectionFactory.php(224): Illuminate\\Database\\Connectors\\SQLiteConnector->connect()
#4 [internal function]: Illuminate\\Database\\Connectors\\ConnectionFactory->{closure:Illuminate\\Database\\Connectors\\ConnectionFactory::createPdoResolverWithoutHosts():224}()
#5 D:\\url_sorter\\url-shortener\\vendor\\laravel\\framework\\src\\Illuminate\\Database\\Connection.php(1231): call_user_func()
#6 D:\\url_sorter\\url-shortener\\vendor\\laravel\\framework\\src\\Illuminate\\Database\\Connection.php(565): Illuminate\\Database\\Connection->getPdo()
#7 D:\\url_sorter\\url-shortener\\vendor\\laravel\\framework\\src\\Illuminate\\Database\\Connection.php(812): Illuminate\\Database\\Connection->{closure:Illuminate\\Database\\Connection::statement():560}()
#8 D:\\url_sorter\\url-shortener\\vendor\\laravel\\framework\\src\\Illuminate\\Database\\Connection.php(779): Illuminate\\Database\\Connection->runQueryCallback()
#9 D:\\url_sorter\\url-shortener\\vendor\\laravel\\framework\\src\\Illuminate\\Database\\Connection.php(560): Illuminate\\Database\\Connection->run()
#10 D:\\url_sorter\\url-shortener\\vendor\\laravel\\framework\\src\\Illuminate\\Database\\Schema\\Builder.php(522): Illuminate\\Database\\Connection->statement()
#11 D:\\url_sorter\\url-shortener\\vendor\\laravel\\framework\\src\\Illuminate\\Database\\SQLiteConnection.php(59): Illuminate\\Database\\Schema\\Builder->enableForeignKeyConstraints()
#12 D:\\url_sorter\\url-shortener\\vendor\\laravel\\framework\\src\\Illuminate\\Database\\SQLiteConnection.php(28): Illuminate\\Database\\SQLiteConnection->configureForeignKeyConstraints()
#13 D:\\url_sorter\\url-shortener\\vendor\\laravel\\framework\\src\\Illuminate\\Database\\Connectors\\ConnectionFactory.php(277): Illuminate\\Database\\SQLiteConnection->__construct()
#14 D:\\url_sorter\\url-shortener\\vendor\\laravel\\framework\\src\\Illuminate\\Database\\Connectors\\ConnectionFactory.php(76): Illuminate\\Database\\Connectors\\ConnectionFactory->createConnection()
#15 D:\\url_sorter\\url-shortener\\vendor\\laravel\\framework\\src\\Illuminate\\Database\\Connectors\\ConnectionFactory.php(51): Illuminate\\Database\\Connectors\\ConnectionFactory->createSingleConnection()
#16 D:\\url_sorter\\url-shortener\\vendor\\laravel\\framework\\src\\Illuminate\\Database\\DatabaseManager.php(207): Illuminate\\Database\\Connectors\\ConnectionFactory->make()
#17 D:\\url_sorter\\url-shortener\\vendor\\laravel\\framework\\src\\Illuminate\\Database\\DatabaseManager.php(103): Illuminate\\Database\\DatabaseManager->makeConnection()
#18 D:\\url_sorter\\url-shortener\\vendor\\laravel\\framework\\src\\Illuminate\\Session\\SessionManager.php(108): Illuminate\\Database\\DatabaseManager->connection()
#19 D:\\url_sorter\\url-shortener\\vendor\\laravel\\framework\\src\\Illuminate\\Session\\SessionManager.php(95): Illuminate\\Session\\SessionManager->getDatabaseConnection()
#20 D:\\url_sorter\\url-shortener\\vendor\\laravel\\framework\\src\\Illuminate\\Support\\Manager.php(106): Illuminate\\Session\\SessionManager->createDatabaseDriver()
#21 D:\\url_sorter\\url-shortener\\vendor\\laravel\\framework\\src\\Illuminate\\Support\\Manager.php(80): Illuminate\\Support\\Manager->createDriver()
#22 D:\\url_sorter\\url-shortener\\vendor\\laravel\\framework\\src\\Illuminate\\Session\\SessionServiceProvider.php(52): Illuminate\\Support\\Manager->driver()
#23 D:\\url_sorter\\url-shortener\\vendor\\laravel\\framework\\src\\Illuminate\\Container\\Container.php(952): Illuminate\\Session\\SessionServiceProvider->{closure:Illuminate\\Session\\SessionServiceProvider::registerSessionDriver():48}()
#24 D:\\url_sorter\\url-shortener\\vendor\\laravel\\framework\\src\\Illuminate\\Container\\Container.php(832): Illuminate\\Container\\Container->build()
#25 D:\\url_sorter\\url-shortener\\vendor\\laravel\\framework\\src\\Illuminate\\Foundation\\Application.php(1078): Illuminate\\Container\\Container->resolve()
#26 D:\\url_sorter\\url-shortener\\vendor\\laravel\\framework\\src\\Illuminate\\Container\\Container.php(763): Illuminate\\Foundation\\Application->resolve()
#27 D:\\url_sorter\\url-shortener\\vendor\\laravel\\framework\\src\\Illuminate\\Foundation\\Application.php(1058): Illuminate\\Container\\Container->make()
#28 D:\\url_sorter\\url-shortener\\vendor\\laravel\\framework\\src\\Illuminate\\Container\\Container.php(1580): Illuminate\\Foundation\\Application->make()
#29 D:\\url_sorter\\url-shortener\\vendor\\laravel\\framework\\src\\Illuminate\\Routing\\RoutingServiceProvider.php(121): Illuminate\\Container\\Container->offsetGet()
#30 D:\\url_sorter\\url-shortener\\vendor\\laravel\\framework\\src\\Illuminate\\Container\\Container.php(952): Illuminate\\Routing\\RoutingServiceProvider->{closure:Illuminate\\Routing\\RoutingServiceProvider::registerRedirector():114}()
#31 D:\\url_sorter\\url-shortener\\vendor\\laravel\\framework\\src\\Illuminate\\Container\\Container.php(832): Illuminate\\Container\\Container->build()
#32 D:\\url_sorter\\url-shortener\\vendor\\laravel\\framework\\src\\Illuminate\\Foundation\\Application.php(1078): Illuminate\\Container\\Container->resolve()
#33 D:\\url_sorter\\url-shortener\\vendor\\laravel\\framework\\src\\Illuminate\\Container\\Container.php(763): Illuminate\\Foundation\\Application->resolve()
#34 D:\\url_sorter\\url-shortener\\vendor\\laravel\\framework\\src\\Illuminate\\Foundation\\Application.php(1058): Illuminate\\Container\\Container->make()
#35 D:\\url_sorter\\url-shortener\\vendor\\laravel\\framework\\src\\Illuminate\\Container\\Container.php(1580): Illuminate\\Foundation\\Application->make()
#36 D:\\url_sorter\\url-shortener\\vendor\\laravel\\framework\\src\\Illuminate\\Routing\\RoutingServiceProvider.php(177): Illuminate\\Container\\Container->offsetGet()
#37 D:\\url_sorter\\url-shortener\\vendor\\laravel\\framework\\src\\Illuminate\\Container\\Container.php(952): Illuminate\\Routing\\RoutingServiceProvider->{closure:Illuminate\\Routing\\RoutingServiceProvider::registerResponseFactory():176}()
#38 D:\\url_sorter\\url-shortener\\vendor\\laravel\\framework\\src\\Illuminate\\Container\\Container.php(832): Illuminate\\Container\\Container->build()
#39 D:\\url_sorter\\url-shortener\\vendor\\laravel\\framework\\src\\Illuminate\\Foundation\\Application.php(1078): Illuminate\\Container\\Container->resolve()
#40 D:\\url_sorter\\url-shortener\\vendor\\laravel\\framework\\src\\Illuminate\\Container\\Container.php(763): Illuminate\\Foundation\\Application->resolve()
#41 D:\\url_sorter\\url-shortener\\vendor\\laravel\\framework\\src\\Illuminate\\Foundation\\Application.php(1058): Illuminate\\Container\\Container->make()
#42 D:\\url_sorter\\url-shortener\\vendor\\laravel\\framework\\src\\Illuminate\\Foundation\\helpers.php(124): Illuminate\\Foundation\\Application->make()
#43 D:\\url_sorter\\url-shortener\\vendor\\laravel\\framework\\src\\Illuminate\\Foundation\\helpers.php(832): app()
#44 D:\\url_sorter\\url-shortener\\vendor\\laravel\\framework\\src\\Illuminate\\Foundation\\Exceptions\\Handler.php(894): response()
#45 D:\\url_sorter\\url-shortener\\vendor\\laravel\\framework\\src\\Illuminate\\Foundation\\Exceptions\\Handler.php(815): Illuminate\\Foundation\\Exceptions\\Handler->renderHttpException()
#46 D:\\url_sorter\\url-shortener\\vendor\\laravel\\framework\\src\\Illuminate\\Foundation\\Exceptions\\Handler.php(706): Illuminate\\Foundation\\Exceptions\\Handler->prepareResponse()
#47 D:\\url_sorter\\url-shortener\\vendor\\laravel\\framework\\src\\Illuminate\\Foundation\\Exceptions\\Handler.php(594): Illuminate\\Foundation\\Exceptions\\Handler->renderExceptionResponse()
#48 D:\\url_sorter\\url-shortener\\vendor\\laravel\\framework\\src\\Illuminate\\Routing\\Pipeline.php(51): Illuminate\\Foundation\\Exceptions\\Handler->render()
#49 D:\\url_sorter\\url-shortener\\vendor\\laravel\\framework\\src\\Illuminate\\Pipeline\\Pipeline.php(172): Illuminate\\Routing\\Pipeline->handleException()
#50 D:\\url_sorter\\url-shortener\\vendor\\laravel\\framework\\src\\Illuminate\\Foundation\\Http\\Middleware\\TransformsRequest.php(21): Illuminate\\Pipeline\\Pipeline->{closure:Illuminate\\Pipeline\\Pipeline::prepareDestination():168}()
#51 D:\\url_sorter\\url-shortener\\vendor\\laravel\\framework\\src\\Illuminate\\Foundation\\Http\\Middleware\\ConvertEmptyStringsToNull.php(31): Illuminate\\Foundation\\Http\\Middleware\\TransformsRequest->handle()
#52 D:\\url_sorter\\url-shortener\\vendor\\laravel\\framework\\src\\Illuminate\\Pipeline\\Pipeline.php(209): Illuminate\\Foundation\\Http\\Middleware\\ConvertEmptyStringsToNull->handle()
#53 D:\\url_sorter\\url-shortener\\vendor\\laravel\\framework\\src\\Illuminate\\Foundation\\Http\\Middleware\\TransformsRequest.php(21): Illuminate\\Pipeline\\Pipeline->{closure:{closure:Illuminate\\Pipeline\\Pipeline::carry():184}:185}()
#54 D:\\url_sorter\\url-shortener\\vendor\\laravel\\framework\\src\\Illuminate\\Foundation\\Http\\Middleware\\TrimStrings.php(51): Illuminate\\Foundation\\Http\\Middleware\\TransformsRequest->handle()
#55 D:\\url_sorter\\url-shortener\\vendor\\laravel\\framework\\src\\Illuminate\\Pipeline\\Pipeline.php(209): Illuminate\\Foundation\\Http\\Middleware\\TrimStrings->handle()
#56 D:\\url_sorter\\url-shortener\\vendor\\laravel\\framework\\src\\Illuminate\\Http\\Middleware\\ValidatePostSize.php(27): Illuminate\\Pipeline\\Pipeline->{closure:{closure:Illuminate\\Pipeline\\Pipeline::carry():184}:185}()
#57 D:\\url_sorter\\url-shortener\\vendor\\laravel\\framework\\src\\Illuminate\\Pipeline\\Pipeline.php(209): Illuminate\\Http\\Middleware\\ValidatePostSize->handle()
#58 D:\\url_sorter\\url-shortener\\vendor\\laravel\\framework\\src\\Illuminate\\Foundation\\Http\\Middleware\\PreventRequestsDuringMaintenance.php(110): Illuminate\\Pipeline\\Pipeline->{closure:{closure:Illuminate\\Pipeline\\Pipeline::carry():184}:185}()
#59 D:\\url_sorter\\url-shortener\\vendor\\laravel\\framework\\src\\Illuminate\\Pipeline\\Pipeline.php(209): Illuminate\\Foundation\\Http\\Middleware\\PreventRequestsDuringMaintenance->handle()
#60 D:\\url_sorter\\url-shortener\\vendor\\laravel\\framework\\src\\Illuminate\\Http\\Middleware\\HandleCors.php(49): Illuminate\\Pipeline\\Pipeline->{closure:{closure:Illuminate\\Pipeline\\Pipeline::carry():184}:185}()
#61 D:\\url_sorter\\url-shortener\\vendor\\laravel\\framework\\src\\Illuminate\\Pipeline\\Pipeline.php(209): Illuminate\\Http\\Middleware\\HandleCors->handle()
#62 D:\\url_sorter\\url-shortener\\vendor\\laravel\\framework\\src\\Illuminate\\Http\\Middleware\\TrustProxies.php(58): Illuminate\\Pipeline\\Pipeline->{closure:{closure:Illuminate\\Pipeline\\Pipeline::carry():184}:185}()
#63 D:\\url_sorter\\url-shortener\\vendor\\laravel\\framework\\src\\Illuminate\\Pipeline\\Pipeline.php(209): Illuminate\\Http\\Middleware\\TrustProxies->handle()
#64 D:\\url_sorter\\url-shortener\\vendor\\laravel\\framework\\src\\Illuminate\\Foundation\\Http\\Middleware\\InvokeDeferredCallbacks.php(22): Illuminate\\Pipeline\\Pipeline->{closure:{closure:Illuminate\\Pipeline\\Pipeline::carry():184}:185}()
#65 D:\\url_sorter\\url-shortener\\vendor\\laravel\\framework\\src\\Illuminate\\Pipeline\\Pipeline.php(209): Illuminate\\Foundation\\Http\\Middleware\\InvokeDeferredCallbacks->handle()
#66 D:\\url_sorter\\url-shortener\\vendor\\laravel\\framework\\src\\Illuminate\\Pipeline\\Pipeline.php(127): Illuminate\\Pipeline\\Pipeline->{closure:{closure:Illuminate\\Pipeline\\Pipeline::carry():184}:185}()
#67 D:\\url_sorter\\url-shortener\\vendor\\laravel\\framework\\src\\Illuminate\\Foundation\\Http\\Kernel.php(176): Illuminate\\Pipeline\\Pipeline->then()
#68 D:\\url_sorter\\url-shortener\\vendor\\laravel\\framework\\src\\Illuminate\\Foundation\\Http\\Kernel.php(145): Illuminate\\Foundation\\Http\\Kernel->sendRequestThroughRouter()
#69 D:\\url_sorter\\url-shortener\\vendor\\laravel\\framework\\src\\Illuminate\\Foundation\\Application.php(1220): Illuminate\\Foundation\\Http\\Kernel->handle()
#70 D:\\url_sorter\\url-shortener\\public\\index.php(20): Illuminate\\Foundation\\Application->handleRequest()
#71 D:\\url_sorter\\url-shortener\\vendor\\laravel\\framework\\src\\Illuminate\\Foundation\\resources\\server.php(23): require_once('...')
#72 {main}
"} 
[2025-12-06 17:00:28] local.ERROR: could not find driver (Connection: sqlite, SQL: PRAGMA foreign_keys = ON;) {"exception":"[object] (Illuminate\\Database\\QueryException(code: 0): could not find driver (Connection: sqlite, SQL: PRAGMA foreign_keys = ON;) at D:\\url_sorter\\url-shortener\\vendor\\laravel\\framework\\src\\Illuminate\\Database\\Connection.php:825)
[stacktrace]
#0 D:\\url_sorter\\url-shortener\\vendor\\laravel\\framework\\src\\Illuminate\\Database\\Connection.php(779): Illuminate\\Database\\Connection->runQueryCallback()
#1 D:\\url_sorter\\url-shortener\\vendor\\laravel\\framework\\src\\Illuminate\\Database\\Connection.php(560): Illuminate\\Database\\Connection->run()
#2 D:\\url_sorter\\url-shortener\\vendor\\laravel\\framework\\src\\Illuminate\\Database\\Schema\\Builder.php(522): Illuminate\\Database\\Connection->statement()
#3 D:\\url_sorter\\url-shortener\\vendor\\laravel\\framework\\src\\Illuminate\\Database\\SQLiteConnection.php(59): Illuminate\\Database\\Schema\\Builder->enableForeignKeyConstraints()
#4 D:\\url_sorter\\url-shortener\\vendor\\laravel\\framework\\src\\Illuminate\\Database\\SQLiteConnection.php(28): Illuminate\\Database\\SQLiteConnection->configureForeignKeyConstraints()
#5 D:\\url_sorter\\url-shortener\\vendor\\laravel\\framework\\src\\Illuminate\\Database\\Connectors\\ConnectionFactory.php(277): Illuminate\\Database\\SQLiteConnection->__construct()
#6 D:\\url_sorter\\url-shortener\\vendor\\laravel\\framework\\src\\Illuminate\\Database\\Connectors\\ConnectionFactory.php(76): Illuminate\\Database\\Connectors\\ConnectionFactory->createConnection()
#7 D:\\url_sorter\\url-shortener\\vendor\\laravel\\framework\\src\\Illuminate\\Database\\Connectors\\ConnectionFactory.php(51): Illuminate\\Database\\Connectors\\ConnectionFactory->createSingleConnection()
#8 D:\\url_sorter\\url-shortener\\vendor\\laravel\\framework\\src\\Illuminate\\Database\\DatabaseManager.php(207): Illuminate\\Database\\Connectors\\ConnectionFactory->make()
#9 D:\\url_sorter\\url-shortener\\vendor\\laravel\\framework\\src\\Illuminate\\Database\\DatabaseManager.php(103): Illuminate\\Database\\DatabaseManager->makeConnection()
#10 D:\\url_sorter\\url-shortener\\vendor\\laravel\\framework\\src\\Illuminate\\Session\\SessionManager.php(108): Illuminate\\Database\\DatabaseManager->connection()
#11 D:\\url_sorter\\url-shortener\\vendor\\laravel\\framework\\src\\Illuminate\\Session\\SessionManager.php(95): Illuminate\\Session\\SessionManager->getDatabaseConnection()
#12 D:\\url_sorter\\url-shortener\\vendor\\laravel\\framework\\src\\Illuminate\\Support\\Manager.php(106): Illuminate\\Session\\SessionManager->createDatabaseDriver()
#13 D:\\url_sorter\\url-shortener\\vendor\\laravel\\framework\\src\\Illuminate\\Support\\Manager.php(80): Illuminate\\Support\\Manager->createDriver()
#14 D:\\url_sorter\\url-shortener\\vendor\\laravel\\framework\\src\\Illuminate\\Session\\SessionServiceProvider.php(52): Illuminate\\Support\\Manager->driver()
#15 D:\\url_sorter\\url-shortener\\vendor\\laravel\\framework\\src\\Illuminate\\Container\\Container.php(952): Illuminate\\Session\\SessionServiceProvider->{closure:Illuminate\\Session\\SessionServiceProvider::registerSessionDriver():48}()
#16 D:\\url_sorter\\url-shortener\\vendor\\laravel\\framework\\src\\Illuminate\\Container\\Container.php(832): Illuminate\\Container\\Container->build()
#17 D:\\url_sorter\\url-shortener\\vendor\\laravel\\framework\\src\\Illuminate\\Foundation\\Application.php(1078): Illuminate\\Container\\Container->resolve()
#18 D:\\url_sorter\\url-shortener\\vendor\\laravel\\framework\\src\\Illuminate\\Container\\Container.php(763): Illuminate\\Foundation\\Application->resolve()
#19 D:\\url_sorter\\url-shortener\\vendor\\laravel\\framework\\src\\Illuminate\\Foundation\\Application.php(1058): Illuminate\\Container\\Container->make()
#20 D:\\url_sorter\\url-shortener\\vendor\\laravel\\framework\\src\\Illuminate\\Container\\Container.php(1580): Illuminate\\Foundation\\Application->make()
#21 D:\\url_sorter\\url-shortener\\vendor\\laravel\\framework\\src\\Illuminate\\Routing\\RoutingServiceProvider.php(121): Illuminate\\Container\\Container->offsetGet()
#22 D:\\url_sorter\\url-shortener\\vendor\\laravel\\framework\\src\\Illuminate\\Container\\Container.php(952): Illuminate\\Routing\\RoutingServiceProvider->{closure:Illuminate\\Routing\\RoutingServiceProvider::registerRedirector():114}()
#23 D:\\url_sorter\\url-shortener\\vendor\\laravel\\framework\\src\\Illuminate\\Container\\Container.php(832): Illuminate\\Container\\Container->build()
#24 D:\\url_sorter\\url-shortener\\vendor\\laravel\\framework\\src\\Illuminate\\Foundation\\Application.php(1078): Illuminate\\Container\\Container->resolve()
#25 D:\\url_sorter\\url-shortener\\vendor\\laravel\\framework\\src\\Illuminate\\Container\\Container.php(763): Illuminate\\Foundation\\Application->resolve()
#26 D:\\url_sorter\\url-shortener\\vendor\\laravel\\framework\\src\\Illuminate\\Foundation\\Application.php(1058): Illuminate\\Container\\Container->make()
#27 D:\\url_sorter\\url-shortener\\vendor\\laravel\\framework\\src\\Illuminate\\Container\\Container.php(1580): Illuminate\\Foundation\\Application->make()
#28 D:\\url_sorter\\url-shortener\\vendor\\laravel\\framework\\src\\Illuminate\\Routing\\RoutingServiceProvider.php(177): Illuminate\\Container\\Container->offsetGet()
#29 D:\\url_sorter\\url-shortener\\vendor\\laravel\\framework\\src\\Illuminate\\Container\\Container.php(952): Illuminate\\Routing\\RoutingServiceProvider->{closure:Illuminate\\Routing\\RoutingServiceProvider::registerResponseFactory():176}()
#30 D:\\url_sorter\\url-shortener\\vendor\\laravel\\framework\\src\\Illuminate\\Container\\Container.php(832): Illuminate\\Container\\Container->build()
#31 D:\\url_sorter\\url-shortener\\vendor\\laravel\\framework\\src\\Illuminate\\Foundation\\Application.php(1078): Illuminate\\Container\\Container->resolve()
#32 D:\\url_sorter\\url-shortener\\vendor\\laravel\\framework\\src\\Illuminate\\Container\\Container.php(763): Illuminate\\Foundation\\Application->resolve()
#33 D:\\url_sorter\\url-shortener\\vendor\\laravel\\framework\\src\\Illuminate\\Foundation\\Application.php(1058): Illuminate\\Container\\Container->make()
#34 D:\\url_sorter\\url-shortener\\vendor\\laravel\\framework\\src\\Illuminate\\Foundation\\helpers.php(124): Illuminate\\Foundation\\Application->make()
#35 D:\\url_sorter\\url-shortener\\vendor\\laravel\\framework\\src\\Illuminate\\Foundation\\helpers.php(832): app()
#36 D:\\url_sorter\\url-shortener\\vendor\\laravel\\framework\\src\\Illuminate\\Foundation\\Exceptions\\Handler.php(894): response()
#37 D:\\url_sorter\\url-shortener\\vendor\\laravel\\framework\\src\\Illuminate\\Foundation\\Exceptions\\Handler.php(815): Illuminate\\Foundation\\Exceptions\\Handler->renderHttpException()
#38 D:\\url_sorter\\url-shortener\\vendor\\laravel\\framework\\src\\Illuminate\\Foundation\\Exceptions\\Handler.php(706): Illuminate\\Foundation\\Exceptions\\Handler->prepareResponse()
#39 D:\\url_sorter\\url-shortener\\vendor\\laravel\\framework\\src\\Illuminate\\Foundation\\Exceptions\\Handler.php(594): Illuminate\\Foundation\\Exceptions\\Handler->renderExceptionResponse()
#40 D:\\url_sorter\\url-shortener\\vendor\\laravel\\framework\\src\\Illuminate\\Routing\\Pipeline.php(51): Illuminate\\Foundation\\Exceptions\\Handler->render()
#41 D:\\url_sorter\\url-shortener\\vendor\\laravel\\framework\\src\\Illuminate\\Pipeline\\Pipeline.php(172): Illuminate\\Routing\\Pipeline->handleException()
#42 D:\\url_sorter\\url-shortener\\vendor\\laravel\\framework\\src\\Illuminate\\Foundation\\Http\\Middleware\\TransformsRequest.php(21): Illuminate\\Pipeline\\Pipeline->{closure:Illuminate\\Pipeline\\Pipeline::prepareDestination():168}()
#43 D:\\url_sorter\\url-shortener\\vendor\\laravel\\framework\\src\\Illuminate\\Foundation\\Http\\Middleware\\ConvertEmptyStringsToNull.php(31): Illuminate\\Foundation\\Http\\Middleware\\TransformsRequest->handle()
#44 D:\\url_sorter\\url-shortener\\vendor\\laravel\\framework\\src\\Illuminate\\Pipeline\\Pipeline.php(209): Illuminate\\Foundation\\Http\\Middleware\\ConvertEmptyStringsToNull->handle()
#45 D:\\url_sorter\\url-shortener\\vendor\\laravel\\framework\\src\\Illuminate\\Foundation\\Http\\Middleware\\TransformsRequest.php(21): Illuminate\\Pipeline\\Pipeline->{closure:{closure:Illuminate\\Pipeline\\Pipeline::carry():184}:185}()
#46 D:\\url_sorter\\url-shortener\\vendor\\laravel\\framework\\src\\Illuminate\\Foundation\\Http\\Middleware\\TrimStrings.php(51): Illuminate\\Foundation\\Http\\Middleware\\TransformsRequest->handle()
#47 D:\\url_sorter\\url-shortener\\vendor\\laravel\\framework\\src\\Illuminate\\Pipeline\\Pipeline.php(209): Illuminate\\Foundation\\Http\\Middleware\\TrimStrings->handle()
#48 D:\\url_sorter\\url-shortener\\vendor\\laravel\\framework\\src\\Illuminate\\Http\\Middleware\\ValidatePostSize.php(27): Illuminate\\Pipeline\\Pipeline->{closure:{closure:Illuminate\\Pipeline\\Pipeline::carry():184}:185}()
#49 D:\\url_sorter\\url-shortener\\vendor\\laravel\\framework\\src\\Illuminate\\Pipeline\\Pipeline.php(209): Illuminate\\Http\\Middleware\\ValidatePostSize->handle()
#50 D:\\url_sorter\\url-shortener\\vendor\\laravel\\framework\\src\\Illuminate\\Foundation\\Http\\Middleware\\PreventRequestsDuringMaintenance.php(110): Illuminate\\Pipeline\\Pipeline->{closure:{closure:Illuminate\\Pipeline\\Pipeline::carry():184}:185}()
#51 D:\\url_sorter\\url-shortener\\vendor\\laravel\\framework\\src\\Illuminate\\Pipeline\\Pipeline.php(209): Illuminate\\Foundation\\Http\\Middleware\\PreventRequestsDuringMaintenance->handle()
#52 D:\\url_sorter\\url-shortener\\vendor\\laravel\\framework\\src\\Illuminate\\Http\\Middleware\\HandleCors.php(49): Illuminate\\Pipeline\\Pipeline->{closure:{closure:Illuminate\\Pipeline\\Pipeline::carry():184}:185}()
#53 D:\\url_sorter\\url-shortener\\vendor\\laravel\\framework\\src\\Illuminate\\Pipeline\\Pipeline.php(209): Illuminate\\Http\\Middleware\\HandleCors->handle()
#54 D:\\url_sorter\\url-shortener\\vendor\\laravel\\framework\\src\\Illuminate\\Http\\Middleware\\TrustProxies.php(58): Illuminate\\Pipeline\\Pipeline->{closure:{closure:Illuminate\\Pipeline\\Pipeline::carry():184}:185}()
#55 D:\\url_sorter\\url-shortener\\vendor\\laravel\\framework\\src\\Illuminate\\Pipeline\\Pipeline.php(209): Illuminate\\Http\\Middleware\\TrustProxies->handle()
#56 D:\\url_sorter\\url-shortener\\vendor\\laravel\\framework\\src\\Illuminate\\Foundation\\Http\\Middleware\\InvokeDeferredCallbacks.php(22): Illuminate\\Pipeline\\Pipeline->{closure:{closure:Illuminate\\Pipeline\\Pipeline::carry():184}:185}()
#57 D:\\url_sorter\\url-shortener\\vendor\\laravel\\framework\\src\\Illuminate\\Pipeline\\Pipeline.php(209): Illuminate\\Foundation\\Http\\Middleware\\InvokeDeferredCallbacks->handle()
#58 D:\\url_sorter\\url-shortener\\vendor\\laravel\\framework\\src\\Illuminate\\Pipeline\\Pipeline.php(127): Illuminate\\Pipeline\\Pipeline->{closure:{closure:Illuminate\\Pipeline\\Pipeline::carry():184}:185}()
#59 D:\\url_sorter\\url-shortener\\vendor\\laravel\\framework\\src\\Illuminate\\Foundation\\Http\\Kernel.php(176): Illuminate\\Pipeline\\Pipeline->then()
#60 D:\\url_sorter\\url-shortener\\vendor\\laravel\\framework\\src\\Illuminate\\Foundation\\Http\\Kernel.php(145): Illuminate\\Foundation\\Http\\Kernel->sendRequestThroughRouter()
#61 D:\\url_sorter\\url-shortener\\vendor\\laravel\\framework\\src\\Illuminate\\Foundation\\Application.php(1220): Illuminate\\Foundation\\Http\\Kernel->handle()
#62 D:\\url_sorter\\url-shortener\\public\\index.php(20): Illuminate\\Foundation\\Application->handleRequest()
#63 D:\\url_sorter\\url-shortener\\vendor\\laravel\\framework\\src\\Illuminate\\Foundation\\resources\\server.php(23): require_once('...')
#64 {main}

[previous exception] [object] (PDOException(code: 0): could not find driver at D:\\url_sorter\\url-shortener\\vendor\\laravel\\framework\\src\\Illuminate\\Database\\Connectors\\Connector.php:67)
[stacktrace]
#0 D:\\url_sorter\\url-shortener\\vendor\\laravel\\framework\\src\\Illuminate\\Database\\Connectors\\Connector.php(67): PDO::connect()
#1 D:\\url_sorter\\url-shortener\\vendor\\laravel\\framework\\src\\Illuminate\\Database\\Connectors\\Connector.php(44): Illuminate\\Database\\Connectors\\Connector->createPdoConnection()
#2 D:\\url_sorter\\url-shortener\\vendor\\laravel\\framework\\src\\Illuminate\\Database\\Connectors\\SQLiteConnector.php(40): Illuminate\\Database\\Connectors\\Connector->createConnection()
#3 D:\\url_sorter\\url-shortener\\vendor\\laravel\\framework\\src\\Illuminate\\Database\\Connectors\\ConnectionFactory.php(224): Illuminate\\Database\\Connectors\\SQLiteConnector->connect()
#4 [internal function]: Illuminate\\Database\\Connectors\\ConnectionFactory->{closure:Illuminate\\Database\\Connectors\\ConnectionFactory::createPdoResolverWithoutHosts():224}()
#5 D:\\url_sorter\\url-shortener\\vendor\\laravel\\framework\\src\\Illuminate\\Database\\Connection.php(1231): call_user_func()
#6 D:\\url_sorter\\url-shortener\\vendor\\laravel\\framework\\src\\Illuminate\\Database\\Connection.php(565): Illuminate\\Database\\Connection->getPdo()
#7 D:\\url_sorter\\url-shortener\\vendor\\laravel\\framework\\src\\Illuminate\\Database\\Connection.php(812): Illuminate\\Database\\Connection->{closure:Illuminate\\Database\\Connection::statement():560}()
#8 D:\\url_sorter\\url-shortener\\vendor\\laravel\\framework\\src\\Illuminate\\Database\\Connection.php(779): Illuminate\\Database\\Connection->runQueryCallback()
#9 D:\\url_sorter\\url-shortener\\vendor\\laravel\\framework\\src\\Illuminate\\Database\\Connection.php(560): Illuminate\\Database\\Connection->run()
#10 D:\\url_sorter\\url-shortener\\vendor\\laravel\\framework\\src\\Illuminate\\Database\\Schema\\Builder.php(522): Illuminate\\Database\\Connection->statement()
#11 D:\\url_sorter\\url-shortener\\vendor\\laravel\\framework\\src\\Illuminate\\Database\\SQLiteConnection.php(59): Illuminate\\Database\\Schema\\Builder->enableForeignKeyConstraints()
#12 D:\\url_sorter\\url-shortener\\vendor\\laravel\\framework\\src\\Illuminate\\Database\\SQLiteConnection.php(28): Illuminate\\Database\\SQLiteConnection->configureForeignKeyConstraints()
#13 D:\\url_sorter\\url-shortener\\vendor\\laravel\\framework\\src\\Illuminate\\Database\\Connectors\\ConnectionFactory.php(277): Illuminate\\Database\\SQLiteConnection->__construct()
#14 D:\\url_sorter\\url-shortener\\vendor\\laravel\\framework\\src\\Illuminate\\Database\\Connectors\\ConnectionFactory.php(76): Illuminate\\Database\\Connectors\\ConnectionFactory->createConnection()
#15 D:\\url_sorter\\url-shortener\\vendor\\laravel\\framework\\src\\Illuminate\\Database\\Connectors\\ConnectionFactory.php(51): Illuminate\\Database\\Connectors\\ConnectionFactory->createSingleConnection()
#16 D:\\url_sorter\\url-shortener\\vendor\\laravel\\framework\\src\\Illuminate\\Database\\DatabaseManager.php(207): Illuminate\\Database\\Connectors\\ConnectionFactory->make()
#17 D:\\url_sorter\\url-shortener\\vendor\\laravel\\framework\\src\\Illuminate\\Database\\DatabaseManager.php(103): Illuminate\\Database\\DatabaseManager->makeConnection()
#18 D:\\url_sorter\\url-shortener\\vendor\\laravel\\framework\\src\\Illuminate\\Session\\SessionManager.php(108): Illuminate\\Database\\DatabaseManager->connection()
#19 D:\\url_sorter\\url-shortener\\vendor\\laravel\\framework\\src\\Illuminate\\Session\\SessionManager.php(95): Illuminate\\Session\\SessionManager->getDatabaseConnection()
#20 D:\\url_sorter\\url-shortener\\vendor\\laravel\\framework\\src\\Illuminate\\Support\\Manager.php(106): Illuminate\\Session\\SessionManager->createDatabaseDriver()
#21 D:\\url_sorter\\url-shortener\\vendor\\laravel\\framework\\src\\Illuminate\\Support\\Manager.php(80): Illuminate\\Support\\Manager->createDriver()
#22 D:\\url_sorter\\url-shortener\\vendor\\laravel\\framework\\src\\Illuminate\\Session\\SessionServiceProvider.php(52): Illuminate\\Support\\Manager->driver()
#23 D:\\url_sorter\\url-shortener\\vendor\\laravel\\framework\\src\\Illuminate\\Container\\Container.php(952): Illuminate\\Session\\SessionServiceProvider->{closure:Illuminate\\Session\\SessionServiceProvider::registerSessionDriver():48}()
#24 D:\\url_sorter\\url-shortener\\vendor\\laravel\\framework\\src\\Illuminate\\Container\\Container.php(832): Illuminate\\Container\\Container->build()
#25 D:\\url_sorter\\url-shortener\\vendor\\laravel\\framework\\src\\Illuminate\\Foundation\\Application.php(1078): Illuminate\\Container\\Container->resolve()
#26 D:\\url_sorter\\url-shortener\\vendor\\laravel\\framework\\src\\Illuminate\\Container\\Container.php(763): Illuminate\\Foundation\\Application->resolve()
#27 D:\\url_sorter\\url-shortener\\vendor\\laravel\\framework\\src\\Illuminate\\Foundation\\Application.php(1058): Illuminate\\Container\\Container->make()
#28 D:\\url_sorter\\url-shortener\\vendor\\laravel\\framework\\src\\Illuminate\\Container\\Container.php(1580): Illuminate\\Foundation\\Application->make()
#29 D:\\url_sorter\\url-shortener\\vendor\\laravel\\framework\\src\\Illuminate\\Routing\\RoutingServiceProvider.php(121): Illuminate\\Container\\Container->offsetGet()
#30 D:\\url_sorter\\url-shortener\\vendor\\laravel\\framework\\src\\Illuminate\\Container\\Container.php(952): Illuminate\\Routing\\RoutingServiceProvider->{closure:Illuminate\\Routing\\RoutingServiceProvider::registerRedirector():114}()
#31 D:\\url_sorter\\url-shortener\\vendor\\laravel\\framework\\src\\Illuminate\\Container\\Container.php(832): Illuminate\\Container\\Container->build()
#32 D:\\url_sorter\\url-shortener\\vendor\\laravel\\framework\\src\\Illuminate\\Foundation\\Application.php(1078): Illuminate\\Container\\Container->resolve()
#33 D:\\url_sorter\\url-shortener\\vendor\\laravel\\framework\\src\\Illuminate\\Container\\Container.php(763): Illuminate\\Foundation\\Application->resolve()
#34 D:\\url_sorter\\url-shortener\\vendor\\laravel\\framework\\src\\Illuminate\\Foundation\\Application.php(1058): Illuminate\\Container\\Container->make()
#35 D:\\url_sorter\\url-shortener\\vendor\\laravel\\framework\\src\\Illuminate\\Container\\Container.php(1580): Illuminate\\Foundation\\Application->make()
#36 D:\\url_sorter\\url-shortener\\vendor\\laravel\\framework\\src\\Illuminate\\Routing\\RoutingServiceProvider.php(177): Illuminate\\Container\\Container->offsetGet()
#37 D:\\url_sorter\\url-shortener\\vendor\\laravel\\framework\\src\\Illuminate\\Container\\Container.php(952): Illuminate\\Routing\\RoutingServiceProvider->{closure:Illuminate\\Routing\\RoutingServiceProvider::registerResponseFactory():176}()
#38 D:\\url_sorter\\url-shortener\\vendor\\laravel\\framework\\src\\Illuminate\\Container\\Container.php(832): Illuminate\\Container\\Container->build()
#39 D:\\url_sorter\\url-shortener\\vendor\\laravel\\framework\\src\\Illuminate\\Foundation\\Application.php(1078): Illuminate\\Container\\Container->resolve()
#40 D:\\url_sorter\\url-shortener\\vendor\\laravel\\framework\\src\\Illuminate\\Container\\Container.php(763): Illuminate\\Foundation\\Application->resolve()
#41 D:\\url_sorter\\url-shortener\\vendor\\laravel\\framework\\src\\Illuminate\\Foundation\\Application.php(1058): Illuminate\\Container\\Container->make()
#42 D:\\url_sorter\\url-shortener\\vendor\\laravel\\framework\\src\\Illuminate\\Foundation\\helpers.php(124): Illuminate\\Foundation\\Application->make()
#43 D:\\url_sorter\\url-shortener\\vendor\\laravel\\framework\\src\\Illuminate\\Foundation\\helpers.php(832): app()
#44 D:\\url_sorter\\url-shortener\\vendor\\laravel\\framework\\src\\Illuminate\\Foundation\\Exceptions\\Handler.php(894): response()
#45 D:\\url_sorter\\url-shortener\\vendor\\laravel\\framework\\src\\Illuminate\\Foundation\\Exceptions\\Handler.php(815): Illuminate\\Foundation\\Exceptions\\Handler->renderHttpException()
#46 D:\\url_sorter\\url-shortener\\vendor\\laravel\\framework\\src\\Illuminate\\Foundation\\Exceptions\\Handler.php(706): Illuminate\\Foundation\\Exceptions\\Handler->prepareResponse()
#47 D:\\url_sorter\\url-shortener\\vendor\\laravel\\framework\\src\\Illuminate\\Foundation\\Exceptions\\Handler.php(594): Illuminate\\Foundation\\Exceptions\\Handler->renderExceptionResponse()
#48 D:\\url_sorter\\url-shortener\\vendor\\laravel\\framework\\src\\Illuminate\\Routing\\Pipeline.php(51): Illuminate\\Foundation\\Exceptions\\Handler->render()
#49 D:\\url_sorter\\url-shortener\\vendor\\laravel\\framework\\src\\Illuminate\\Pipeline\\Pipeline.php(172): Illuminate\\Routing\\Pipeline->handleException()
#50 D:\\url_sorter\\url-shortener\\vendor\\laravel\\framework\\src\\Illuminate\\Foundation\\Http\\Middleware\\TransformsRequest.php(21): Illuminate\\Pipeline\\Pipeline->{closure:Illuminate\\Pipeline\\Pipeline::prepareDestination():168}()
#51 D:\\url_sorter\\url-shortener\\vendor\\laravel\\framework\\src\\Illuminate\\Foundation\\Http\\Middleware\\ConvertEmptyStringsToNull.php(31): Illuminate\\Foundation\\Http\\Middleware\\TransformsRequest->handle()
#52 D:\\url_sorter\\url-shortener\\vendor\\laravel\\framework\\src\\Illuminate\\Pipeline\\Pipeline.php(209): Illuminate\\Foundation\\Http\\Middleware\\ConvertEmptyStringsToNull->handle()
#53 D:\\url_sorter\\url-shortener\\vendor\\laravel\\framework\\src\\Illuminate\\Foundation\\Http\\Middleware\\TransformsRequest.php(21): Illuminate\\Pipeline\\Pipeline->{closure:{closure:Illuminate\\Pipeline\\Pipeline::carry():184}:185}()
#54 D:\\url_sorter\\url-shortener\\vendor\\laravel\\framework\\src\\Illuminate\\Foundation\\Http\\Middleware\\TrimStrings.php(51): Illuminate\\Foundation\\Http\\Middleware\\TransformsRequest->handle()
#55 D:\\url_sorter\\url-shortener\\vendor\\laravel\\framework\\src\\Illuminate\\Pipeline\\Pipeline.php(209): Illuminate\\Foundation\\Http\\Middleware\\TrimStrings->handle()
#56 D:\\url_sorter\\url-shortener\\vendor\\laravel\\framework\\src\\Illuminate\\Http\\Middleware\\ValidatePostSize.php(27): Illuminate\\Pipeline\\Pipeline->{closure:{closure:Illuminate\\Pipeline\\Pipeline::carry():184}:185}()
#57 D:\\url_sorter\\url-shortener\\vendor\\laravel\\framework\\src\\Illuminate\\Pipeline\\Pipeline.php(209): Illuminate\\Http\\Middleware\\ValidatePostSize->handle()
#58 D:\\url_sorter\\url-shortener\\vendor\\laravel\\framework\\src\\Illuminate\\Foundation\\Http\\Middleware\\PreventRequestsDuringMaintenance.php(110): Illuminate\\Pipeline\\Pipeline->{closure:{closure:Illuminate\\Pipeline\\Pipeline::carry():184}:185}()
#59 D:\\url_sorter\\url-shortener\\vendor\\laravel\\framework\\src\\Illuminate\\Pipeline\\Pipeline.php(209): Illuminate\\Foundation\\Http\\Middleware\\PreventRequestsDuringMaintenance->handle()
#60 D:\\url_sorter\\url-shortener\\vendor\\laravel\\framework\\src\\Illuminate\\Http\\Middleware\\HandleCors.php(49): Illuminate\\Pipeline\\Pipeline->{closure:{closure:Illuminate\\Pipeline\\Pipeline::carry():184}:185}()
#61 D:\\url_sorter\\url-shortener\\vendor\\laravel\\framework\\src\\Illuminate\\Pipeline\\Pipeline.php(209): Illuminate\\Http\\Middleware\\HandleCors->handle()
#62 D:\\url_sorter\\url-shortener\\vendor\\laravel\\framework\\src\\Illuminate\\Http\\Middleware\\TrustProxies.php(58): Illuminate\\Pipeline\\Pipeline->{closure:{closure:Illuminate\\Pipeline\\Pipeline::carry():184}:185}()
#63 D:\\url_sorter\\url-shortener\\vendor\\laravel\\framework\\src\\Illuminate\\Pipeline\\Pipeline.php(209): Illuminate\\Http\\Middleware\\TrustProxies->handle()
#64 D:\\url_sorter\\url-shortener\\vendor\\laravel\\framework\\src\\Illuminate\\Foundation\\Http\\Middleware\\InvokeDeferredCallbacks.php(22): Illuminate\\Pipeline\\Pipeline->{closure:{closure:Illuminate\\Pipeline\\Pipeline::carry():184}:185}()
#65 D:\\url_sorter\\url-shortener\\vendor\\laravel\\framework\\src\\Illuminate\\Pipeline\\Pipeline.php(209): Illuminate\\Foundation\\Http\\Middleware\\InvokeDeferredCallbacks->handle()
#66 D:\\url_sorter\\url-shortener\\vendor\\laravel\\framework\\src\\Illuminate\\Pipeline\\Pipeline.php(127): Illuminate\\Pipeline\\Pipeline->{closure:{closure:Illuminate\\Pipeline\\Pipeline::carry():184}:185}()
#67 D:\\url_sorter\\url-shortener\\vendor\\laravel\\framework\\src\\Illuminate\\Foundation\\Http\\Kernel.php(176): Illuminate\\Pipeline\\Pipeline->then()
#68 D:\\url_sorter\\url-shortener\\vendor\\laravel\\framework\\src\\Illuminate\\Foundation\\Http\\Kernel.php(145): Illuminate\\Foundation\\Http\\Kernel->sendRequestThroughRouter()
#69 D:\\url_sorter\\url-shortener\\vendor\\laravel\\framework\\src\\Illuminate\\Foundation\\Application.php(1220): Illuminate\\Foundation\\Http\\Kernel->handle()
#70 D:\\url_sorter\\url-shortener\\public\\index.php(20): Illuminate\\Foundation\\Application->handleRequest()
#71 D:\\url_sorter\\url-shortener\\vendor\\laravel\\framework\\src\\Illuminate\\Foundation\\resources\\server.php(23): require_once('...')
#72 {main}
"} 
[2025-12-06 17:00:40] local.ERROR: Database file at path [/full/path/to/database.sqlite] does not exist. Ensure this is an absolute path to the database. (Connection: sqlite, SQL: select exists (select 1 from sqlite_master where name = 'migrations' and type = 'table') as "exists") {"exception":"[object] (Illuminate\\Database\\QueryException(code: 0): Database file at path [/full/path/to/database.sqlite] does not exist. Ensure this is an absolute path to the database. (Connection: sqlite, SQL: select exists (select 1 from sqlite_master where name = 'migrations' and type = 'table') as \"exists\") at D:\\url_sorter\\url-shortener\\vendor\\laravel\\framework\\src\\Illuminate\\Database\\Connection.php:825)
[stacktrace]
#0 D:\\url_sorter\\url-shortener\\vendor\\laravel\\framework\\src\\Illuminate\\Database\\Connection.php(779): Illuminate\\Database\\Connection->runQueryCallback()
#1 D:\\url_sorter\\url-shortener\\vendor\\laravel\\framework\\src\\Illuminate\\Database\\Connection.php(398): Illuminate\\Database\\Connection->run()
#2 D:\\url_sorter\\url-shortener\\vendor\\laravel\\framework\\src\\Illuminate\\Database\\Connection.php(344): Illuminate\\Database\\Connection->select()
#3 D:\\url_sorter\\url-shortener\\vendor\\laravel\\framework\\src\\Illuminate\\Database\\Connection.php(361): Illuminate\\Database\\Connection->selectOne()
#4 D:\\url_sorter\\url-shortener\\vendor\\laravel\\framework\\src\\Illuminate\\Database\\Schema\\SQLiteBuilder.php(44): Illuminate\\Database\\Connection->scalar()
#5 D:\\url_sorter\\url-shortener\\vendor\\laravel\\framework\\src\\Illuminate\\Database\\Migrations\\DatabaseMigrationRepository.php(184): Illuminate\\Database\\Schema\\SQLiteBuilder->hasTable()
#6 D:\\url_sorter\\url-shortener\\vendor\\laravel\\framework\\src\\Illuminate\\Database\\Migrations\\Migrator.php(742): Illuminate\\Database\\Migrations\\DatabaseMigrationRepository->repositoryExists()
#7 D:\\url_sorter\\url-shortener\\vendor\\laravel\\framework\\src\\Illuminate\\Database\\Console\\Migrations\\MigrateCommand.php(165): Illuminate\\Database\\Migrations\\Migrator->repositoryExists()
#8 D:\\url_sorter\\url-shortener\\vendor\\laravel\\framework\\src\\Illuminate\\Support\\helpers.php(338): Illuminate\\Database\\Console\\Migrations\\MigrateCommand->{closure:Illuminate\\Database\\Console\\Migrations\\MigrateCommand::repositoryExists():165}()
#9 D:\\url_sorter\\url-shortener\\vendor\\laravel\\framework\\src\\Illuminate\\Database\\Console\\Migrations\\MigrateCommand.php(165): retry()
#10 D:\\url_sorter\\url-shortener\\vendor\\laravel\\framework\\src\\Illuminate\\Database\\Console\\Migrations\\MigrateCommand.php(141): Illuminate\\Database\\Console\\Migrations\\MigrateCommand->repositoryExists()
#11 D:\\url_sorter\\url-shortener\\vendor\\laravel\\framework\\src\\Illuminate\\Database\\Console\\Migrations\\MigrateCommand.php(111): Illuminate\\Database\\Console\\Migrations\\MigrateCommand->prepareDatabase()
#12 D:\\url_sorter\\url-shortener\\vendor\\laravel\\framework\\src\\Illuminate\\Database\\Migrations\\Migrator.php(658): Illuminate\\Database\\Console\\Migrations\\MigrateCommand->{closure:Illuminate\\Database\\Console\\Migrations\\MigrateCommand::runMigrations():110}()
#13 D:\\url_sorter\\url-shortener\\vendor\\laravel\\framework\\src\\Illuminate\\Database\\Console\\Migrations\\MigrateCommand.php(110): Illuminate\\Database\\Migrations\\Migrator->usingConnection()
#14 D:\\url_sorter\\url-shortener\\vendor\\laravel\\framework\\src\\Illuminate\\Database\\Console\\Migrations\\MigrateCommand.php(89): Illuminate\\Database\\Console\\Migrations\\MigrateCommand->runMigrations()
#15 D:\\url_sorter\\url-shortener\\vendor\\laravel\\framework\\src\\Illuminate\\Container\\BoundMethod.php(36): Illuminate\\Database\\Console\\Migrations\\MigrateCommand->handle()
#16 D:\\url_sorter\\url-shortener\\vendor\\laravel\\framework\\src\\Illuminate\\Container\\Util.php(43): Illuminate\\Container\\BoundMethod::{closure:Illuminate\\Container\\BoundMethod::call():35}()
#17 D:\\url_sorter\\url-shortener\\vendor\\laravel\\framework\\src\\Illuminate\\Container\\BoundMethod.php(95): Illuminate\\Container\\Util::unwrapIfClosure()
#18 D:\\url_sorter\\url-shortener\\vendor\\laravel\\framework\\src\\Illuminate\\Container\\BoundMethod.php(35): Illuminate\\Container\\BoundMethod::callBoundMethod()
#19 D:\\url_sorter\\url-shortener\\vendor\\laravel\\framework\\src\\Illuminate\\Container\\Container.php(696): Illuminate\\Container\\BoundMethod::call()
#20 D:\\url_sorter\\url-shortener\\vendor\\laravel\\framework\\src\\Illuminate\\Console\\Command.php(213): Illuminate\\Container\\Container->call()
#21 D:\\url_sorter\\url-shortener\\vendor\\symfony\\console\\Command\\Command.php(335): Illuminate\\Console\\Command->execute()
#22 D:\\url_sorter\\url-shortener\\vendor\\laravel\\framework\\src\\Illuminate\\Console\\Command.php(182): Symfony\\Component\\Console\\Command\\Command->run()
#23 D:\\url_sorter\\url-shortener\\vendor\\symfony\\console\\Application.php(1103): Illuminate\\Console\\Command->run()
#24 D:\\url_sorter\\url-shortener\\vendor\\symfony\\console\\Application.php(356): Symfony\\Component\\Console\\Application->doRunCommand()
#25 D:\\url_sorter\\url-shortener\\vendor\\symfony\\console\\Application.php(195): Symfony\\Component\\Console\\Application->doRun()
#26 D:\\url_sorter\\url-shortener\\vendor\\laravel\\framework\\src\\Illuminate\\Foundation\\Console\\Kernel.php(198): Symfony\\Component\\Console\\Application->run()
#27 D:\\url_sorter\\url-shortener\\vendor\\laravel\\framework\\src\\Illuminate\\Foundation\\Application.php(1235): Illuminate\\Foundation\\Console\\Kernel->handle()
#28 D:\\url_sorter\\url-shortener\\artisan(16): Illuminate\\Foundation\\Application->handleCommand()
#29 {main}

[previous exception] [object] (Illuminate\\Database\\SQLiteDatabaseDoesNotExistException(code: 0): Database file at path [/full/path/to/database.sqlite] does not exist. Ensure this is an absolute path to the database. at D:\\url_sorter\\url-shortener\\vendor\\laravel\\framework\\src\\Illuminate\\Database\\Connectors\\SQLiteConnector.php:37)
[stacktrace]
#0 D:\\url_sorter\\url-shortener\\vendor\\laravel\\framework\\src\\Illuminate\\Database\\Connectors\\ConnectionFactory.php(224): Illuminate\\Database\\Connectors\\SQLiteConnector->connect()
#1 [internal function]: Illuminate\\Database\\Connectors\\ConnectionFactory->{closure:Illuminate\\Database\\Connectors\\ConnectionFactory::createPdoResolverWithoutHosts():224}()
#2 D:\\url_sorter\\url-shortener\\vendor\\laravel\\framework\\src\\Illuminate\\Database\\Connection.php(1231): call_user_func()
#3 D:\\url_sorter\\url-shortener\\vendor\\laravel\\framework\\src\\Illuminate\\Database\\Connection.php(1267): Illuminate\\Database\\Connection->getPdo()
#4 D:\\url_sorter\\url-shortener\\vendor\\laravel\\framework\\src\\Illuminate\\Database\\Connection.php(512): Illuminate\\Database\\Connection->getReadPdo()
#5 D:\\url_sorter\\url-shortener\\vendor\\laravel\\framework\\src\\Illuminate\\Database\\Connection.php(407): Illuminate\\Database\\Connection->getPdoForSelect()
#6 D:\\url_sorter\\url-shortener\\vendor\\laravel\\framework\\src\\Illuminate\\Database\\Connection.php(812): Illuminate\\Database\\Connection->{closure:Illuminate\\Database\\Connection::select():398}()
#7 D:\\url_sorter\\url-shortener\\vendor\\laravel\\framework\\src\\Illuminate\\Database\\Connection.php(779): Illuminate\\Database\\Connection->runQueryCallback()
#8 D:\\url_sorter\\url-shortener\\vendor\\laravel\\framework\\src\\Illuminate\\Database\\Connection.php(398): Illuminate\\Database\\Connection->run()
#9 D:\\url_sorter\\url-shortener\\vendor\\laravel\\framework\\src\\Illuminate\\Database\\Connection.php(344): Illuminate\\Database\\Connection->select()
#10 D:\\url_sorter\\url-shortener\\vendor\\laravel\\framework\\src\\Illuminate\\Database\\Connection.php(361): Illuminate\\Database\\Connection->selectOne()
#11 D:\\url_sorter\\url-shortener\\vendor\\laravel\\framework\\src\\Illuminate\\Database\\Schema\\SQLiteBuilder.php(44): Illuminate\\Database\\Connection->scalar()
#12 D:\\url_sorter\\url-shortener\\vendor\\laravel\\framework\\src\\Illuminate\\Database\\Migrations\\DatabaseMigrationRepository.php(184): Illuminate\\Database\\Schema\\SQLiteBuilder->hasTable()
#13 D:\\url_sorter\\url-shortener\\vendor\\laravel\\framework\\src\\Illuminate\\Database\\Migrations\\Migrator.php(742): Illuminate\\Database\\Migrations\\DatabaseMigrationRepository->repositoryExists()
#14 D:\\url_sorter\\url-shortener\\vendor\\laravel\\framework\\src\\Illuminate\\Database\\Console\\Migrations\\MigrateCommand.php(165): Illuminate\\Database\\Migrations\\Migrator->repositoryExists()
#15 D:\\url_sorter\\url-shortener\\vendor\\laravel\\framework\\src\\Illuminate\\Support\\helpers.php(338): Illuminate\\Database\\Console\\Migrations\\MigrateCommand->{closure:Illuminate\\Database\\Console\\Migrations\\MigrateCommand::repositoryExists():165}()
#16 D:\\url_sorter\\url-shortener\\vendor\\laravel\\framework\\src\\Illuminate\\Database\\Console\\Migrations\\MigrateCommand.php(165): retry()
#17 D:\\url_sorter\\url-shortener\\vendor\\laravel\\framework\\src\\Illuminate\\Database\\Console\\Migrations\\MigrateCommand.php(141): Illuminate\\Database\\Console\\Migrations\\MigrateCommand->repositoryExists()
#18 D:\\url_sorter\\url-shortener\\vendor\\laravel\\framework\\src\\Illuminate\\Database\\Console\\Migrations\\MigrateCommand.php(111): Illuminate\\Database\\Console\\Migrations\\MigrateCommand->prepareDatabase()
#19 D:\\url_sorter\\url-shortener\\vendor\\laravel\\framework\\src\\Illuminate\\Database\\Migrations\\Migrator.php(658): Illuminate\\Database\\Console\\Migrations\\MigrateCommand->{closure:Illuminate\\Database\\Console\\Migrations\\MigrateCommand::runMigrations():110}()
#20 D:\\url_sorter\\url-shortener\\vendor\\laravel\\framework\\src\\Illuminate\\Database\\Console\\Migrations\\MigrateCommand.php(110): Illuminate\\Database\\Migrations\\Migrator->usingConnection()
#21 D:\\url_sorter\\url-shortener\\vendor\\laravel\\framework\\src\\Illuminate\\Database\\Console\\Migrations\\MigrateCommand.php(89): Illuminate\\Database\\Console\\Migrations\\MigrateCommand->runMigrations()
#22 D:\\url_sorter\\url-shortener\\vendor\\laravel\\framework\\src\\Illuminate\\Container\\BoundMethod.php(36): Illuminate\\Database\\Console\\Migrations\\MigrateCommand->handle()
#23 D:\\url_sorter\\url-shortener\\vendor\\laravel\\framework\\src\\Illuminate\\Container\\Util.php(43): Illuminate\\Container\\BoundMethod::{closure:Illuminate\\Container\\BoundMethod::call():35}()
#24 D:\\url_sorter\\url-shortener\\vendor\\laravel\\framework\\src\\Illuminate\\Container\\BoundMethod.php(95): Illuminate\\Container\\Util::unwrapIfClosure()
#25 D:\\url_sorter\\url-shortener\\vendor\\laravel\\framework\\src\\Illuminate\\Container\\BoundMethod.php(35): Illuminate\\Container\\BoundMethod::callBoundMethod()
#26 D:\\url_sorter\\url-shortener\\vendor\\laravel\\framework\\src\\Illuminate\\Container\\Container.php(696): Illuminate\\Container\\BoundMethod::call()
#27 D:\\url_sorter\\url-shortener\\vendor\\laravel\\framework\\src\\Illuminate\\Console\\Command.php(213): Illuminate\\Container\\Container->call()
#28 D:\\url_sorter\\url-shortener\\vendor\\symfony\\console\\Command\\Command.php(335): Illuminate\\Console\\Command->execute()
#29 D:\\url_sorter\\url-shortener\\vendor\\laravel\\framework\\src\\Illuminate\\Console\\Command.php(182): Symfony\\Component\\Console\\Command\\Command->run()
#30 D:\\url_sorter\\url-shortener\\vendor\\symfony\\console\\Application.php(1103): Illuminate\\Console\\Command->run()
#31 D:\\url_sorter\\url-shortener\\vendor\\symfony\\console\\Application.php(356): Symfony\\Component\\Console\\Application->doRunCommand()
#32 D:\\url_sorter\\url-shortener\\vendor\\symfony\\console\\Application.php(195): Symfony\\Component\\Console\\Application->doRun()
#33 D:\\url_sorter\\url-shortener\\vendor\\laravel\\framework\\src\\Illuminate\\Foundation\\Console\\Kernel.php(198): Symfony\\Component\\Console\\Application->run()
#34 D:\\url_sorter\\url-shortener\\vendor\\laravel\\framework\\src\\Illuminate\\Foundation\\Application.php(1235): Illuminate\\Foundation\\Console\\Kernel->handle()
#35 D:\\url_sorter\\url-shortener\\artisan(16): Illuminate\\Foundation\\Application->handleCommand()
#36 {main}
"} 
[2025-12-06 17:02:34] local.ERROR: could not find driver (Connection: sqlite, SQL: PRAGMA foreign_keys = ON;) {"exception":"[object] (Illuminate\\Database\\QueryException(code: 0): could not find driver (Connection: sqlite, SQL: PRAGMA foreign_keys = ON;) at D:\\url_sorter\\url-shortener\\vendor\\laravel\\framework\\src\\Illuminate\\Database\\Connection.php:825)
[stacktrace]
#0 D:\\url_sorter\\url-shortener\\vendor\\laravel\\framework\\src\\Illuminate\\Database\\Connection.php(779): Illuminate\\Database\\Connection->runQueryCallback()
#1 D:\\url_sorter\\url-shortener\\vendor\\laravel\\framework\\src\\Illuminate\\Database\\Connection.php(560): Illuminate\\Database\\Connection->run()
#2 D:\\url_sorter\\url-shortener\\vendor\\laravel\\framework\\src\\Illuminate\\Database\\Schema\\Builder.php(522): Illuminate\\Database\\Connection->statement()
#3 D:\\url_sorter\\url-shortener\\vendor\\laravel\\framework\\src\\Illuminate\\Database\\SQLiteConnection.php(59): Illuminate\\Database\\Schema\\Builder->enableForeignKeyConstraints()
#4 D:\\url_sorter\\url-shortener\\vendor\\laravel\\framework\\src\\Illuminate\\Database\\SQLiteConnection.php(28): Illuminate\\Database\\SQLiteConnection->configureForeignKeyConstraints()
#5 D:\\url_sorter\\url-shortener\\vendor\\laravel\\framework\\src\\Illuminate\\Database\\Connectors\\ConnectionFactory.php(277): Illuminate\\Database\\SQLiteConnection->__construct()
#6 D:\\url_sorter\\url-shortener\\vendor\\laravel\\framework\\src\\Illuminate\\Database\\Connectors\\ConnectionFactory.php(76): Illuminate\\Database\\Connectors\\ConnectionFactory->createConnection()
#7 D:\\url_sorter\\url-shortener\\vendor\\laravel\\framework\\src\\Illuminate\\Database\\Connectors\\ConnectionFactory.php(51): Illuminate\\Database\\Connectors\\ConnectionFactory->createSingleConnection()
#8 D:\\url_sorter\\url-shortener\\vendor\\laravel\\framework\\src\\Illuminate\\Database\\DatabaseManager.php(207): Illuminate\\Database\\Connectors\\ConnectionFactory->make()
#9 D:\\url_sorter\\url-shortener\\vendor\\laravel\\framework\\src\\Illuminate\\Database\\DatabaseManager.php(103): Illuminate\\Database\\DatabaseManager->makeConnection()
#10 D:\\url_sorter\\url-shortener\\vendor\\laravel\\framework\\src\\Illuminate\\Database\\Eloquent\\Model.php(1851): Illuminate\\Database\\DatabaseManager->connection()
#11 D:\\url_sorter\\url-shortener\\vendor\\laravel\\framework\\src\\Illuminate\\Database\\Eloquent\\Model.php(1817): Illuminate\\Database\\Eloquent\\Model::resolveConnection()
#12 D:\\url_sorter\\url-shortener\\vendor\\laravel\\framework\\src\\Illuminate\\Database\\Eloquent\\Model.php(1615): Illuminate\\Database\\Eloquent\\Model->getConnection()
#13 D:\\url_sorter\\url-shortener\\vendor\\laravel\\framework\\src\\Illuminate\\Database\\Eloquent\\Model.php(1534): Illuminate\\Database\\Eloquent\\Model->newBaseQueryBuilder()
#14 D:\\url_sorter\\url-shortener\\vendor\\laravel\\framework\\src\\Illuminate\\Database\\Eloquent\\Model.php(1570): Illuminate\\Database\\Eloquent\\Model->newModelQuery()
#15 D:\\url_sorter\\url-shortener\\vendor\\laravel\\framework\\src\\Illuminate\\Database\\Eloquent\\Model.php(1523): Illuminate\\Database\\Eloquent\\Model->newQueryWithoutScopes()
#16 D:\\url_sorter\\url-shortener\\vendor\\laravel\\framework\\src\\Illuminate\\Database\\Eloquent\\Model.php(2372): Illuminate\\Database\\Eloquent\\Model->newQuery()
#17 D:\\url_sorter\\url-shortener\\vendor\\laravel\\framework\\src\\Illuminate\\Database\\Eloquent\\Model.php(2384): Illuminate\\Database\\Eloquent\\Model->__call()
#18 D:\\url_sorter\\url-shortener\\database\\seeders\\RoleSeeder.php(22): Illuminate\\Database\\Eloquent\\Model::__callStatic()
#19 D:\\url_sorter\\url-shortener\\vendor\\laravel\\framework\\src\\Illuminate\\Container\\BoundMethod.php(36): Database\\Seeders\\RoleSeeder->run()
#20 D:\\url_sorter\\url-shortener\\vendor\\laravel\\framework\\src\\Illuminate\\Container\\Util.php(43): Illuminate\\Container\\BoundMethod::{closure:Illuminate\\Container\\BoundMethod::call():35}()
#21 D:\\url_sorter\\url-shortener\\vendor\\laravel\\framework\\src\\Illuminate\\Container\\BoundMethod.php(95): Illuminate\\Container\\Util::unwrapIfClosure()
#22 D:\\url_sorter\\url-shortener\\vendor\\laravel\\framework\\src\\Illuminate\\Container\\BoundMethod.php(35): Illuminate\\Container\\BoundMethod::callBoundMethod()
#23 D:\\url_sorter\\url-shortener\\vendor\\laravel\\framework\\src\\Illuminate\\Container\\Container.php(696): Illuminate\\Container\\BoundMethod::call()
#24 D:\\url_sorter\\url-shortener\\vendor\\laravel\\framework\\src\\Illuminate\\Database\\Seeder.php(188): Illuminate\\Container\\Container->call()
#25 D:\\url_sorter\\url-shortener\\vendor\\laravel\\framework\\src\\Illuminate\\Database\\Seeder.php(197): Illuminate\\Database\\Seeder->{closure:Illuminate\\Database\\Seeder::__invoke():187}()
#26 D:\\url_sorter\\url-shortener\\vendor\\laravel\\framework\\src\\Illuminate\\Database\\Seeder.php(61): Illuminate\\Database\\Seeder->__invoke()
#27 D:\\url_sorter\\url-shortener\\database\\seeders\\DatabaseSeeder.php(12): Illuminate\\Database\\Seeder->call()
#28 D:\\url_sorter\\url-shortener\\vendor\\laravel\\framework\\src\\Illuminate\\Container\\BoundMethod.php(36): Database\\Seeders\\DatabaseSeeder->run()
#29 D:\\url_sorter\\url-shortener\\vendor\\laravel\\framework\\src\\Illuminate\\Container\\Util.php(43): Illuminate\\Container\\BoundMethod::{closure:Illuminate\\Container\\BoundMethod::call():35}()
#30 D:\\url_sorter\\url-shortener\\vendor\\laravel\\framework\\src\\Illuminate\\Container\\BoundMethod.php(95): Illuminate\\Container\\Util::unwrapIfClosure()
#31 D:\\url_sorter\\url-shortener\\vendor\\laravel\\framework\\src\\Illuminate\\Container\\BoundMethod.php(35): Illuminate\\Container\\BoundMethod::callBoundMethod()
#32 D:\\url_sorter\\url-shortener\\vendor\\laravel\\framework\\src\\Illuminate\\Container\\Container.php(696): Illuminate\\Container\\BoundMethod::call()
#33 D:\\url_sorter\\url-shortener\\vendor\\laravel\\framework\\src\\Illuminate\\Database\\Seeder.php(188): Illuminate\\Container\\Container->call()
#34 D:\\url_sorter\\url-shortener\\vendor\\laravel\\framework\\src\\Illuminate\\Database\\Seeder.php(197): Illuminate\\Database\\Seeder->{closure:Illuminate\\Database\\Seeder::__invoke():187}()
#35 D:\\url_sorter\\url-shortener\\vendor\\laravel\\framework\\src\\Illuminate\\Database\\Console\\Seeds\\SeedCommand.php(70): Illuminate\\Database\\Seeder->__invoke()
#36 D:\\url_sorter\\url-shortener\\vendor\\laravel\\framework\\src\\Illuminate\\Database\\Eloquent\\Concerns\\GuardsAttributes.php(155): Illuminate\\Database\\Console\\Seeds\\SeedCommand->{closure:Illuminate\\Database\\Console\\Seeds\\SeedCommand::handle():69}()
#37 D:\\url_sorter\\url-shortener\\vendor\\laravel\\framework\\src\\Illuminate\\Database\\Console\\Seeds\\SeedCommand.php(69): Illuminate\\Database\\Eloquent\\Model::unguarded()
#38 D:\\url_sorter\\url-shortener\\vendor\\laravel\\framework\\src\\Illuminate\\Container\\BoundMethod.php(36): Illuminate\\Database\\Console\\Seeds\\SeedCommand->handle()
#39 D:\\url_sorter\\url-shortener\\vendor\\laravel\\framework\\src\\Illuminate\\Container\\Util.php(43): Illuminate\\Container\\BoundMethod::{closure:Illuminate\\Container\\BoundMethod::call():35}()
#40 D:\\url_sorter\\url-shortener\\vendor\\laravel\\framework\\src\\Illuminate\\Container\\BoundMethod.php(95): Illuminate\\Container\\Util::unwrapIfClosure()
#41 D:\\url_sorter\\url-shortener\\vendor\\laravel\\framework\\src\\Illuminate\\Container\\BoundMethod.php(35): Illuminate\\Container\\BoundMethod::callBoundMethod()
#42 D:\\url_sorter\\url-shortener\\vendor\\laravel\\framework\\src\\Illuminate\\Container\\Container.php(696): Illuminate\\Container\\BoundMethod::call()
#43 D:\\url_sorter\\url-shortener\\vendor\\laravel\\framework\\src\\Illuminate\\Console\\Command.php(213): Illuminate\\Container\\Container->call()
#44 D:\\url_sorter\\url-shortener\\vendor\\symfony\\console\\Command\\Command.php(335): Illuminate\\Console\\Command->execute()
#45 D:\\url_sorter\\url-shortener\\vendor\\laravel\\framework\\src\\Illuminate\\Console\\Command.php(182): Symfony\\Component\\Console\\Command\\Command->run()
#46 D:\\url_sorter\\url-shortener\\vendor\\symfony\\console\\Application.php(1103): Illuminate\\Console\\Command->run()
#47 D:\\url_sorter\\url-shortener\\vendor\\symfony\\console\\Application.php(356): Symfony\\Component\\Console\\Application->doRunCommand()
#48 D:\\url_sorter\\url-shortener\\vendor\\symfony\\console\\Application.php(195): Symfony\\Component\\Console\\Application->doRun()
#49 D:\\url_sorter\\url-shortener\\vendor\\laravel\\framework\\src\\Illuminate\\Foundation\\Console\\Kernel.php(198): Symfony\\Component\\Console\\Application->run()
#50 D:\\url_sorter\\url-shortener\\vendor\\laravel\\framework\\src\\Illuminate\\Foundation\\Application.php(1235): Illuminate\\Foundation\\Console\\Kernel->handle()
#51 D:\\url_sorter\\url-shortener\\artisan(16): Illuminate\\Foundation\\Application->handleCommand()
#52 {main}

[previous exception] [object] (PDOException(code: 0): could not find driver at D:\\url_sorter\\url-shortener\\vendor\\laravel\\framework\\src\\Illuminate\\Database\\Connectors\\Connector.php:67)
[stacktrace]
#0 D:\\url_sorter\\url-shortener\\vendor\\laravel\\framework\\src\\Illuminate\\Database\\Connectors\\Connector.php(67): PDO::connect()
#1 D:\\url_sorter\\url-shortener\\vendor\\laravel\\framework\\src\\Illuminate\\Database\\Connectors\\Connector.php(44): Illuminate\\Database\\Connectors\\Connector->createPdoConnection()
#2 D:\\url_sorter\\url-shortener\\vendor\\laravel\\framework\\src\\Illuminate\\Database\\Connectors\\SQLiteConnector.php(40): Illuminate\\Database\\Connectors\\Connector->createConnection()
#3 D:\\url_sorter\\url-shortener\\vendor\\laravel\\framework\\src\\Illuminate\\Database\\Connectors\\ConnectionFactory.php(224): Illuminate\\Database\\Connectors\\SQLiteConnector->connect()
#4 [internal function]: Illuminate\\Database\\Connectors\\ConnectionFactory->{closure:Illuminate\\Database\\Connectors\\ConnectionFactory::createPdoResolverWithoutHosts():224}()
#5 D:\\url_sorter\\url-shortener\\vendor\\laravel\\framework\\src\\Illuminate\\Database\\Connection.php(1231): call_user_func()
#6 D:\\url_sorter\\url-shortener\\vendor\\laravel\\framework\\src\\Illuminate\\Database\\Connection.php(565): Illuminate\\Database\\Connection->getPdo()
#7 D:\\url_sorter\\url-shortener\\vendor\\laravel\\framework\\src\\Illuminate\\Database\\Connection.php(812): Illuminate\\Database\\Connection->{closure:Illuminate\\Database\\Connection::statement():560}()
#8 D:\\url_sorter\\url-shortener\\vendor\\laravel\\framework\\src\\Illuminate\\Database\\Connection.php(779): Illuminate\\Database\\Connection->runQueryCallback()
#9 D:\\url_sorter\\url-shortener\\vendor\\laravel\\framework\\src\\Illuminate\\Database\\Connection.php(560): Illuminate\\Database\\Connection->run()
#10 D:\\url_sorter\\url-shortener\\vendor\\laravel\\framework\\src\\Illuminate\\Database\\Schema\\Builder.php(522): Illuminate\\Database\\Connection->statement()
#11 D:\\url_sorter\\url-shortener\\vendor\\laravel\\framework\\src\\Illuminate\\Database\\SQLiteConnection.php(59): Illuminate\\Database\\Schema\\Builder->enableForeignKeyConstraints()
#12 D:\\url_sorter\\url-shortener\\vendor\\laravel\\framework\\src\\Illuminate\\Database\\SQLiteConnection.php(28): Illuminate\\Database\\SQLiteConnection->configureForeignKeyConstraints()
#13 D:\\url_sorter\\url-shortener\\vendor\\laravel\\framework\\src\\Illuminate\\Database\\Connectors\\ConnectionFactory.php(277): Illuminate\\Database\\SQLiteConnection->__construct()
#14 D:\\url_sorter\\url-shortener\\vendor\\laravel\\framework\\src\\Illuminate\\Database\\Connectors\\ConnectionFactory.php(76): Illuminate\\Database\\Connectors\\ConnectionFactory->createConnection()
#15 D:\\url_sorter\\url-shortener\\vendor\\laravel\\framework\\src\\Illuminate\\Database\\Connectors\\ConnectionFactory.php(51): Illuminate\\Database\\Connectors\\ConnectionFactory->createSingleConnection()
#16 D:\\url_sorter\\url-shortener\\vendor\\laravel\\framework\\src\\Illuminate\\Database\\DatabaseManager.php(207): Illuminate\\Database\\Connectors\\ConnectionFactory->make()
#17 D:\\url_sorter\\url-shortener\\vendor\\laravel\\framework\\src\\Illuminate\\Database\\DatabaseManager.php(103): Illuminate\\Database\\DatabaseManager->makeConnection()
#18 D:\\url_sorter\\url-shortener\\vendor\\laravel\\framework\\src\\Illuminate\\Database\\Eloquent\\Model.php(1851): Illuminate\\Database\\DatabaseManager->connection()
#19 D:\\url_sorter\\url-shortener\\vendor\\laravel\\framework\\src\\Illuminate\\Database\\Eloquent\\Model.php(1817): Illuminate\\Database\\Eloquent\\Model::resolveConnection()
#20 D:\\url_sorter\\url-shortener\\vendor\\laravel\\framework\\src\\Illuminate\\Database\\Eloquent\\Model.php(1615): Illuminate\\Database\\Eloquent\\Model->getConnection()
#21 D:\\url_sorter\\url-shortener\\vendor\\laravel\\framework\\src\\Illuminate\\Database\\Eloquent\\Model.php(1534): Illuminate\\Database\\Eloquent\\Model->newBaseQueryBuilder()
#22 D:\\url_sorter\\url-shortener\\vendor\\laravel\\framework\\src\\Illuminate\\Database\\Eloquent\\Model.php(1570): Illuminate\\Database\\Eloquent\\Model->newModelQuery()
#23 D:\\url_sorter\\url-shortener\\vendor\\laravel\\framework\\src\\Illuminate\\Database\\Eloquent\\Model.php(1523): Illuminate\\Database\\Eloquent\\Model->newQueryWithoutScopes()
#24 D:\\url_sorter\\url-shortener\\vendor\\laravel\\framework\\src\\Illuminate\\Database\\Eloquent\\Model.php(2372): Illuminate\\Database\\Eloquent\\Model->newQuery()
#25 D:\\url_sorter\\url-shortener\\vendor\\laravel\\framework\\src\\Illuminate\\Database\\Eloquent\\Model.php(2384): Illuminate\\Database\\Eloquent\\Model->__call()
#26 D:\\url_sorter\\url-shortener\\database\\seeders\\RoleSeeder.php(22): Illuminate\\Database\\Eloquent\\Model::__callStatic()
#27 D:\\url_sorter\\url-shortener\\vendor\\laravel\\framework\\src\\Illuminate\\Container\\BoundMethod.php(36): Database\\Seeders\\RoleSeeder->run()
#28 D:\\url_sorter\\url-shortener\\vendor\\laravel\\framework\\src\\Illuminate\\Container\\Util.php(43): Illuminate\\Container\\BoundMethod::{closure:Illuminate\\Container\\BoundMethod::call():35}()
#29 D:\\url_sorter\\url-shortener\\vendor\\laravel\\framework\\src\\Illuminate\\Container\\BoundMethod.php(95): Illuminate\\Container\\Util::unwrapIfClosure()
#30 D:\\url_sorter\\url-shortener\\vendor\\laravel\\framework\\src\\Illuminate\\Container\\BoundMethod.php(35): Illuminate\\Container\\BoundMethod::callBoundMethod()
#31 D:\\url_sorter\\url-shortener\\vendor\\laravel\\framework\\src\\Illuminate\\Container\\Container.php(696): Illuminate\\Container\\BoundMethod::call()
#32 D:\\url_sorter\\url-shortener\\vendor\\laravel\\framework\\src\\Illuminate\\Database\\Seeder.php(188): Illuminate\\Container\\Container->call()
#33 D:\\url_sorter\\url-shortener\\vendor\\laravel\\framework\\src\\Illuminate\\Database\\Seeder.php(197): Illuminate\\Database\\Seeder->{closure:Illuminate\\Database\\Seeder::__invoke():187}()
#34 D:\\url_sorter\\url-shortener\\vendor\\laravel\\framework\\src\\Illuminate\\Database\\Seeder.php(61): Illuminate\\Database\\Seeder->__invoke()
#35 D:\\url_sorter\\url-shortener\\database\\seeders\\DatabaseSeeder.php(12): Illuminate\\Database\\Seeder->call()
#36 D:\\url_sorter\\url-shortener\\vendor\\laravel\\framework\\src\\Illuminate\\Container\\BoundMethod.php(36): Database\\Seeders\\DatabaseSeeder->run()
#37 D:\\url_sorter\\url-shortener\\vendor\\laravel\\framework\\src\\Illuminate\\Container\\Util.php(43): Illuminate\\Container\\BoundMethod::{closure:Illuminate\\Container\\BoundMethod::call():35}()
#38 D:\\url_sorter\\url-shortener\\vendor\\laravel\\framework\\src\\Illuminate\\Container\\BoundMethod.php(95): Illuminate\\Container\\Util::unwrapIfClosure()
#39 D:\\url_sorter\\url-shortener\\vendor\\laravel\\framework\\src\\Illuminate\\Container\\BoundMethod.php(35): Illuminate\\Container\\BoundMethod::callBoundMethod()
#40 D:\\url_sorter\\url-shortener\\vendor\\laravel\\framework\\src\\Illuminate\\Container\\Container.php(696): Illuminate\\Container\\BoundMethod::call()
#41 D:\\url_sorter\\url-shortener\\vendor\\laravel\\framework\\src\\Illuminate\\Database\\Seeder.php(188): Illuminate\\Container\\Container->call()
#42 D:\\url_sorter\\url-shortener\\vendor\\laravel\\framework\\src\\Illuminate\\Database\\Seeder.php(197): Illuminate\\Database\\Seeder->{closure:Illuminate\\Database\\Seeder::__invoke():187}()
#43 D:\\url_sorter\\url-shortener\\vendor\\laravel\\framework\\src\\Illuminate\\Database\\Console\\Seeds\\SeedCommand.php(70): Illuminate\\Database\\Seeder->__invoke()
#44 D:\\url_sorter\\url-shortener\\vendor\\laravel\\framework\\src\\Illuminate\\Database\\Eloquent\\Concerns\\GuardsAttributes.php(155): Illuminate\\Database\\Console\\Seeds\\SeedCommand->{closure:Illuminate\\Database\\Console\\Seeds\\SeedCommand::handle():69}()
#45 D:\\url_sorter\\url-shortener\\vendor\\laravel\\framework\\src\\Illuminate\\Database\\Console\\Seeds\\SeedCommand.php(69): Illuminate\\Database\\Eloquent\\Model::unguarded()
#46 D:\\url_sorter\\url-shortener\\vendor\\laravel\\framework\\src\\Illuminate\\Container\\BoundMethod.php(36): Illuminate\\Database\\Console\\Seeds\\SeedCommand->handle()
#47 D:\\url_sorter\\url-shortener\\vendor\\laravel\\framework\\src\\Illuminate\\Container\\Util.php(43): Illuminate\\Container\\BoundMethod::{closure:Illuminate\\Container\\BoundMethod::call():35}()
#48 D:\\url_sorter\\url-shortener\\vendor\\laravel\\framework\\src\\Illuminate\\Container\\BoundMethod.php(95): Illuminate\\Container\\Util::unwrapIfClosure()
#49 D:\\url_sorter\\url-shortener\\vendor\\laravel\\framework\\src\\Illuminate\\Container\\BoundMethod.php(35): Illuminate\\Container\\BoundMethod::callBoundMethod()
#50 D:\\url_sorter\\url-shortener\\vendor\\laravel\\framework\\src\\Illuminate\\Container\\Container.php(696): Illuminate\\Container\\BoundMethod::call()
#51 D:\\url_sorter\\url-shortener\\vendor\\laravel\\framework\\src\\Illuminate\\Console\\Command.php(213): Illuminate\\Container\\Container->call()
#52 D:\\url_sorter\\url-shortener\\vendor\\symfony\\console\\Command\\Command.php(335): Illuminate\\Console\\Command->execute()
#53 D:\\url_sorter\\url-shortener\\vendor\\laravel\\framework\\src\\Illuminate\\Console\\Command.php(182): Symfony\\Component\\Console\\Command\\Command->run()
#54 D:\\url_sorter\\url-shortener\\vendor\\symfony\\console\\Application.php(1103): Illuminate\\Console\\Command->run()
#55 D:\\url_sorter\\url-shortener\\vendor\\symfony\\console\\Application.php(356): Symfony\\Component\\Console\\Application->doRunCommand()
#56 D:\\url_sorter\\url-shortener\\vendor\\symfony\\console\\Application.php(195): Symfony\\Component\\Console\\Application->doRun()
#57 D:\\url_sorter\\url-shortener\\vendor\\laravel\\framework\\src\\Illuminate\\Foundation\\Console\\Kernel.php(198): Symfony\\Component\\Console\\Application->run()
#58 D:\\url_sorter\\url-shortener\\vendor\\laravel\\framework\\src\\Illuminate\\Foundation\\Application.php(1235): Illuminate\\Foundation\\Console\\Kernel->handle()
#59 D:\\url_sorter\\url-shortener\\artisan(16): Illuminate\\Foundation\\Application->handleCommand()
#60 {main}
"} 
[2025-12-06 17:02:43] local.ERROR: could not find driver (Connection: sqlite, SQL: PRAGMA foreign_keys = ON;) {"exception":"[object] (Illuminate\\Database\\QueryException(code: 0): could not find driver (Connection: sqlite, SQL: PRAGMA foreign_keys = ON;) at D:\\url_sorter\\url-shortener\\vendor\\laravel\\framework\\src\\Illuminate\\Database\\Connection.php:825)
[stacktrace]
#0 D:\\url_sorter\\url-shortener\\vendor\\laravel\\framework\\src\\Illuminate\\Database\\Connection.php(779): Illuminate\\Database\\Connection->runQueryCallback()
#1 D:\\url_sorter\\url-shortener\\vendor\\laravel\\framework\\src\\Illuminate\\Database\\Connection.php(560): Illuminate\\Database\\Connection->run()
#2 D:\\url_sorter\\url-shortener\\vendor\\laravel\\framework\\src\\Illuminate\\Database\\Schema\\Builder.php(522): Illuminate\\Database\\Connection->statement()
#3 D:\\url_sorter\\url-shortener\\vendor\\laravel\\framework\\src\\Illuminate\\Database\\SQLiteConnection.php(59): Illuminate\\Database\\Schema\\Builder->enableForeignKeyConstraints()
#4 D:\\url_sorter\\url-shortener\\vendor\\laravel\\framework\\src\\Illuminate\\Database\\SQLiteConnection.php(28): Illuminate\\Database\\SQLiteConnection->configureForeignKeyConstraints()
#5 D:\\url_sorter\\url-shortener\\vendor\\laravel\\framework\\src\\Illuminate\\Database\\Connectors\\ConnectionFactory.php(277): Illuminate\\Database\\SQLiteConnection->__construct()
#6 D:\\url_sorter\\url-shortener\\vendor\\laravel\\framework\\src\\Illuminate\\Database\\Connectors\\ConnectionFactory.php(76): Illuminate\\Database\\Connectors\\ConnectionFactory->createConnection()
#7 D:\\url_sorter\\url-shortener\\vendor\\laravel\\framework\\src\\Illuminate\\Database\\Connectors\\ConnectionFactory.php(51): Illuminate\\Database\\Connectors\\ConnectionFactory->createSingleConnection()
#8 D:\\url_sorter\\url-shortener\\vendor\\laravel\\framework\\src\\Illuminate\\Database\\DatabaseManager.php(207): Illuminate\\Database\\Connectors\\ConnectionFactory->make()
#9 D:\\url_sorter\\url-shortener\\vendor\\laravel\\framework\\src\\Illuminate\\Database\\DatabaseManager.php(103): Illuminate\\Database\\DatabaseManager->makeConnection()
#10 D:\\url_sorter\\url-shortener\\vendor\\laravel\\framework\\src\\Illuminate\\Database\\Migrations\\DatabaseMigrationRepository.php(226): Illuminate\\Database\\DatabaseManager->connection()
#11 D:\\url_sorter\\url-shortener\\vendor\\laravel\\framework\\src\\Illuminate\\Database\\Migrations\\DatabaseMigrationRepository.php(182): Illuminate\\Database\\Migrations\\DatabaseMigrationRepository->getConnection()
#12 D:\\url_sorter\\url-shortener\\vendor\\laravel\\framework\\src\\Illuminate\\Database\\Migrations\\Migrator.php(742): Illuminate\\Database\\Migrations\\DatabaseMigrationRepository->repositoryExists()
#13 D:\\url_sorter\\url-shortener\\vendor\\laravel\\framework\\src\\Illuminate\\Database\\Console\\Migrations\\MigrateCommand.php(165): Illuminate\\Database\\Migrations\\Migrator->repositoryExists()
#14 D:\\url_sorter\\url-shortener\\vendor\\laravel\\framework\\src\\Illuminate\\Support\\helpers.php(338): Illuminate\\Database\\Console\\Migrations\\MigrateCommand->{closure:Illuminate\\Database\\Console\\Migrations\\MigrateCommand::repositoryExists():165}()
#15 D:\\url_sorter\\url-shortener\\vendor\\laravel\\framework\\src\\Illuminate\\Database\\Console\\Migrations\\MigrateCommand.php(165): retry()
#16 D:\\url_sorter\\url-shortener\\vendor\\laravel\\framework\\src\\Illuminate\\Database\\Console\\Migrations\\MigrateCommand.php(141): Illuminate\\Database\\Console\\Migrations\\MigrateCommand->repositoryExists()
#17 D:\\url_sorter\\url-shortener\\vendor\\laravel\\framework\\src\\Illuminate\\Database\\Console\\Migrations\\MigrateCommand.php(111): Illuminate\\Database\\Console\\Migrations\\MigrateCommand->prepareDatabase()
#18 D:\\url_sorter\\url-shortener\\vendor\\laravel\\framework\\src\\Illuminate\\Database\\Migrations\\Migrator.php(658): Illuminate\\Database\\Console\\Migrations\\MigrateCommand->{closure:Illuminate\\Database\\Console\\Migrations\\MigrateCommand::runMigrations():110}()
#19 D:\\url_sorter\\url-shortener\\vendor\\laravel\\framework\\src\\Illuminate\\Database\\Console\\Migrations\\MigrateCommand.php(110): Illuminate\\Database\\Migrations\\Migrator->usingConnection()
#20 D:\\url_sorter\\url-shortener\\vendor\\laravel\\framework\\src\\Illuminate\\Database\\Console\\Migrations\\MigrateCommand.php(89): Illuminate\\Database\\Console\\Migrations\\MigrateCommand->runMigrations()
#21 D:\\url_sorter\\url-shortener\\vendor\\laravel\\framework\\src\\Illuminate\\Container\\BoundMethod.php(36): Illuminate\\Database\\Console\\Migrations\\MigrateCommand->handle()
#22 D:\\url_sorter\\url-shortener\\vendor\\laravel\\framework\\src\\Illuminate\\Container\\Util.php(43): Illuminate\\Container\\BoundMethod::{closure:Illuminate\\Container\\BoundMethod::call():35}()
#23 D:\\url_sorter\\url-shortener\\vendor\\laravel\\framework\\src\\Illuminate\\Container\\BoundMethod.php(95): Illuminate\\Container\\Util::unwrapIfClosure()
#24 D:\\url_sorter\\url-shortener\\vendor\\laravel\\framework\\src\\Illuminate\\Container\\BoundMethod.php(35): Illuminate\\Container\\BoundMethod::callBoundMethod()
#25 D:\\url_sorter\\url-shortener\\vendor\\laravel\\framework\\src\\Illuminate\\Container\\Container.php(696): Illuminate\\Container\\BoundMethod::call()
#26 D:\\url_sorter\\url-shortener\\vendor\\laravel\\framework\\src\\Illuminate\\Console\\Command.php(213): Illuminate\\Container\\Container->call()
#27 D:\\url_sorter\\url-shortener\\vendor\\symfony\\console\\Command\\Command.php(335): Illuminate\\Console\\Command->execute()
#28 D:\\url_sorter\\url-shortener\\vendor\\laravel\\framework\\src\\Illuminate\\Console\\Command.php(182): Symfony\\Component\\Console\\Command\\Command->run()
#29 D:\\url_sorter\\url-shortener\\vendor\\symfony\\console\\Application.php(1103): Illuminate\\Console\\Command->run()
#30 D:\\url_sorter\\url-shortener\\vendor\\symfony\\console\\Application.php(356): Symfony\\Component\\Console\\Application->doRunCommand()
#31 D:\\url_sorter\\url-shortener\\vendor\\symfony\\console\\Application.php(195): Symfony\\Component\\Console\\Application->doRun()
#32 D:\\url_sorter\\url-shortener\\vendor\\laravel\\framework\\src\\Illuminate\\Foundation\\Console\\Kernel.php(198): Symfony\\Component\\Console\\Application->run()
#33 D:\\url_sorter\\url-shortener\\vendor\\laravel\\framework\\src\\Illuminate\\Foundation\\Application.php(1235): Illuminate\\Foundation\\Console\\Kernel->handle()
#34 D:\\url_sorter\\url-shortener\\artisan(16): Illuminate\\Foundation\\Application->handleCommand()
#35 {main}

[previous exception] [object] (PDOException(code: 0): could not find driver at D:\\url_sorter\\url-shortener\\vendor\\laravel\\framework\\src\\Illuminate\\Database\\Connectors\\Connector.php:67)
[stacktrace]
#0 D:\\url_sorter\\url-shortener\\vendor\\laravel\\framework\\src\\Illuminate\\Database\\Connectors\\Connector.php(67): PDO::connect()
#1 D:\\url_sorter\\url-shortener\\vendor\\laravel\\framework\\src\\Illuminate\\Database\\Connectors\\Connector.php(44): Illuminate\\Database\\Connectors\\Connector->createPdoConnection()
#2 D:\\url_sorter\\url-shortener\\vendor\\laravel\\framework\\src\\Illuminate\\Database\\Connectors\\SQLiteConnector.php(40): Illuminate\\Database\\Connectors\\Connector->createConnection()
#3 D:\\url_sorter\\url-shortener\\vendor\\laravel\\framework\\src\\Illuminate\\Database\\Connectors\\ConnectionFactory.php(224): Illuminate\\Database\\Connectors\\SQLiteConnector->connect()
#4 [internal function]: Illuminate\\Database\\Connectors\\ConnectionFactory->{closure:Illuminate\\Database\\Connectors\\ConnectionFactory::createPdoResolverWithoutHosts():224}()
#5 D:\\url_sorter\\url-shortener\\vendor\\laravel\\framework\\src\\Illuminate\\Database\\Connection.php(1231): call_user_func()
#6 D:\\url_sorter\\url-shortener\\vendor\\laravel\\framework\\src\\Illuminate\\Database\\Connection.php(565): Illuminate\\Database\\Connection->getPdo()
#7 D:\\url_sorter\\url-shortener\\vendor\\laravel\\framework\\src\\Illuminate\\Database\\Connection.php(812): Illuminate\\Database\\Connection->{closure:Illuminate\\Database\\Connection::statement():560}()
#8 D:\\url_sorter\\url-shortener\\vendor\\laravel\\framework\\src\\Illuminate\\Database\\Connection.php(779): Illuminate\\Database\\Connection->runQueryCallback()
#9 D:\\url_sorter\\url-shortener\\vendor\\laravel\\framework\\src\\Illuminate\\Database\\Connection.php(560): Illuminate\\Database\\Connection->run()
#10 D:\\url_sorter\\url-shortener\\vendor\\laravel\\framework\\src\\Illuminate\\Database\\Schema\\Builder.php(522): Illuminate\\Database\\Connection->statement()
#11 D:\\url_sorter\\url-shortener\\vendor\\laravel\\framework\\src\\Illuminate\\Database\\SQLiteConnection.php(59): Illuminate\\Database\\Schema\\Builder->enableForeignKeyConstraints()
#12 D:\\url_sorter\\url-shortener\\vendor\\laravel\\framework\\src\\Illuminate\\Database\\SQLiteConnection.php(28): Illuminate\\Database\\SQLiteConnection->configureForeignKeyConstraints()
#13 D:\\url_sorter\\url-shortener\\vendor\\laravel\\framework\\src\\Illuminate\\Database\\Connectors\\ConnectionFactory.php(277): Illuminate\\Database\\SQLiteConnection->__construct()
#14 D:\\url_sorter\\url-shortener\\vendor\\laravel\\framework\\src\\Illuminate\\Database\\Connectors\\ConnectionFactory.php(76): Illuminate\\Database\\Connectors\\ConnectionFactory->createConnection()
#15 D:\\url_sorter\\url-shortener\\vendor\\laravel\\framework\\src\\Illuminate\\Database\\Connectors\\ConnectionFactory.php(51): Illuminate\\Database\\Connectors\\ConnectionFactory->createSingleConnection()
#16 D:\\url_sorter\\url-shortener\\vendor\\laravel\\framework\\src\\Illuminate\\Database\\DatabaseManager.php(207): Illuminate\\Database\\Connectors\\ConnectionFactory->make()
#17 D:\\url_sorter\\url-shortener\\vendor\\laravel\\framework\\src\\Illuminate\\Database\\DatabaseManager.php(103): Illuminate\\Database\\DatabaseManager->makeConnection()
#18 D:\\url_sorter\\url-shortener\\vendor\\laravel\\framework\\src\\Illuminate\\Database\\Migrations\\DatabaseMigrationRepository.php(226): Illuminate\\Database\\DatabaseManager->connection()
#19 D:\\url_sorter\\url-shortener\\vendor\\laravel\\framework\\src\\Illuminate\\Database\\Migrations\\DatabaseMigrationRepository.php(182): Illuminate\\Database\\Migrations\\DatabaseMigrationRepository->getConnection()
#20 D:\\url_sorter\\url-shortener\\vendor\\laravel\\framework\\src\\Illuminate\\Database\\Migrations\\Migrator.php(742): Illuminate\\Database\\Migrations\\DatabaseMigrationRepository->repositoryExists()
#21 D:\\url_sorter\\url-shortener\\vendor\\laravel\\framework\\src\\Illuminate\\Database\\Console\\Migrations\\MigrateCommand.php(165): Illuminate\\Database\\Migrations\\Migrator->repositoryExists()
#22 D:\\url_sorter\\url-shortener\\vendor\\laravel\\framework\\src\\Illuminate\\Support\\helpers.php(338): Illuminate\\Database\\Console\\Migrations\\MigrateCommand->{closure:Illuminate\\Database\\Console\\Migrations\\MigrateCommand::repositoryExists():165}()
#23 D:\\url_sorter\\url-shortener\\vendor\\laravel\\framework\\src\\Illuminate\\Database\\Console\\Migrations\\MigrateCommand.php(165): retry()
#24 D:\\url_sorter\\url-shortener\\vendor\\laravel\\framework\\src\\Illuminate\\Database\\Console\\Migrations\\MigrateCommand.php(141): Illuminate\\Database\\Console\\Migrations\\MigrateCommand->repositoryExists()
#25 D:\\url_sorter\\url-shortener\\vendor\\laravel\\framework\\src\\Illuminate\\Database\\Console\\Migrations\\MigrateCommand.php(111): Illuminate\\Database\\Console\\Migrations\\MigrateCommand->prepareDatabase()
#26 D:\\url_sorter\\url-shortener\\vendor\\laravel\\framework\\src\\Illuminate\\Database\\Migrations\\Migrator.php(658): Illuminate\\Database\\Console\\Migrations\\MigrateCommand->{closure:Illuminate\\Database\\Console\\Migrations\\MigrateCommand::runMigrations():110}()
#27 D:\\url_sorter\\url-shortener\\vendor\\laravel\\framework\\src\\Illuminate\\Database\\Console\\Migrations\\MigrateCommand.php(110): Illuminate\\Database\\Migrations\\Migrator->usingConnection()
#28 D:\\url_sorter\\url-shortener\\vendor\\laravel\\framework\\src\\Illuminate\\Database\\Console\\Migrations\\MigrateCommand.php(89): Illuminate\\Database\\Console\\Migrations\\MigrateCommand->runMigrations()
#29 D:\\url_sorter\\url-shortener\\vendor\\laravel\\framework\\src\\Illuminate\\Container\\BoundMethod.php(36): Illuminate\\Database\\Console\\Migrations\\MigrateCommand->handle()
#30 D:\\url_sorter\\url-shortener\\vendor\\laravel\\framework\\src\\Illuminate\\Container\\Util.php(43): Illuminate\\Container\\BoundMethod::{closure:Illuminate\\Container\\BoundMethod::call():35}()
#31 D:\\url_sorter\\url-shortener\\vendor\\laravel\\framework\\src\\Illuminate\\Container\\BoundMethod.php(95): Illuminate\\Container\\Util::unwrapIfClosure()
#32 D:\\url_sorter\\url-shortener\\vendor\\laravel\\framework\\src\\Illuminate\\Container\\BoundMethod.php(35): Illuminate\\Container\\BoundMethod::callBoundMethod()
#33 D:\\url_sorter\\url-shortener\\vendor\\laravel\\framework\\src\\Illuminate\\Container\\Container.php(696): Illuminate\\Container\\BoundMethod::call()
#34 D:\\url_sorter\\url-shortener\\vendor\\laravel\\framework\\src\\Illuminate\\Console\\Command.php(213): Illuminate\\Container\\Container->call()
#35 D:\\url_sorter\\url-shortener\\vendor\\symfony\\console\\Command\\Command.php(335): Illuminate\\Console\\Command->execute()
#36 D:\\url_sorter\\url-shortener\\vendor\\laravel\\framework\\src\\Illuminate\\Console\\Command.php(182): Symfony\\Component\\Console\\Command\\Command->run()
#37 D:\\url_sorter\\url-shortener\\vendor\\symfony\\console\\Application.php(1103): Illuminate\\Console\\Command->run()
#38 D:\\url_sorter\\url-shortener\\vendor\\symfony\\console\\Application.php(356): Symfony\\Component\\Console\\Application->doRunCommand()
#39 D:\\url_sorter\\url-shortener\\vendor\\symfony\\console\\Application.php(195): Symfony\\Component\\Console\\Application->doRun()
#40 D:\\url_sorter\\url-shortener\\vendor\\laravel\\framework\\src\\Illuminate\\Foundation\\Console\\Kernel.php(198): Symfony\\Component\\Console\\Application->run()
#41 D:\\url_sorter\\url-shortener\\vendor\\laravel\\framework\\src\\Illuminate\\Foundation\\Application.php(1235): Illuminate\\Foundation\\Console\\Kernel->handle()
#42 D:\\url_sorter\\url-shortener\\artisan(16): Illuminate\\Foundation\\Application->handleCommand()
#43 {main}
"} 
[2025-12-06 17:03:52] local.ERROR: SQLSTATE[HY000]: General error: 1 table users has no column named company_id (Connection: sqlite, SQL: insert into "users" ("email", "company_id", "role_id", "name", "password", "updated_at", "created_at") values (superadmin@example.com, 1, 1, Super Admin, $2y$12$nJifior2vD8dsIs7Efw8SeqIKJ1BKtZQTo/POYKPHui.jDUboOksC, 2025-12-06 17:03:52, 2025-12-06 17:03:52)) {"exception":"[object] (Illuminate\\Database\\QueryException(code: HY000): SQLSTATE[HY000]: General error: 1 table users has no column named company_id (Connection: sqlite, SQL: insert into \"users\" (\"email\", \"company_id\", \"role_id\", \"name\", \"password\", \"updated_at\", \"created_at\") values (superadmin@example.com, 1, 1, Super Admin, $2y$12$nJifior2vD8dsIs7Efw8SeqIKJ1BKtZQTo/POYKPHui.jDUboOksC, 2025-12-06 17:03:52, 2025-12-06 17:03:52)) at D:\\url_sorter\\url-shortener\\vendor\\laravel\\framework\\src\\Illuminate\\Database\\Connection.php:825)
[stacktrace]
#0 D:\\url_sorter\\url-shortener\\vendor\\laravel\\framework\\src\\Illuminate\\Database\\Connection.php(779): Illuminate\\Database\\Connection->runQueryCallback()
#1 D:\\url_sorter\\url-shortener\\vendor\\laravel\\framework\\src\\Illuminate\\Database\\Connection.php(560): Illuminate\\Database\\Connection->run()
#2 D:\\url_sorter\\url-shortener\\vendor\\laravel\\framework\\src\\Illuminate\\Database\\Connection.php(524): Illuminate\\Database\\Connection->statement()
#3 D:\\url_sorter\\url-shortener\\vendor\\laravel\\framework\\src\\Illuminate\\Database\\Query\\Processors\\Processor.php(32): Illuminate\\Database\\Connection->insert()
#4 D:\\url_sorter\\url-shortener\\vendor\\laravel\\framework\\src\\Illuminate\\Database\\Query\\Builder.php(3766): Illuminate\\Database\\Query\\Processors\\Processor->processInsertGetId()
#5 D:\\url_sorter\\url-shortener\\vendor\\laravel\\framework\\src\\Illuminate\\Database\\Eloquent\\Builder.php(2120): Illuminate\\Database\\Query\\Builder->insertGetId()
#6 D:\\url_sorter\\url-shortener\\vendor\\laravel\\framework\\src\\Illuminate\\Database\\Eloquent\\Model.php(1359): Illuminate\\Database\\Eloquent\\Builder->__call()
#7 D:\\url_sorter\\url-shortener\\vendor\\laravel\\framework\\src\\Illuminate\\Database\\Eloquent\\Model.php(1324): Illuminate\\Database\\Eloquent\\Model->insertAndSetId()
#8 D:\\url_sorter\\url-shortener\\vendor\\laravel\\framework\\src\\Illuminate\\Database\\Eloquent\\Model.php(1163): Illuminate\\Database\\Eloquent\\Model->performInsert()
#9 D:\\url_sorter\\url-shortener\\vendor\\laravel\\framework\\src\\Illuminate\\Database\\Eloquent\\Builder.php(1128): Illuminate\\Database\\Eloquent\\Model->save()
#10 D:\\url_sorter\\url-shortener\\vendor\\laravel\\framework\\src\\Illuminate\\Support\\helpers.php(399): Illuminate\\Database\\Eloquent\\Builder->{closure:Illuminate\\Database\\Eloquent\\Builder::create():1127}()
#11 D:\\url_sorter\\url-shortener\\vendor\\laravel\\framework\\src\\Illuminate\\Database\\Eloquent\\Builder.php(1127): tap()
#12 D:\\url_sorter\\url-shortener\\vendor\\laravel\\framework\\src\\Illuminate\\Database\\Eloquent\\Builder.php(634): Illuminate\\Database\\Eloquent\\Builder->create()
#13 D:\\url_sorter\\url-shortener\\vendor\\laravel\\framework\\src\\Illuminate\\Database\\Eloquent\\Builder.php(1864): Illuminate\\Database\\Eloquent\\Builder->{closure:Illuminate\\Database\\Eloquent\\Builder::createOrFirst():634}()
#14 D:\\url_sorter\\url-shortener\\vendor\\laravel\\framework\\src\\Illuminate\\Database\\Eloquent\\Builder.php(634): Illuminate\\Database\\Eloquent\\Builder->withSavepointIfNeeded()
#15 D:\\url_sorter\\url-shortener\\vendor\\laravel\\framework\\src\\Illuminate\\Database\\Eloquent\\Builder.php(621): Illuminate\\Database\\Eloquent\\Builder->createOrFirst()
#16 D:\\url_sorter\\url-shortener\\vendor\\laravel\\framework\\src\\Illuminate\\Support\\Traits\\ForwardsCalls.php(23): Illuminate\\Database\\Eloquent\\Builder->firstOrCreate()
#17 D:\\url_sorter\\url-shortener\\vendor\\laravel\\framework\\src\\Illuminate\\Database\\Eloquent\\Model.php(2372): Illuminate\\Database\\Eloquent\\Model->forwardCallTo()
#18 D:\\url_sorter\\url-shortener\\vendor\\laravel\\framework\\src\\Illuminate\\Database\\Eloquent\\Model.php(2384): Illuminate\\Database\\Eloquent\\Model->__call()
#19 D:\\url_sorter\\url-shortener\\database\\seeders\\UserSeeder.php(19): Illuminate\\Database\\Eloquent\\Model::__callStatic()
#20 D:\\url_sorter\\url-shortener\\vendor\\laravel\\framework\\src\\Illuminate\\Container\\BoundMethod.php(36): Database\\Seeders\\UserSeeder->run()
#21 D:\\url_sorter\\url-shortener\\vendor\\laravel\\framework\\src\\Illuminate\\Container\\Util.php(43): Illuminate\\Container\\BoundMethod::{closure:Illuminate\\Container\\BoundMethod::call():35}()
#22 D:\\url_sorter\\url-shortener\\vendor\\laravel\\framework\\src\\Illuminate\\Container\\BoundMethod.php(95): Illuminate\\Container\\Util::unwrapIfClosure()
#23 D:\\url_sorter\\url-shortener\\vendor\\laravel\\framework\\src\\Illuminate\\Container\\BoundMethod.php(35): Illuminate\\Container\\BoundMethod::callBoundMethod()
#24 D:\\url_sorter\\url-shortener\\vendor\\laravel\\framework\\src\\Illuminate\\Container\\Container.php(696): Illuminate\\Container\\BoundMethod::call()
#25 D:\\url_sorter\\url-shortener\\vendor\\laravel\\framework\\src\\Illuminate\\Database\\Seeder.php(188): Illuminate\\Container\\Container->call()
#26 D:\\url_sorter\\url-shortener\\vendor\\laravel\\framework\\src\\Illuminate\\Database\\Seeder.php(197): Illuminate\\Database\\Seeder->{closure:Illuminate\\Database\\Seeder::__invoke():187}()
#27 D:\\url_sorter\\url-shortener\\vendor\\laravel\\framework\\src\\Illuminate\\Database\\Seeder.php(61): Illuminate\\Database\\Seeder->__invoke()
#28 D:\\url_sorter\\url-shortener\\database\\seeders\\DatabaseSeeder.php(12): Illuminate\\Database\\Seeder->call()
#29 D:\\url_sorter\\url-shortener\\vendor\\laravel\\framework\\src\\Illuminate\\Container\\BoundMethod.php(36): Database\\Seeders\\DatabaseSeeder->run()
#30 D:\\url_sorter\\url-shortener\\vendor\\laravel\\framework\\src\\Illuminate\\Container\\Util.php(43): Illuminate\\Container\\BoundMethod::{closure:Illuminate\\Container\\BoundMethod::call():35}()
#31 D:\\url_sorter\\url-shortener\\vendor\\laravel\\framework\\src\\Illuminate\\Container\\BoundMethod.php(95): Illuminate\\Container\\Util::unwrapIfClosure()
#32 D:\\url_sorter\\url-shortener\\vendor\\laravel\\framework\\src\\Illuminate\\Container\\BoundMethod.php(35): Illuminate\\Container\\BoundMethod::callBoundMethod()
#33 D:\\url_sorter\\url-shortener\\vendor\\laravel\\framework\\src\\Illuminate\\Container\\Container.php(696): Illuminate\\Container\\BoundMethod::call()
#34 D:\\url_sorter\\url-shortener\\vendor\\laravel\\framework\\src\\Illuminate\\Database\\Seeder.php(188): Illuminate\\Container\\Container->call()
#35 D:\\url_sorter\\url-shortener\\vendor\\laravel\\framework\\src\\Illuminate\\Database\\Seeder.php(197): Illuminate\\Database\\Seeder->{closure:Illuminate\\Database\\Seeder::__invoke():187}()
#36 D:\\url_sorter\\url-shortener\\vendor\\laravel\\framework\\src\\Illuminate\\Database\\Console\\Seeds\\SeedCommand.php(70): Illuminate\\Database\\Seeder->__invoke()
#37 D:\\url_sorter\\url-shortener\\vendor\\laravel\\framework\\src\\Illuminate\\Database\\Eloquent\\Concerns\\GuardsAttributes.php(155): Illuminate\\Database\\Console\\Seeds\\SeedCommand->{closure:Illuminate\\Database\\Console\\Seeds\\SeedCommand::handle():69}()
#38 D:\\url_sorter\\url-shortener\\vendor\\laravel\\framework\\src\\Illuminate\\Database\\Console\\Seeds\\SeedCommand.php(69): Illuminate\\Database\\Eloquent\\Model::unguarded()
#39 D:\\url_sorter\\url-shortener\\vendor\\laravel\\framework\\src\\Illuminate\\Container\\BoundMethod.php(36): Illuminate\\Database\\Console\\Seeds\\SeedCommand->handle()
#40 D:\\url_sorter\\url-shortener\\vendor\\laravel\\framework\\src\\Illuminate\\Container\\Util.php(43): Illuminate\\Container\\BoundMethod::{closure:Illuminate\\Container\\BoundMethod::call():35}()
#41 D:\\url_sorter\\url-shortener\\vendor\\laravel\\framework\\src\\Illuminate\\Container\\BoundMethod.php(95): Illuminate\\Container\\Util::unwrapIfClosure()
#42 D:\\url_sorter\\url-shortener\\vendor\\laravel\\framework\\src\\Illuminate\\Container\\BoundMethod.php(35): Illuminate\\Container\\BoundMethod::callBoundMethod()
#43 D:\\url_sorter\\url-shortener\\vendor\\laravel\\framework\\src\\Illuminate\\Container\\Container.php(696): Illuminate\\Container\\BoundMethod::call()
#44 D:\\url_sorter\\url-shortener\\vendor\\laravel\\framework\\src\\Illuminate\\Console\\Command.php(213): Illuminate\\Container\\Container->call()
#45 D:\\url_sorter\\url-shortener\\vendor\\symfony\\console\\Command\\Command.php(335): Illuminate\\Console\\Command->execute()
#46 D:\\url_sorter\\url-shortener\\vendor\\laravel\\framework\\src\\Illuminate\\Console\\Command.php(182): Symfony\\Component\\Console\\Command\\Command->run()
#47 D:\\url_sorter\\url-shortener\\vendor\\symfony\\console\\Application.php(1103): Illuminate\\Console\\Command->run()
#48 D:\\url_sorter\\url-shortener\\vendor\\symfony\\console\\Application.php(356): Symfony\\Component\\Console\\Application->doRunCommand()
#49 D:\\url_sorter\\url-shortener\\vendor\\symfony\\console\\Application.php(195): Symfony\\Component\\Console\\Application->doRun()
#50 D:\\url_sorter\\url-shortener\\vendor\\laravel\\framework\\src\\Illuminate\\Foundation\\Console\\Kernel.php(198): Symfony\\Component\\Console\\Application->run()
#51 D:\\url_sorter\\url-shortener\\vendor\\laravel\\framework\\src\\Illuminate\\Foundation\\Application.php(1235): Illuminate\\Foundation\\Console\\Kernel->handle()
#52 D:\\url_sorter\\url-shortener\\artisan(16): Illuminate\\Foundation\\Application->handleCommand()
#53 {main}

[previous exception] [object] (PDOException(code: HY000): SQLSTATE[HY000]: General error: 1 table users has no column named company_id at D:\\url_sorter\\url-shortener\\vendor\\laravel\\framework\\src\\Illuminate\\Database\\Connection.php:565)
[stacktrace]
#0 D:\\url_sorter\\url-shortener\\vendor\\laravel\\framework\\src\\Illuminate\\Database\\Connection.php(565): PDO->prepare()
#1 D:\\url_sorter\\url-shortener\\vendor\\laravel\\framework\\src\\Illuminate\\Database\\Connection.php(812): Illuminate\\Database\\Connection->{closure:Illuminate\\Database\\Connection::statement():560}()
#2 D:\\url_sorter\\url-shortener\\vendor\\laravel\\framework\\src\\Illuminate\\Database\\Connection.php(779): Illuminate\\Database\\Connection->runQueryCallback()
#3 D:\\url_sorter\\url-shortener\\vendor\\laravel\\framework\\src\\Illuminate\\Database\\Connection.php(560): Illuminate\\Database\\Connection->run()
#4 D:\\url_sorter\\url-shortener\\vendor\\laravel\\framework\\src\\Illuminate\\Database\\Connection.php(524): Illuminate\\Database\\Connection->statement()
#5 D:\\url_sorter\\url-shortener\\vendor\\laravel\\framework\\src\\Illuminate\\Database\\Query\\Processors\\Processor.php(32): Illuminate\\Database\\Connection->insert()
#6 D:\\url_sorter\\url-shortener\\vendor\\laravel\\framework\\src\\Illuminate\\Database\\Query\\Builder.php(3766): Illuminate\\Database\\Query\\Processors\\Processor->processInsertGetId()
#7 D:\\url_sorter\\url-shortener\\vendor\\laravel\\framework\\src\\Illuminate\\Database\\Eloquent\\Builder.php(2120): Illuminate\\Database\\Query\\Builder->insertGetId()
#8 D:\\url_sorter\\url-shortener\\vendor\\laravel\\framework\\src\\Illuminate\\Database\\Eloquent\\Model.php(1359): Illuminate\\Database\\Eloquent\\Builder->__call()
#9 D:\\url_sorter\\url-shortener\\vendor\\laravel\\framework\\src\\Illuminate\\Database\\Eloquent\\Model.php(1324): Illuminate\\Database\\Eloquent\\Model->insertAndSetId()
#10 D:\\url_sorter\\url-shortener\\vendor\\laravel\\framework\\src\\Illuminate\\Database\\Eloquent\\Model.php(1163): Illuminate\\Database\\Eloquent\\Model->performInsert()
#11 D:\\url_sorter\\url-shortener\\vendor\\laravel\\framework\\src\\Illuminate\\Database\\Eloquent\\Builder.php(1128): Illuminate\\Database\\Eloquent\\Model->save()
#12 D:\\url_sorter\\url-shortener\\vendor\\laravel\\framework\\src\\Illuminate\\Support\\helpers.php(399): Illuminate\\Database\\Eloquent\\Builder->{closure:Illuminate\\Database\\Eloquent\\Builder::create():1127}()
#13 D:\\url_sorter\\url-shortener\\vendor\\laravel\\framework\\src\\Illuminate\\Database\\Eloquent\\Builder.php(1127): tap()
#14 D:\\url_sorter\\url-shortener\\vendor\\laravel\\framework\\src\\Illuminate\\Database\\Eloquent\\Builder.php(634): Illuminate\\Database\\Eloquent\\Builder->create()
#15 D:\\url_sorter\\url-shortener\\vendor\\laravel\\framework\\src\\Illuminate\\Database\\Eloquent\\Builder.php(1864): Illuminate\\Database\\Eloquent\\Builder->{closure:Illuminate\\Database\\Eloquent\\Builder::createOrFirst():634}()
#16 D:\\url_sorter\\url-shortener\\vendor\\laravel\\framework\\src\\Illuminate\\Database\\Eloquent\\Builder.php(634): Illuminate\\Database\\Eloquent\\Builder->withSavepointIfNeeded()
#17 D:\\url_sorter\\url-shortener\\vendor\\laravel\\framework\\src\\Illuminate\\Database\\Eloquent\\Builder.php(621): Illuminate\\Database\\Eloquent\\Builder->createOrFirst()
#18 D:\\url_sorter\\url-shortener\\vendor\\laravel\\framework\\src\\Illuminate\\Support\\Traits\\ForwardsCalls.php(23): Illuminate\\Database\\Eloquent\\Builder->firstOrCreate()
#19 D:\\url_sorter\\url-shortener\\vendor\\laravel\\framework\\src\\Illuminate\\Database\\Eloquent\\Model.php(2372): Illuminate\\Database\\Eloquent\\Model->forwardCallTo()
#20 D:\\url_sorter\\url-shortener\\vendor\\laravel\\framework\\src\\Illuminate\\Database\\Eloquent\\Model.php(2384): Illuminate\\Database\\Eloquent\\Model->__call()
#21 D:\\url_sorter\\url-shortener\\database\\seeders\\UserSeeder.php(19): Illuminate\\Database\\Eloquent\\Model::__callStatic()
#22 D:\\url_sorter\\url-shortener\\vendor\\laravel\\framework\\src\\Illuminate\\Container\\BoundMethod.php(36): Database\\Seeders\\UserSeeder->run()
#23 D:\\url_sorter\\url-shortener\\vendor\\laravel\\framework\\src\\Illuminate\\Container\\Util.php(43): Illuminate\\Container\\BoundMethod::{closure:Illuminate\\Container\\BoundMethod::call():35}()
#24 D:\\url_sorter\\url-shortener\\vendor\\laravel\\framework\\src\\Illuminate\\Container\\BoundMethod.php(95): Illuminate\\Container\\Util::unwrapIfClosure()
#25 D:\\url_sorter\\url-shortener\\vendor\\laravel\\framework\\src\\Illuminate\\Container\\BoundMethod.php(35): Illuminate\\Container\\BoundMethod::callBoundMethod()
#26 D:\\url_sorter\\url-shortener\\vendor\\laravel\\framework\\src\\Illuminate\\Container\\Container.php(696): Illuminate\\Container\\BoundMethod::call()
#27 D:\\url_sorter\\url-shortener\\vendor\\laravel\\framework\\src\\Illuminate\\Database\\Seeder.php(188): Illuminate\\Container\\Container->call()
#28 D:\\url_sorter\\url-shortener\\vendor\\laravel\\framework\\src\\Illuminate\\Database\\Seeder.php(197): Illuminate\\Database\\Seeder->{closure:Illuminate\\Database\\Seeder::__invoke():187}()
#29 D:\\url_sorter\\url-shortener\\vendor\\laravel\\framework\\src\\Illuminate\\Database\\Seeder.php(61): Illuminate\\Database\\Seeder->__invoke()
#30 D:\\url_sorter\\url-shortener\\database\\seeders\\DatabaseSeeder.php(12): Illuminate\\Database\\Seeder->call()
#31 D:\\url_sorter\\url-shortener\\vendor\\laravel\\framework\\src\\Illuminate\\Container\\BoundMethod.php(36): Database\\Seeders\\DatabaseSeeder->run()
#32 D:\\url_sorter\\url-shortener\\vendor\\laravel\\framework\\src\\Illuminate\\Container\\Util.php(43): Illuminate\\Container\\BoundMethod::{closure:Illuminate\\Container\\BoundMethod::call():35}()
#33 D:\\url_sorter\\url-shortener\\vendor\\laravel\\framework\\src\\Illuminate\\Container\\BoundMethod.php(95): Illuminate\\Container\\Util::unwrapIfClosure()
#34 D:\\url_sorter\\url-shortener\\vendor\\laravel\\framework\\src\\Illuminate\\Container\\BoundMethod.php(35): Illuminate\\Container\\BoundMethod::callBoundMethod()
#35 D:\\url_sorter\\url-shortener\\vendor\\laravel\\framework\\src\\Illuminate\\Container\\Container.php(696): Illuminate\\Container\\BoundMethod::call()
#36 D:\\url_sorter\\url-shortener\\vendor\\laravel\\framework\\src\\Illuminate\\Database\\Seeder.php(188): Illuminate\\Container\\Container->call()
#37 D:\\url_sorter\\url-shortener\\vendor\\laravel\\framework\\src\\Illuminate\\Database\\Seeder.php(197): Illuminate\\Database\\Seeder->{closure:Illuminate\\Database\\Seeder::__invoke():187}()
#38 D:\\url_sorter\\url-shortener\\vendor\\laravel\\framework\\src\\Illuminate\\Database\\Console\\Seeds\\SeedCommand.php(70): Illuminate\\Database\\Seeder->__invoke()
#39 D:\\url_sorter\\url-shortener\\vendor\\laravel\\framework\\src\\Illuminate\\Database\\Eloquent\\Concerns\\GuardsAttributes.php(155): Illuminate\\Database\\Console\\Seeds\\SeedCommand->{closure:Illuminate\\Database\\Console\\Seeds\\SeedCommand::handle():69}()
#40 D:\\url_sorter\\url-shortener\\vendor\\laravel\\framework\\src\\Illuminate\\Database\\Console\\Seeds\\SeedCommand.php(69): Illuminate\\Database\\Eloquent\\Model::unguarded()
#41 D:\\url_sorter\\url-shortener\\vendor\\laravel\\framework\\src\\Illuminate\\Container\\BoundMethod.php(36): Illuminate\\Database\\Console\\Seeds\\SeedCommand->handle()
#42 D:\\url_sorter\\url-shortener\\vendor\\laravel\\framework\\src\\Illuminate\\Container\\Util.php(43): Illuminate\\Container\\BoundMethod::{closure:Illuminate\\Container\\BoundMethod::call():35}()
#43 D:\\url_sorter\\url-shortener\\vendor\\laravel\\framework\\src\\Illuminate\\Container\\BoundMethod.php(95): Illuminate\\Container\\Util::unwrapIfClosure()
#44 D:\\url_sorter\\url-shortener\\vendor\\laravel\\framework\\src\\Illuminate\\Container\\BoundMethod.php(35): Illuminate\\Container\\BoundMethod::callBoundMethod()
#45 D:\\url_sorter\\url-shortener\\vendor\\laravel\\framework\\src\\Illuminate\\Container\\Container.php(696): Illuminate\\Container\\BoundMethod::call()
#46 D:\\url_sorter\\url-shortener\\vendor\\laravel\\framework\\src\\Illuminate\\Console\\Command.php(213): Illuminate\\Container\\Container->call()
#47 D:\\url_sorter\\url-shortener\\vendor\\symfony\\console\\Command\\Command.php(335): Illuminate\\Console\\Command->execute()
#48 D:\\url_sorter\\url-shortener\\vendor\\laravel\\framework\\src\\Illuminate\\Console\\Command.php(182): Symfony\\Component\\Console\\Command\\Command->run()
#49 D:\\url_sorter\\url-shortener\\vendor\\symfony\\console\\Application.php(1103): Illuminate\\Console\\Command->run()
#50 D:\\url_sorter\\url-shortener\\vendor\\symfony\\console\\Application.php(356): Symfony\\Component\\Console\\Application->doRunCommand()
#51 D:\\url_sorter\\url-shortener\\vendor\\symfony\\console\\Application.php(195): Symfony\\Component\\Console\\Application->doRun()
#52 D:\\url_sorter\\url-shortener\\vendor\\laravel\\framework\\src\\Illuminate\\Foundation\\Console\\Kernel.php(198): Symfony\\Component\\Console\\Application->run()
#53 D:\\url_sorter\\url-shortener\\vendor\\laravel\\framework\\src\\Illuminate\\Foundation\\Application.php(1235): Illuminate\\Foundation\\Console\\Kernel->handle()
#54 D:\\url_sorter\\url-shortener\\artisan(16): Illuminate\\Foundation\\Application->handleCommand()
#55 {main}
"} 
[2025-12-06 17:04:20] local.ERROR: SQLSTATE[HY000]: General error: 1 table "users" already exists (Connection: sqlite, SQL: create table "users" ("id" integer primary key autoincrement not null, "company_id" integer not null, "role_id" integer not null, "name" varchar not null, "email" varchar not null, "password" varchar not null, "remember_token" varchar, "created_at" datetime, "updated_at" datetime, foreign key("company_id") references "companies"("id"), foreign key("role_id") references "roles"("id"))) {"exception":"[object] (Illuminate\\Database\\QueryException(code: HY000): SQLSTATE[HY000]: General error: 1 table \"users\" already exists (Connection: sqlite, SQL: create table \"users\" (\"id\" integer primary key autoincrement not null, \"company_id\" integer not null, \"role_id\" integer not null, \"name\" varchar not null, \"email\" varchar not null, \"password\" varchar not null, \"remember_token\" varchar, \"created_at\" datetime, \"updated_at\" datetime, foreign key(\"company_id\") references \"companies\"(\"id\"), foreign key(\"role_id\") references \"roles\"(\"id\"))) at D:\\url_sorter\\url-shortener\\vendor\\laravel\\framework\\src\\Illuminate\\Database\\Connection.php:825)
[stacktrace]
#0 D:\\url_sorter\\url-shortener\\vendor\\laravel\\framework\\src\\Illuminate\\Database\\Connection.php(779): Illuminate\\Database\\Connection->runQueryCallback()
#1 D:\\url_sorter\\url-shortener\\vendor\\laravel\\framework\\src\\Illuminate\\Database\\Connection.php(560): Illuminate\\Database\\Connection->run()
#2 D:\\url_sorter\\url-shortener\\vendor\\laravel\\framework\\src\\Illuminate\\Database\\Schema\\Blueprint.php(118): Illuminate\\Database\\Connection->statement()
#3 D:\\url_sorter\\url-shortener\\vendor\\laravel\\framework\\src\\Illuminate\\Database\\Schema\\Builder.php(564): Illuminate\\Database\\Schema\\Blueprint->build()
#4 D:\\url_sorter\\url-shortener\\vendor\\laravel\\framework\\src\\Illuminate\\Database\\Schema\\Builder.php(418): Illuminate\\Database\\Schema\\Builder->build()
#5 D:\\url_sorter\\url-shortener\\vendor\\laravel\\framework\\src\\Illuminate\\Support\\Facades\\Facade.php(361): Illuminate\\Database\\Schema\\Builder->create()
#6 D:\\url_sorter\\url-shortener\\database\\migrations\\2024_01_01_000003_create_users_table.php(12): Illuminate\\Support\\Facades\\Facade::__callStatic()
#7 D:\\url_sorter\\url-shortener\\vendor\\laravel\\framework\\src\\Illuminate\\Database\\Migrations\\Migrator.php(507): Illuminate\\Database\\Migrations\\Migration@anonymous->up()
#8 D:\\url_sorter\\url-shortener\\vendor\\laravel\\framework\\src\\Illuminate\\Database\\Migrations\\Migrator.php(432): Illuminate\\Database\\Migrations\\Migrator->runMethod()
#9 D:\\url_sorter\\url-shortener\\vendor\\laravel\\framework\\src\\Illuminate\\Database\\Migrations\\Migrator.php(441): Illuminate\\Database\\Migrations\\Migrator->{closure:Illuminate\\Database\\Migrations\\Migrator::runMigration():428}()
#10 D:\\url_sorter\\url-shortener\\vendor\\laravel\\framework\\src\\Illuminate\\Database\\Migrations\\Migrator.php(244): Illuminate\\Database\\Migrations\\Migrator->runMigration()
#11 D:\\url_sorter\\url-shortener\\vendor\\laravel\\framework\\src\\Illuminate\\Console\\View\\Components\\Task.php(40): Illuminate\\Database\\Migrations\\Migrator->{closure:Illuminate\\Database\\Migrations\\Migrator::runUp():244}()
#12 D:\\url_sorter\\url-shortener\\vendor\\laravel\\framework\\src\\Illuminate\\Database\\Migrations\\Migrator.php(798): Illuminate\\Console\\View\\Components\\Task->render()
#13 D:\\url_sorter\\url-shortener\\vendor\\laravel\\framework\\src\\Illuminate\\Database\\Migrations\\Migrator.php(244): Illuminate\\Database\\Migrations\\Migrator->write()
#14 D:\\url_sorter\\url-shortener\\vendor\\laravel\\framework\\src\\Illuminate\\Database\\Migrations\\Migrator.php(211): Illuminate\\Database\\Migrations\\Migrator->runUp()
#15 D:\\url_sorter\\url-shortener\\vendor\\laravel\\framework\\src\\Illuminate\\Database\\Migrations\\Migrator.php(138): Illuminate\\Database\\Migrations\\Migrator->runPending()
#16 D:\\url_sorter\\url-shortener\\vendor\\laravel\\framework\\src\\Illuminate\\Database\\Console\\Migrations\\MigrateCommand.php(117): Illuminate\\Database\\Migrations\\Migrator->run()
#17 D:\\url_sorter\\url-shortener\\vendor\\laravel\\framework\\src\\Illuminate\\Database\\Migrations\\Migrator.php(658): Illuminate\\Database\\Console\\Migrations\\MigrateCommand->{closure:Illuminate\\Database\\Console\\Migrations\\MigrateCommand::runMigrations():110}()
#18 D:\\url_sorter\\url-shortener\\vendor\\laravel\\framework\\src\\Illuminate\\Database\\Console\\Migrations\\MigrateCommand.php(110): Illuminate\\Database\\Migrations\\Migrator->usingConnection()
#19 D:\\url_sorter\\url-shortener\\vendor\\laravel\\framework\\src\\Illuminate\\Database\\Console\\Migrations\\MigrateCommand.php(89): Illuminate\\Database\\Console\\Migrations\\MigrateCommand->runMigrations()
#20 D:\\url_sorter\\url-shortener\\vendor\\laravel\\framework\\src\\Illuminate\\Container\\BoundMethod.php(36): Illuminate\\Database\\Console\\Migrations\\MigrateCommand->handle()
#21 D:\\url_sorter\\url-shortener\\vendor\\laravel\\framework\\src\\Illuminate\\Container\\Util.php(43): Illuminate\\Container\\BoundMethod::{closure:Illuminate\\Container\\BoundMethod::call():35}()
#22 D:\\url_sorter\\url-shortener\\vendor\\laravel\\framework\\src\\Illuminate\\Container\\BoundMethod.php(95): Illuminate\\Container\\Util::unwrapIfClosure()
#23 D:\\url_sorter\\url-shortener\\vendor\\laravel\\framework\\src\\Illuminate\\Container\\BoundMethod.php(35): Illuminate\\Container\\BoundMethod::callBoundMethod()
#24 D:\\url_sorter\\url-shortener\\vendor\\laravel\\framework\\src\\Illuminate\\Container\\Container.php(696): Illuminate\\Container\\BoundMethod::call()
#25 D:\\url_sorter\\url-shortener\\vendor\\laravel\\framework\\src\\Illuminate\\Console\\Command.php(213): Illuminate\\Container\\Container->call()
#26 D:\\url_sorter\\url-shortener\\vendor\\symfony\\console\\Command\\Command.php(335): Illuminate\\Console\\Command->execute()
#27 D:\\url_sorter\\url-shortener\\vendor\\laravel\\framework\\src\\Illuminate\\Console\\Command.php(182): Symfony\\Component\\Console\\Command\\Command->run()
#28 D:\\url_sorter\\url-shortener\\vendor\\symfony\\console\\Application.php(1103): Illuminate\\Console\\Command->run()
#29 D:\\url_sorter\\url-shortener\\vendor\\symfony\\console\\Application.php(356): Symfony\\Component\\Console\\Application->doRunCommand()
#30 D:\\url_sorter\\url-shortener\\vendor\\symfony\\console\\Application.php(195): Symfony\\Component\\Console\\Application->doRun()
#31 D:\\url_sorter\\url-shortener\\vendor\\laravel\\framework\\src\\Illuminate\\Foundation\\Console\\Kernel.php(198): Symfony\\Component\\Console\\Application->run()
#32 D:\\url_sorter\\url-shortener\\vendor\\laravel\\framework\\src\\Illuminate\\Foundation\\Application.php(1235): Illuminate\\Foundation\\Console\\Kernel->handle()
#33 D:\\url_sorter\\url-shortener\\artisan(16): Illuminate\\Foundation\\Application->handleCommand()
#34 {main}

[previous exception] [object] (PDOException(code: HY000): SQLSTATE[HY000]: General error: 1 table \"users\" already exists at D:\\url_sorter\\url-shortener\\vendor\\laravel\\framework\\src\\Illuminate\\Database\\Connection.php:565)
[stacktrace]
#0 D:\\url_sorter\\url-shortener\\vendor\\laravel\\framework\\src\\Illuminate\\Database\\Connection.php(565): PDO->prepare()
#1 D:\\url_sorter\\url-shortener\\vendor\\laravel\\framework\\src\\Illuminate\\Database\\Connection.php(812): Illuminate\\Database\\Connection->{closure:Illuminate\\Database\\Connection::statement():560}()
#2 D:\\url_sorter\\url-shortener\\vendor\\laravel\\framework\\src\\Illuminate\\Database\\Connection.php(779): Illuminate\\Database\\Connection->runQueryCallback()
#3 D:\\url_sorter\\url-shortener\\vendor\\laravel\\framework\\src\\Illuminate\\Database\\Connection.php(560): Illuminate\\Database\\Connection->run()
#4 D:\\url_sorter\\url-shortener\\vendor\\laravel\\framework\\src\\Illuminate\\Database\\Schema\\Blueprint.php(118): Illuminate\\Database\\Connection->statement()
#5 D:\\url_sorter\\url-shortener\\vendor\\laravel\\framework\\src\\Illuminate\\Database\\Schema\\Builder.php(564): Illuminate\\Database\\Schema\\Blueprint->build()
#6 D:\\url_sorter\\url-shortener\\vendor\\laravel\\framework\\src\\Illuminate\\Database\\Schema\\Builder.php(418): Illuminate\\Database\\Schema\\Builder->build()
#7 D:\\url_sorter\\url-shortener\\vendor\\laravel\\framework\\src\\Illuminate\\Support\\Facades\\Facade.php(361): Illuminate\\Database\\Schema\\Builder->create()
#8 D:\\url_sorter\\url-shortener\\database\\migrations\\2024_01_01_000003_create_users_table.php(12): Illuminate\\Support\\Facades\\Facade::__callStatic()
#9 D:\\url_sorter\\url-shortener\\vendor\\laravel\\framework\\src\\Illuminate\\Database\\Migrations\\Migrator.php(507): Illuminate\\Database\\Migrations\\Migration@anonymous->up()
#10 D:\\url_sorter\\url-shortener\\vendor\\laravel\\framework\\src\\Illuminate\\Database\\Migrations\\Migrator.php(432): Illuminate\\Database\\Migrations\\Migrator->runMethod()
#11 D:\\url_sorter\\url-shortener\\vendor\\laravel\\framework\\src\\Illuminate\\Database\\Migrations\\Migrator.php(441): Illuminate\\Database\\Migrations\\Migrator->{closure:Illuminate\\Database\\Migrations\\Migrator::runMigration():428}()
#12 D:\\url_sorter\\url-shortener\\vendor\\laravel\\framework\\src\\Illuminate\\Database\\Migrations\\Migrator.php(244): Illuminate\\Database\\Migrations\\Migrator->runMigration()
#13 D:\\url_sorter\\url-shortener\\vendor\\laravel\\framework\\src\\Illuminate\\Console\\View\\Components\\Task.php(40): Illuminate\\Database\\Migrations\\Migrator->{closure:Illuminate\\Database\\Migrations\\Migrator::runUp():244}()
#14 D:\\url_sorter\\url-shortener\\vendor\\laravel\\framework\\src\\Illuminate\\Database\\Migrations\\Migrator.php(798): Illuminate\\Console\\View\\Components\\Task->render()
#15 D:\\url_sorter\\url-shortener\\vendor\\laravel\\framework\\src\\Illuminate\\Database\\Migrations\\Migrator.php(244): Illuminate\\Database\\Migrations\\Migrator->write()
#16 D:\\url_sorter\\url-shortener\\vendor\\laravel\\framework\\src\\Illuminate\\Database\\Migrations\\Migrator.php(211): Illuminate\\Database\\Migrations\\Migrator->runUp()
#17 D:\\url_sorter\\url-shortener\\vendor\\laravel\\framework\\src\\Illuminate\\Database\\Migrations\\Migrator.php(138): Illuminate\\Database\\Migrations\\Migrator->runPending()
#18 D:\\url_sorter\\url-shortener\\vendor\\laravel\\framework\\src\\Illuminate\\Database\\Console\\Migrations\\MigrateCommand.php(117): Illuminate\\Database\\Migrations\\Migrator->run()
#19 D:\\url_sorter\\url-shortener\\vendor\\laravel\\framework\\src\\Illuminate\\Database\\Migrations\\Migrator.php(658): Illuminate\\Database\\Console\\Migrations\\MigrateCommand->{closure:Illuminate\\Database\\Console\\Migrations\\MigrateCommand::runMigrations():110}()
#20 D:\\url_sorter\\url-shortener\\vendor\\laravel\\framework\\src\\Illuminate\\Database\\Console\\Migrations\\MigrateCommand.php(110): Illuminate\\Database\\Migrations\\Migrator->usingConnection()
#21 D:\\url_sorter\\url-shortener\\vendor\\laravel\\framework\\src\\Illuminate\\Database\\Console\\Migrations\\MigrateCommand.php(89): Illuminate\\Database\\Console\\Migrations\\MigrateCommand->runMigrations()
#22 D:\\url_sorter\\url-shortener\\vendor\\laravel\\framework\\src\\Illuminate\\Container\\BoundMethod.php(36): Illuminate\\Database\\Console\\Migrations\\MigrateCommand->handle()
#23 D:\\url_sorter\\url-shortener\\vendor\\laravel\\framework\\src\\Illuminate\\Container\\Util.php(43): Illuminate\\Container\\BoundMethod::{closure:Illuminate\\Container\\BoundMethod::call():35}()
#24 D:\\url_sorter\\url-shortener\\vendor\\laravel\\framework\\src\\Illuminate\\Container\\BoundMethod.php(95): Illuminate\\Container\\Util::unwrapIfClosure()
#25 D:\\url_sorter\\url-shortener\\vendor\\laravel\\framework\\src\\Illuminate\\Container\\BoundMethod.php(35): Illuminate\\Container\\BoundMethod::callBoundMethod()
#26 D:\\url_sorter\\url-shortener\\vendor\\laravel\\framework\\src\\Illuminate\\Container\\Container.php(696): Illuminate\\Container\\BoundMethod::call()
#27 D:\\url_sorter\\url-shortener\\vendor\\laravel\\framework\\src\\Illuminate\\Console\\Command.php(213): Illuminate\\Container\\Container->call()
#28 D:\\url_sorter\\url-shortener\\vendor\\symfony\\console\\Command\\Command.php(335): Illuminate\\Console\\Command->execute()
#29 D:\\url_sorter\\url-shortener\\vendor\\laravel\\framework\\src\\Illuminate\\Console\\Command.php(182): Symfony\\Component\\Console\\Command\\Command->run()
#30 D:\\url_sorter\\url-shortener\\vendor\\symfony\\console\\Application.php(1103): Illuminate\\Console\\Command->run()
#31 D:\\url_sorter\\url-shortener\\vendor\\symfony\\console\\Application.php(356): Symfony\\Component\\Console\\Application->doRunCommand()
#32 D:\\url_sorter\\url-shortener\\vendor\\symfony\\console\\Application.php(195): Symfony\\Component\\Console\\Application->doRun()
#33 D:\\url_sorter\\url-shortener\\vendor\\laravel\\framework\\src\\Illuminate\\Foundation\\Console\\Kernel.php(198): Symfony\\Component\\Console\\Application->run()
#34 D:\\url_sorter\\url-shortener\\vendor\\laravel\\framework\\src\\Illuminate\\Foundation\\Application.php(1235): Illuminate\\Foundation\\Console\\Kernel->handle()
#35 D:\\url_sorter\\url-shortener\\artisan(16): Illuminate\\Foundation\\Application->handleCommand()
#36 {main}
"} 
[2025-12-06 17:05:40] local.ERROR: could not find driver (Connection: sqlite, SQL: PRAGMA foreign_keys = ON;) {"exception":"[object] (Illuminate\\Database\\QueryException(code: 0): could not find driver (Connection: sqlite, SQL: PRAGMA foreign_keys = ON;) at D:\\url_sorter\\url-shortener\\vendor\\laravel\\framework\\src\\Illuminate\\Database\\Connection.php:825)
[stacktrace]
#0 D:\\url_sorter\\url-shortener\\vendor\\laravel\\framework\\src\\Illuminate\\Database\\Connection.php(779): Illuminate\\Database\\Connection->runQueryCallback()
#1 D:\\url_sorter\\url-shortener\\vendor\\laravel\\framework\\src\\Illuminate\\Database\\Connection.php(560): Illuminate\\Database\\Connection->run()
#2 D:\\url_sorter\\url-shortener\\vendor\\laravel\\framework\\src\\Illuminate\\Database\\Schema\\Builder.php(522): Illuminate\\Database\\Connection->statement()
#3 D:\\url_sorter\\url-shortener\\vendor\\laravel\\framework\\src\\Illuminate\\Database\\SQLiteConnection.php(59): Illuminate\\Database\\Schema\\Builder->enableForeignKeyConstraints()
#4 D:\\url_sorter\\url-shortener\\vendor\\laravel\\framework\\src\\Illuminate\\Database\\SQLiteConnection.php(28): Illuminate\\Database\\SQLiteConnection->configureForeignKeyConstraints()
#5 D:\\url_sorter\\url-shortener\\vendor\\laravel\\framework\\src\\Illuminate\\Database\\Connectors\\ConnectionFactory.php(277): Illuminate\\Database\\SQLiteConnection->__construct()
#6 D:\\url_sorter\\url-shortener\\vendor\\laravel\\framework\\src\\Illuminate\\Database\\Connectors\\ConnectionFactory.php(76): Illuminate\\Database\\Connectors\\ConnectionFactory->createConnection()
#7 D:\\url_sorter\\url-shortener\\vendor\\laravel\\framework\\src\\Illuminate\\Database\\Connectors\\ConnectionFactory.php(51): Illuminate\\Database\\Connectors\\ConnectionFactory->createSingleConnection()
#8 D:\\url_sorter\\url-shortener\\vendor\\laravel\\framework\\src\\Illuminate\\Database\\DatabaseManager.php(207): Illuminate\\Database\\Connectors\\ConnectionFactory->make()
#9 D:\\url_sorter\\url-shortener\\vendor\\laravel\\framework\\src\\Illuminate\\Database\\DatabaseManager.php(103): Illuminate\\Database\\DatabaseManager->makeConnection()
#10 D:\\url_sorter\\url-shortener\\vendor\\laravel\\framework\\src\\Illuminate\\Database\\Migrations\\DatabaseMigrationRepository.php(226): Illuminate\\Database\\DatabaseManager->connection()
#11 D:\\url_sorter\\url-shortener\\vendor\\laravel\\framework\\src\\Illuminate\\Database\\Migrations\\DatabaseMigrationRepository.php(182): Illuminate\\Database\\Migrations\\DatabaseMigrationRepository->getConnection()
#12 D:\\url_sorter\\url-shortener\\vendor\\laravel\\framework\\src\\Illuminate\\Database\\Migrations\\Migrator.php(742): Illuminate\\Database\\Migrations\\DatabaseMigrationRepository->repositoryExists()
#13 D:\\url_sorter\\url-shortener\\vendor\\laravel\\framework\\src\\Illuminate\\Database\\Console\\Migrations\\MigrateCommand.php(165): Illuminate\\Database\\Migrations\\Migrator->repositoryExists()
#14 D:\\url_sorter\\url-shortener\\vendor\\laravel\\framework\\src\\Illuminate\\Support\\helpers.php(338): Illuminate\\Database\\Console\\Migrations\\MigrateCommand->{closure:Illuminate\\Database\\Console\\Migrations\\MigrateCommand::repositoryExists():165}()
#15 D:\\url_sorter\\url-shortener\\vendor\\laravel\\framework\\src\\Illuminate\\Database\\Console\\Migrations\\MigrateCommand.php(165): retry()
#16 D:\\url_sorter\\url-shortener\\vendor\\laravel\\framework\\src\\Illuminate\\Database\\Console\\Migrations\\MigrateCommand.php(141): Illuminate\\Database\\Console\\Migrations\\MigrateCommand->repositoryExists()
#17 D:\\url_sorter\\url-shortener\\vendor\\laravel\\framework\\src\\Illuminate\\Database\\Console\\Migrations\\MigrateCommand.php(111): Illuminate\\Database\\Console\\Migrations\\MigrateCommand->prepareDatabase()
#18 D:\\url_sorter\\url-shortener\\vendor\\laravel\\framework\\src\\Illuminate\\Database\\Migrations\\Migrator.php(658): Illuminate\\Database\\Console\\Migrations\\MigrateCommand->{closure:Illuminate\\Database\\Console\\Migrations\\MigrateCommand::runMigrations():110}()
#19 D:\\url_sorter\\url-shortener\\vendor\\laravel\\framework\\src\\Illuminate\\Database\\Console\\Migrations\\MigrateCommand.php(110): Illuminate\\Database\\Migrations\\Migrator->usingConnection()
#20 D:\\url_sorter\\url-shortener\\vendor\\laravel\\framework\\src\\Illuminate\\Database\\Console\\Migrations\\MigrateCommand.php(89): Illuminate\\Database\\Console\\Migrations\\MigrateCommand->runMigrations()
#21 D:\\url_sorter\\url-shortener\\vendor\\laravel\\framework\\src\\Illuminate\\Container\\BoundMethod.php(36): Illuminate\\Database\\Console\\Migrations\\MigrateCommand->handle()
#22 D:\\url_sorter\\url-shortener\\vendor\\laravel\\framework\\src\\Illuminate\\Container\\Util.php(43): Illuminate\\Container\\BoundMethod::{closure:Illuminate\\Container\\BoundMethod::call():35}()
#23 D:\\url_sorter\\url-shortener\\vendor\\laravel\\framework\\src\\Illuminate\\Container\\BoundMethod.php(95): Illuminate\\Container\\Util::unwrapIfClosure()
#24 D:\\url_sorter\\url-shortener\\vendor\\laravel\\framework\\src\\Illuminate\\Container\\BoundMethod.php(35): Illuminate\\Container\\BoundMethod::callBoundMethod()
#25 D:\\url_sorter\\url-shortener\\vendor\\laravel\\framework\\src\\Illuminate\\Container\\Container.php(696): Illuminate\\Container\\BoundMethod::call()
#26 D:\\url_sorter\\url-shortener\\vendor\\laravel\\framework\\src\\Illuminate\\Console\\Command.php(213): Illuminate\\Container\\Container->call()
#27 D:\\url_sorter\\url-shortener\\vendor\\symfony\\console\\Command\\Command.php(335): Illuminate\\Console\\Command->execute()
#28 D:\\url_sorter\\url-shortener\\vendor\\laravel\\framework\\src\\Illuminate\\Console\\Command.php(182): Symfony\\Component\\Console\\Command\\Command->run()
#29 D:\\url_sorter\\url-shortener\\vendor\\symfony\\console\\Application.php(1103): Illuminate\\Console\\Command->run()
#30 D:\\url_sorter\\url-shortener\\vendor\\symfony\\console\\Application.php(356): Symfony\\Component\\Console\\Application->doRunCommand()
#31 D:\\url_sorter\\url-shortener\\vendor\\symfony\\console\\Application.php(195): Symfony\\Component\\Console\\Application->doRun()
#32 D:\\url_sorter\\url-shortener\\vendor\\laravel\\framework\\src\\Illuminate\\Foundation\\Console\\Kernel.php(198): Symfony\\Component\\Console\\Application->run()
#33 D:\\url_sorter\\url-shortener\\vendor\\laravel\\framework\\src\\Illuminate\\Foundation\\Application.php(1235): Illuminate\\Foundation\\Console\\Kernel->handle()
#34 D:\\url_sorter\\url-shortener\\artisan(16): Illuminate\\Foundation\\Application->handleCommand()
#35 {main}

[previous exception] [object] (PDOException(code: 0): could not find driver at D:\\url_sorter\\url-shortener\\vendor\\laravel\\framework\\src\\Illuminate\\Database\\Connectors\\Connector.php:67)
[stacktrace]
#0 D:\\url_sorter\\url-shortener\\vendor\\laravel\\framework\\src\\Illuminate\\Database\\Connectors\\Connector.php(67): PDO::connect()
#1 D:\\url_sorter\\url-shortener\\vendor\\laravel\\framework\\src\\Illuminate\\Database\\Connectors\\Connector.php(44): Illuminate\\Database\\Connectors\\Connector->createPdoConnection()
#2 D:\\url_sorter\\url-shortener\\vendor\\laravel\\framework\\src\\Illuminate\\Database\\Connectors\\SQLiteConnector.php(40): Illuminate\\Database\\Connectors\\Connector->createConnection()
#3 D:\\url_sorter\\url-shortener\\vendor\\laravel\\framework\\src\\Illuminate\\Database\\Connectors\\ConnectionFactory.php(224): Illuminate\\Database\\Connectors\\SQLiteConnector->connect()
#4 [internal function]: Illuminate\\Database\\Connectors\\ConnectionFactory->{closure:Illuminate\\Database\\Connectors\\ConnectionFactory::createPdoResolverWithoutHosts():224}()
#5 D:\\url_sorter\\url-shortener\\vendor\\laravel\\framework\\src\\Illuminate\\Database\\Connection.php(1231): call_user_func()
#6 D:\\url_sorter\\url-shortener\\vendor\\laravel\\framework\\src\\Illuminate\\Database\\Connection.php(565): Illuminate\\Database\\Connection->getPdo()
#7 D:\\url_sorter\\url-shortener\\vendor\\laravel\\framework\\src\\Illuminate\\Database\\Connection.php(812): Illuminate\\Database\\Connection->{closure:Illuminate\\Database\\Connection::statement():560}()
#8 D:\\url_sorter\\url-shortener\\vendor\\laravel\\framework\\src\\Illuminate\\Database\\Connection.php(779): Illuminate\\Database\\Connection->runQueryCallback()
#9 D:\\url_sorter\\url-shortener\\vendor\\laravel\\framework\\src\\Illuminate\\Database\\Connection.php(560): Illuminate\\Database\\Connection->run()
#10 D:\\url_sorter\\url-shortener\\vendor\\laravel\\framework\\src\\Illuminate\\Database\\Schema\\Builder.php(522): Illuminate\\Database\\Connection->statement()
#11 D:\\url_sorter\\url-shortener\\vendor\\laravel\\framework\\src\\Illuminate\\Database\\SQLiteConnection.php(59): Illuminate\\Database\\Schema\\Builder->enableForeignKeyConstraints()
#12 D:\\url_sorter\\url-shortener\\vendor\\laravel\\framework\\src\\Illuminate\\Database\\SQLiteConnection.php(28): Illuminate\\Database\\SQLiteConnection->configureForeignKeyConstraints()
#13 D:\\url_sorter\\url-shortener\\vendor\\laravel\\framework\\src\\Illuminate\\Database\\Connectors\\ConnectionFactory.php(277): Illuminate\\Database\\SQLiteConnection->__construct()
#14 D:\\url_sorter\\url-shortener\\vendor\\laravel\\framework\\src\\Illuminate\\Database\\Connectors\\ConnectionFactory.php(76): Illuminate\\Database\\Connectors\\ConnectionFactory->createConnection()
#15 D:\\url_sorter\\url-shortener\\vendor\\laravel\\framework\\src\\Illuminate\\Database\\Connectors\\ConnectionFactory.php(51): Illuminate\\Database\\Connectors\\ConnectionFactory->createSingleConnection()
#16 D:\\url_sorter\\url-shortener\\vendor\\laravel\\framework\\src\\Illuminate\\Database\\DatabaseManager.php(207): Illuminate\\Database\\Connectors\\ConnectionFactory->make()
#17 D:\\url_sorter\\url-shortener\\vendor\\laravel\\framework\\src\\Illuminate\\Database\\DatabaseManager.php(103): Illuminate\\Database\\DatabaseManager->makeConnection()
#18 D:\\url_sorter\\url-shortener\\vendor\\laravel\\framework\\src\\Illuminate\\Database\\Migrations\\DatabaseMigrationRepository.php(226): Illuminate\\Database\\DatabaseManager->connection()
#19 D:\\url_sorter\\url-shortener\\vendor\\laravel\\framework\\src\\Illuminate\\Database\\Migrations\\DatabaseMigrationRepository.php(182): Illuminate\\Database\\Migrations\\DatabaseMigrationRepository->getConnection()
#20 D:\\url_sorter\\url-shortener\\vendor\\laravel\\framework\\src\\Illuminate\\Database\\Migrations\\Migrator.php(742): Illuminate\\Database\\Migrations\\DatabaseMigrationRepository->repositoryExists()
#21 D:\\url_sorter\\url-shortener\\vendor\\laravel\\framework\\src\\Illuminate\\Database\\Console\\Migrations\\MigrateCommand.php(165): Illuminate\\Database\\Migrations\\Migrator->repositoryExists()
#22 D:\\url_sorter\\url-shortener\\vendor\\laravel\\framework\\src\\Illuminate\\Support\\helpers.php(338): Illuminate\\Database\\Console\\Migrations\\MigrateCommand->{closure:Illuminate\\Database\\Console\\Migrations\\MigrateCommand::repositoryExists():165}()
#23 D:\\url_sorter\\url-shortener\\vendor\\laravel\\framework\\src\\Illuminate\\Database\\Console\\Migrations\\MigrateCommand.php(165): retry()
#24 D:\\url_sorter\\url-shortener\\vendor\\laravel\\framework\\src\\Illuminate\\Database\\Console\\Migrations\\MigrateCommand.php(141): Illuminate\\Database\\Console\\Migrations\\MigrateCommand->repositoryExists()
#25 D:\\url_sorter\\url-shortener\\vendor\\laravel\\framework\\src\\Illuminate\\Database\\Console\\Migrations\\MigrateCommand.php(111): Illuminate\\Database\\Console\\Migrations\\MigrateCommand->prepareDatabase()
#26 D:\\url_sorter\\url-shortener\\vendor\\laravel\\framework\\src\\Illuminate\\Database\\Migrations\\Migrator.php(658): Illuminate\\Database\\Console\\Migrations\\MigrateCommand->{closure:Illuminate\\Database\\Console\\Migrations\\MigrateCommand::runMigrations():110}()
#27 D:\\url_sorter\\url-shortener\\vendor\\laravel\\framework\\src\\Illuminate\\Database\\Console\\Migrations\\MigrateCommand.php(110): Illuminate\\Database\\Migrations\\Migrator->usingConnection()
#28 D:\\url_sorter\\url-shortener\\vendor\\laravel\\framework\\src\\Illuminate\\Database\\Console\\Migrations\\MigrateCommand.php(89): Illuminate\\Database\\Console\\Migrations\\MigrateCommand->runMigrations()
#29 D:\\url_sorter\\url-shortener\\vendor\\laravel\\framework\\src\\Illuminate\\Container\\BoundMethod.php(36): Illuminate\\Database\\Console\\Migrations\\MigrateCommand->handle()
#30 D:\\url_sorter\\url-shortener\\vendor\\laravel\\framework\\src\\Illuminate\\Container\\Util.php(43): Illuminate\\Container\\BoundMethod::{closure:Illuminate\\Container\\BoundMethod::call():35}()
#31 D:\\url_sorter\\url-shortener\\vendor\\laravel\\framework\\src\\Illuminate\\Container\\BoundMethod.php(95): Illuminate\\Container\\Util::unwrapIfClosure()
#32 D:\\url_sorter\\url-shortener\\vendor\\laravel\\framework\\src\\Illuminate\\Container\\BoundMethod.php(35): Illuminate\\Container\\BoundMethod::callBoundMethod()
#33 D:\\url_sorter\\url-shortener\\vendor\\laravel\\framework\\src\\Illuminate\\Container\\Container.php(696): Illuminate\\Container\\BoundMethod::call()
#34 D:\\url_sorter\\url-shortener\\vendor\\laravel\\framework\\src\\Illuminate\\Console\\Command.php(213): Illuminate\\Container\\Container->call()
#35 D:\\url_sorter\\url-shortener\\vendor\\symfony\\console\\Command\\Command.php(335): Illuminate\\Console\\Command->execute()
#36 D:\\url_sorter\\url-shortener\\vendor\\laravel\\framework\\src\\Illuminate\\Console\\Command.php(182): Symfony\\Component\\Console\\Command\\Command->run()
#37 D:\\url_sorter\\url-shortener\\vendor\\symfony\\console\\Application.php(1103): Illuminate\\Console\\Command->run()
#38 D:\\url_sorter\\url-shortener\\vendor\\symfony\\console\\Application.php(356): Symfony\\Component\\Console\\Application->doRunCommand()
#39 D:\\url_sorter\\url-shortener\\vendor\\symfony\\console\\Application.php(195): Symfony\\Component\\Console\\Application->doRun()
#40 D:\\url_sorter\\url-shortener\\vendor\\laravel\\framework\\src\\Illuminate\\Foundation\\Console\\Kernel.php(198): Symfony\\Component\\Console\\Application->run()
#41 D:\\url_sorter\\url-shortener\\vendor\\laravel\\framework\\src\\Illuminate\\Foundation\\Application.php(1235): Illuminate\\Foundation\\Console\\Kernel->handle()
#42 D:\\url_sorter\\url-shortener\\artisan(16): Illuminate\\Foundation\\Application->handleCommand()
#43 {main}
"} 
[2025-12-06 17:05:40] local.ERROR: could not find driver (Connection: sqlite, SQL: PRAGMA foreign_keys = ON;) {"exception":"[object] (Illuminate\\Database\\QueryException(code: 0): could not find driver (Connection: sqlite, SQL: PRAGMA foreign_keys = ON;) at D:\\url_sorter\\url-shortener\\vendor\\laravel\\framework\\src\\Illuminate\\Database\\Connection.php:825)
[stacktrace]
#0 D:\\url_sorter\\url-shortener\\vendor\\laravel\\framework\\src\\Illuminate\\Database\\Connection.php(779): Illuminate\\Database\\Connection->runQueryCallback()
#1 D:\\url_sorter\\url-shortener\\vendor\\laravel\\framework\\src\\Illuminate\\Database\\Connection.php(560): Illuminate\\Database\\Connection->run()
#2 D:\\url_sorter\\url-shortener\\vendor\\laravel\\framework\\src\\Illuminate\\Database\\Schema\\Builder.php(522): Illuminate\\Database\\Connection->statement()
#3 D:\\url_sorter\\url-shortener\\vendor\\laravel\\framework\\src\\Illuminate\\Database\\SQLiteConnection.php(59): Illuminate\\Database\\Schema\\Builder->enableForeignKeyConstraints()
#4 D:\\url_sorter\\url-shortener\\vendor\\laravel\\framework\\src\\Illuminate\\Database\\SQLiteConnection.php(28): Illuminate\\Database\\SQLiteConnection->configureForeignKeyConstraints()
#5 D:\\url_sorter\\url-shortener\\vendor\\laravel\\framework\\src\\Illuminate\\Database\\Connectors\\ConnectionFactory.php(277): Illuminate\\Database\\SQLiteConnection->__construct()
#6 D:\\url_sorter\\url-shortener\\vendor\\laravel\\framework\\src\\Illuminate\\Database\\Connectors\\ConnectionFactory.php(76): Illuminate\\Database\\Connectors\\ConnectionFactory->createConnection()
#7 D:\\url_sorter\\url-shortener\\vendor\\laravel\\framework\\src\\Illuminate\\Database\\Connectors\\ConnectionFactory.php(51): Illuminate\\Database\\Connectors\\ConnectionFactory->createSingleConnection()
#8 D:\\url_sorter\\url-shortener\\vendor\\laravel\\framework\\src\\Illuminate\\Database\\DatabaseManager.php(207): Illuminate\\Database\\Connectors\\ConnectionFactory->make()
#9 D:\\url_sorter\\url-shortener\\vendor\\laravel\\framework\\src\\Illuminate\\Database\\DatabaseManager.php(103): Illuminate\\Database\\DatabaseManager->makeConnection()
#10 D:\\url_sorter\\url-shortener\\vendor\\laravel\\framework\\src\\Illuminate\\Database\\Eloquent\\Model.php(1851): Illuminate\\Database\\DatabaseManager->connection()
#11 D:\\url_sorter\\url-shortener\\vendor\\laravel\\framework\\src\\Illuminate\\Database\\Eloquent\\Model.php(1817): Illuminate\\Database\\Eloquent\\Model::resolveConnection()
#12 D:\\url_sorter\\url-shortener\\vendor\\laravel\\framework\\src\\Illuminate\\Database\\Eloquent\\Model.php(1615): Illuminate\\Database\\Eloquent\\Model->getConnection()
#13 D:\\url_sorter\\url-shortener\\vendor\\laravel\\framework\\src\\Illuminate\\Database\\Eloquent\\Model.php(1534): Illuminate\\Database\\Eloquent\\Model->newBaseQueryBuilder()
#14 D:\\url_sorter\\url-shortener\\vendor\\laravel\\framework\\src\\Illuminate\\Database\\Eloquent\\Model.php(1570): Illuminate\\Database\\Eloquent\\Model->newModelQuery()
#15 D:\\url_sorter\\url-shortener\\vendor\\laravel\\framework\\src\\Illuminate\\Database\\Eloquent\\Model.php(1523): Illuminate\\Database\\Eloquent\\Model->newQueryWithoutScopes()
#16 D:\\url_sorter\\url-shortener\\vendor\\laravel\\framework\\src\\Illuminate\\Database\\Eloquent\\Model.php(2372): Illuminate\\Database\\Eloquent\\Model->newQuery()
#17 D:\\url_sorter\\url-shortener\\vendor\\laravel\\framework\\src\\Illuminate\\Database\\Eloquent\\Model.php(2384): Illuminate\\Database\\Eloquent\\Model->__call()
#18 D:\\url_sorter\\url-shortener\\database\\seeders\\RoleSeeder.php(22): Illuminate\\Database\\Eloquent\\Model::__callStatic()
#19 D:\\url_sorter\\url-shortener\\vendor\\laravel\\framework\\src\\Illuminate\\Container\\BoundMethod.php(36): Database\\Seeders\\RoleSeeder->run()
#20 D:\\url_sorter\\url-shortener\\vendor\\laravel\\framework\\src\\Illuminate\\Container\\Util.php(43): Illuminate\\Container\\BoundMethod::{closure:Illuminate\\Container\\BoundMethod::call():35}()
#21 D:\\url_sorter\\url-shortener\\vendor\\laravel\\framework\\src\\Illuminate\\Container\\BoundMethod.php(95): Illuminate\\Container\\Util::unwrapIfClosure()
#22 D:\\url_sorter\\url-shortener\\vendor\\laravel\\framework\\src\\Illuminate\\Container\\BoundMethod.php(35): Illuminate\\Container\\BoundMethod::callBoundMethod()
#23 D:\\url_sorter\\url-shortener\\vendor\\laravel\\framework\\src\\Illuminate\\Container\\Container.php(696): Illuminate\\Container\\BoundMethod::call()
#24 D:\\url_sorter\\url-shortener\\vendor\\laravel\\framework\\src\\Illuminate\\Database\\Seeder.php(188): Illuminate\\Container\\Container->call()
#25 D:\\url_sorter\\url-shortener\\vendor\\laravel\\framework\\src\\Illuminate\\Database\\Seeder.php(197): Illuminate\\Database\\Seeder->{closure:Illuminate\\Database\\Seeder::__invoke():187}()
#26 D:\\url_sorter\\url-shortener\\vendor\\laravel\\framework\\src\\Illuminate\\Database\\Seeder.php(61): Illuminate\\Database\\Seeder->__invoke()
#27 D:\\url_sorter\\url-shortener\\database\\seeders\\DatabaseSeeder.php(12): Illuminate\\Database\\Seeder->call()
#28 D:\\url_sorter\\url-shortener\\vendor\\laravel\\framework\\src\\Illuminate\\Container\\BoundMethod.php(36): Database\\Seeders\\DatabaseSeeder->run()
#29 D:\\url_sorter\\url-shortener\\vendor\\laravel\\framework\\src\\Illuminate\\Container\\Util.php(43): Illuminate\\Container\\BoundMethod::{closure:Illuminate\\Container\\BoundMethod::call():35}()
#30 D:\\url_sorter\\url-shortener\\vendor\\laravel\\framework\\src\\Illuminate\\Container\\BoundMethod.php(95): Illuminate\\Container\\Util::unwrapIfClosure()
#31 D:\\url_sorter\\url-shortener\\vendor\\laravel\\framework\\src\\Illuminate\\Container\\BoundMethod.php(35): Illuminate\\Container\\BoundMethod::callBoundMethod()
#32 D:\\url_sorter\\url-shortener\\vendor\\laravel\\framework\\src\\Illuminate\\Container\\Container.php(696): Illuminate\\Container\\BoundMethod::call()
#33 D:\\url_sorter\\url-shortener\\vendor\\laravel\\framework\\src\\Illuminate\\Database\\Seeder.php(188): Illuminate\\Container\\Container->call()
#34 D:\\url_sorter\\url-shortener\\vendor\\laravel\\framework\\src\\Illuminate\\Database\\Seeder.php(197): Illuminate\\Database\\Seeder->{closure:Illuminate\\Database\\Seeder::__invoke():187}()
#35 D:\\url_sorter\\url-shortener\\vendor\\laravel\\framework\\src\\Illuminate\\Database\\Console\\Seeds\\SeedCommand.php(70): Illuminate\\Database\\Seeder->__invoke()
#36 D:\\url_sorter\\url-shortener\\vendor\\laravel\\framework\\src\\Illuminate\\Database\\Eloquent\\Concerns\\GuardsAttributes.php(155): Illuminate\\Database\\Console\\Seeds\\SeedCommand->{closure:Illuminate\\Database\\Console\\Seeds\\SeedCommand::handle():69}()
#37 D:\\url_sorter\\url-shortener\\vendor\\laravel\\framework\\src\\Illuminate\\Database\\Console\\Seeds\\SeedCommand.php(69): Illuminate\\Database\\Eloquent\\Model::unguarded()
#38 D:\\url_sorter\\url-shortener\\vendor\\laravel\\framework\\src\\Illuminate\\Container\\BoundMethod.php(36): Illuminate\\Database\\Console\\Seeds\\SeedCommand->handle()
#39 D:\\url_sorter\\url-shortener\\vendor\\laravel\\framework\\src\\Illuminate\\Container\\Util.php(43): Illuminate\\Container\\BoundMethod::{closure:Illuminate\\Container\\BoundMethod::call():35}()
#40 D:\\url_sorter\\url-shortener\\vendor\\laravel\\framework\\src\\Illuminate\\Container\\BoundMethod.php(95): Illuminate\\Container\\Util::unwrapIfClosure()
#41 D:\\url_sorter\\url-shortener\\vendor\\laravel\\framework\\src\\Illuminate\\Container\\BoundMethod.php(35): Illuminate\\Container\\BoundMethod::callBoundMethod()
#42 D:\\url_sorter\\url-shortener\\vendor\\laravel\\framework\\src\\Illuminate\\Container\\Container.php(696): Illuminate\\Container\\BoundMethod::call()
#43 D:\\url_sorter\\url-shortener\\vendor\\laravel\\framework\\src\\Illuminate\\Console\\Command.php(213): Illuminate\\Container\\Container->call()
#44 D:\\url_sorter\\url-shortener\\vendor\\symfony\\console\\Command\\Command.php(335): Illuminate\\Console\\Command->execute()
#45 D:\\url_sorter\\url-shortener\\vendor\\laravel\\framework\\src\\Illuminate\\Console\\Command.php(182): Symfony\\Component\\Console\\Command\\Command->run()
#46 D:\\url_sorter\\url-shortener\\vendor\\symfony\\console\\Application.php(1103): Illuminate\\Console\\Command->run()
#47 D:\\url_sorter\\url-shortener\\vendor\\symfony\\console\\Application.php(356): Symfony\\Component\\Console\\Application->doRunCommand()
#48 D:\\url_sorter\\url-shortener\\vendor\\symfony\\console\\Application.php(195): Symfony\\Component\\Console\\Application->doRun()
#49 D:\\url_sorter\\url-shortener\\vendor\\laravel\\framework\\src\\Illuminate\\Foundation\\Console\\Kernel.php(198): Symfony\\Component\\Console\\Application->run()
#50 D:\\url_sorter\\url-shortener\\vendor\\laravel\\framework\\src\\Illuminate\\Foundation\\Application.php(1235): Illuminate\\Foundation\\Console\\Kernel->handle()
#51 D:\\url_sorter\\url-shortener\\artisan(16): Illuminate\\Foundation\\Application->handleCommand()
#52 {main}

[previous exception] [object] (PDOException(code: 0): could not find driver at D:\\url_sorter\\url-shortener\\vendor\\laravel\\framework\\src\\Illuminate\\Database\\Connectors\\Connector.php:67)
[stacktrace]
#0 D:\\url_sorter\\url-shortener\\vendor\\laravel\\framework\\src\\Illuminate\\Database\\Connectors\\Connector.php(67): PDO::connect()
#1 D:\\url_sorter\\url-shortener\\vendor\\laravel\\framework\\src\\Illuminate\\Database\\Connectors\\Connector.php(44): Illuminate\\Database\\Connectors\\Connector->createPdoConnection()
#2 D:\\url_sorter\\url-shortener\\vendor\\laravel\\framework\\src\\Illuminate\\Database\\Connectors\\SQLiteConnector.php(40): Illuminate\\Database\\Connectors\\Connector->createConnection()
#3 D:\\url_sorter\\url-shortener\\vendor\\laravel\\framework\\src\\Illuminate\\Database\\Connectors\\ConnectionFactory.php(224): Illuminate\\Database\\Connectors\\SQLiteConnector->connect()
#4 [internal function]: Illuminate\\Database\\Connectors\\ConnectionFactory->{closure:Illuminate\\Database\\Connectors\\ConnectionFactory::createPdoResolverWithoutHosts():224}()
#5 D:\\url_sorter\\url-shortener\\vendor\\laravel\\framework\\src\\Illuminate\\Database\\Connection.php(1231): call_user_func()
#6 D:\\url_sorter\\url-shortener\\vendor\\laravel\\framework\\src\\Illuminate\\Database\\Connection.php(565): Illuminate\\Database\\Connection->getPdo()
#7 D:\\url_sorter\\url-shortener\\vendor\\laravel\\framework\\src\\Illuminate\\Database\\Connection.php(812): Illuminate\\Database\\Connection->{closure:Illuminate\\Database\\Connection::statement():560}()
#8 D:\\url_sorter\\url-shortener\\vendor\\laravel\\framework\\src\\Illuminate\\Database\\Connection.php(779): Illuminate\\Database\\Connection->runQueryCallback()
#9 D:\\url_sorter\\url-shortener\\vendor\\laravel\\framework\\src\\Illuminate\\Database\\Connection.php(560): Illuminate\\Database\\Connection->run()
#10 D:\\url_sorter\\url-shortener\\vendor\\laravel\\framework\\src\\Illuminate\\Database\\Schema\\Builder.php(522): Illuminate\\Database\\Connection->statement()
#11 D:\\url_sorter\\url-shortener\\vendor\\laravel\\framework\\src\\Illuminate\\Database\\SQLiteConnection.php(59): Illuminate\\Database\\Schema\\Builder->enableForeignKeyConstraints()
#12 D:\\url_sorter\\url-shortener\\vendor\\laravel\\framework\\src\\Illuminate\\Database\\SQLiteConnection.php(28): Illuminate\\Database\\SQLiteConnection->configureForeignKeyConstraints()
#13 D:\\url_sorter\\url-shortener\\vendor\\laravel\\framework\\src\\Illuminate\\Database\\Connectors\\ConnectionFactory.php(277): Illuminate\\Database\\SQLiteConnection->__construct()
#14 D:\\url_sorter\\url-shortener\\vendor\\laravel\\framework\\src\\Illuminate\\Database\\Connectors\\ConnectionFactory.php(76): Illuminate\\Database\\Connectors\\ConnectionFactory->createConnection()
#15 D:\\url_sorter\\url-shortener\\vendor\\laravel\\framework\\src\\Illuminate\\Database\\Connectors\\ConnectionFactory.php(51): Illuminate\\Database\\Connectors\\ConnectionFactory->createSingleConnection()
#16 D:\\url_sorter\\url-shortener\\vendor\\laravel\\framework\\src\\Illuminate\\Database\\DatabaseManager.php(207): Illuminate\\Database\\Connectors\\ConnectionFactory->make()
#17 D:\\url_sorter\\url-shortener\\vendor\\laravel\\framework\\src\\Illuminate\\Database\\DatabaseManager.php(103): Illuminate\\Database\\DatabaseManager->makeConnection()
#18 D:\\url_sorter\\url-shortener\\vendor\\laravel\\framework\\src\\Illuminate\\Database\\Eloquent\\Model.php(1851): Illuminate\\Database\\DatabaseManager->connection()
#19 D:\\url_sorter\\url-shortener\\vendor\\laravel\\framework\\src\\Illuminate\\Database\\Eloquent\\Model.php(1817): Illuminate\\Database\\Eloquent\\Model::resolveConnection()
#20 D:\\url_sorter\\url-shortener\\vendor\\laravel\\framework\\src\\Illuminate\\Database\\Eloquent\\Model.php(1615): Illuminate\\Database\\Eloquent\\Model->getConnection()
#21 D:\\url_sorter\\url-shortener\\vendor\\laravel\\framework\\src\\Illuminate\\Database\\Eloquent\\Model.php(1534): Illuminate\\Database\\Eloquent\\Model->newBaseQueryBuilder()
#22 D:\\url_sorter\\url-shortener\\vendor\\laravel\\framework\\src\\Illuminate\\Database\\Eloquent\\Model.php(1570): Illuminate\\Database\\Eloquent\\Model->newModelQuery()
#23 D:\\url_sorter\\url-shortener\\vendor\\laravel\\framework\\src\\Illuminate\\Database\\Eloquent\\Model.php(1523): Illuminate\\Database\\Eloquent\\Model->newQueryWithoutScopes()
#24 D:\\url_sorter\\url-shortener\\vendor\\laravel\\framework\\src\\Illuminate\\Database\\Eloquent\\Model.php(2372): Illuminate\\Database\\Eloquent\\Model->newQuery()
#25 D:\\url_sorter\\url-shortener\\vendor\\laravel\\framework\\src\\Illuminate\\Database\\Eloquent\\Model.php(2384): Illuminate\\Database\\Eloquent\\Model->__call()
#26 D:\\url_sorter\\url-shortener\\database\\seeders\\RoleSeeder.php(22): Illuminate\\Database\\Eloquent\\Model::__callStatic()
#27 D:\\url_sorter\\url-shortener\\vendor\\laravel\\framework\\src\\Illuminate\\Container\\BoundMethod.php(36): Database\\Seeders\\RoleSeeder->run()
#28 D:\\url_sorter\\url-shortener\\vendor\\laravel\\framework\\src\\Illuminate\\Container\\Util.php(43): Illuminate\\Container\\BoundMethod::{closure:Illuminate\\Container\\BoundMethod::call():35}()
#29 D:\\url_sorter\\url-shortener\\vendor\\laravel\\framework\\src\\Illuminate\\Container\\BoundMethod.php(95): Illuminate\\Container\\Util::unwrapIfClosure()
#30 D:\\url_sorter\\url-shortener\\vendor\\laravel\\framework\\src\\Illuminate\\Container\\BoundMethod.php(35): Illuminate\\Container\\BoundMethod::callBoundMethod()
#31 D:\\url_sorter\\url-shortener\\vendor\\laravel\\framework\\src\\Illuminate\\Container\\Container.php(696): Illuminate\\Container\\BoundMethod::call()
#32 D:\\url_sorter\\url-shortener\\vendor\\laravel\\framework\\src\\Illuminate\\Database\\Seeder.php(188): Illuminate\\Container\\Container->call()
#33 D:\\url_sorter\\url-shortener\\vendor\\laravel\\framework\\src\\Illuminate\\Database\\Seeder.php(197): Illuminate\\Database\\Seeder->{closure:Illuminate\\Database\\Seeder::__invoke():187}()
#34 D:\\url_sorter\\url-shortener\\vendor\\laravel\\framework\\src\\Illuminate\\Database\\Seeder.php(61): Illuminate\\Database\\Seeder->__invoke()
#35 D:\\url_sorter\\url-shortener\\database\\seeders\\DatabaseSeeder.php(12): Illuminate\\Database\\Seeder->call()
#36 D:\\url_sorter\\url-shortener\\vendor\\laravel\\framework\\src\\Illuminate\\Container\\BoundMethod.php(36): Database\\Seeders\\DatabaseSeeder->run()
#37 D:\\url_sorter\\url-shortener\\vendor\\laravel\\framework\\src\\Illuminate\\Container\\Util.php(43): Illuminate\\Container\\BoundMethod::{closure:Illuminate\\Container\\BoundMethod::call():35}()
#38 D:\\url_sorter\\url-shortener\\vendor\\laravel\\framework\\src\\Illuminate\\Container\\BoundMethod.php(95): Illuminate\\Container\\Util::unwrapIfClosure()
#39 D:\\url_sorter\\url-shortener\\vendor\\laravel\\framework\\src\\Illuminate\\Container\\BoundMethod.php(35): Illuminate\\Container\\BoundMethod::callBoundMethod()
#40 D:\\url_sorter\\url-shortener\\vendor\\laravel\\framework\\src\\Illuminate\\Container\\Container.php(696): Illuminate\\Container\\BoundMethod::call()
#41 D:\\url_sorter\\url-shortener\\vendor\\laravel\\framework\\src\\Illuminate\\Database\\Seeder.php(188): Illuminate\\Container\\Container->call()
#42 D:\\url_sorter\\url-shortener\\vendor\\laravel\\framework\\src\\Illuminate\\Database\\Seeder.php(197): Illuminate\\Database\\Seeder->{closure:Illuminate\\Database\\Seeder::__invoke():187}()
#43 D:\\url_sorter\\url-shortener\\vendor\\laravel\\framework\\src\\Illuminate\\Database\\Console\\Seeds\\SeedCommand.php(70): Illuminate\\Database\\Seeder->__invoke()
#44 D:\\url_sorter\\url-shortener\\vendor\\laravel\\framework\\src\\Illuminate\\Database\\Eloquent\\Concerns\\GuardsAttributes.php(155): Illuminate\\Database\\Console\\Seeds\\SeedCommand->{closure:Illuminate\\Database\\Console\\Seeds\\SeedCommand::handle():69}()
#45 D:\\url_sorter\\url-shortener\\vendor\\laravel\\framework\\src\\Illuminate\\Database\\Console\\Seeds\\SeedCommand.php(69): Illuminate\\Database\\Eloquent\\Model::unguarded()
#46 D:\\url_sorter\\url-shortener\\vendor\\laravel\\framework\\src\\Illuminate\\Container\\BoundMethod.php(36): Illuminate\\Database\\Console\\Seeds\\SeedCommand->handle()
#47 D:\\url_sorter\\url-shortener\\vendor\\laravel\\framework\\src\\Illuminate\\Container\\Util.php(43): Illuminate\\Container\\BoundMethod::{closure:Illuminate\\Container\\BoundMethod::call():35}()
#48 D:\\url_sorter\\url-shortener\\vendor\\laravel\\framework\\src\\Illuminate\\Container\\BoundMethod.php(95): Illuminate\\Container\\Util::unwrapIfClosure()
#49 D:\\url_sorter\\url-shortener\\vendor\\laravel\\framework\\src\\Illuminate\\Container\\BoundMethod.php(35): Illuminate\\Container\\BoundMethod::callBoundMethod()
#50 D:\\url_sorter\\url-shortener\\vendor\\laravel\\framework\\src\\Illuminate\\Container\\Container.php(696): Illuminate\\Container\\BoundMethod::call()
#51 D:\\url_sorter\\url-shortener\\vendor\\laravel\\framework\\src\\Illuminate\\Console\\Command.php(213): Illuminate\\Container\\Container->call()
#52 D:\\url_sorter\\url-shortener\\vendor\\symfony\\console\\Command\\Command.php(335): Illuminate\\Console\\Command->execute()
#53 D:\\url_sorter\\url-shortener\\vendor\\laravel\\framework\\src\\Illuminate\\Console\\Command.php(182): Symfony\\Component\\Console\\Command\\Command->run()
#54 D:\\url_sorter\\url-shortener\\vendor\\symfony\\console\\Application.php(1103): Illuminate\\Console\\Command->run()
#55 D:\\url_sorter\\url-shortener\\vendor\\symfony\\console\\Application.php(356): Symfony\\Component\\Console\\Application->doRunCommand()
#56 D:\\url_sorter\\url-shortener\\vendor\\symfony\\console\\Application.php(195): Symfony\\Component\\Console\\Application->doRun()
#57 D:\\url_sorter\\url-shortener\\vendor\\laravel\\framework\\src\\Illuminate\\Foundation\\Console\\Kernel.php(198): Symfony\\Component\\Console\\Application->run()
#58 D:\\url_sorter\\url-shortener\\vendor\\laravel\\framework\\src\\Illuminate\\Foundation\\Application.php(1235): Illuminate\\Foundation\\Console\\Kernel->handle()
#59 D:\\url_sorter\\url-shortener\\artisan(16): Illuminate\\Foundation\\Application->handleCommand()
#60 {main}
"} 
[2025-12-06 17:10:16] local.ERROR: could not find driver (Connection: sqlite, SQL: PRAGMA foreign_keys = ON;) {"exception":"[object] (Illuminate\\Database\\QueryException(code: 0): could not find driver (Connection: sqlite, SQL: PRAGMA foreign_keys = ON;) at D:\\url_sorter\\url-shortener\\vendor\\laravel\\framework\\src\\Illuminate\\Database\\Connection.php:825)
[stacktrace]
#0 D:\\url_sorter\\url-shortener\\vendor\\laravel\\framework\\src\\Illuminate\\Database\\Connection.php(779): Illuminate\\Database\\Connection->runQueryCallback()
#1 D:\\url_sorter\\url-shortener\\vendor\\laravel\\framework\\src\\Illuminate\\Database\\Connection.php(560): Illuminate\\Database\\Connection->run()
#2 D:\\url_sorter\\url-shortener\\vendor\\laravel\\framework\\src\\Illuminate\\Database\\Schema\\Builder.php(522): Illuminate\\Database\\Connection->statement()
#3 D:\\url_sorter\\url-shortener\\vendor\\laravel\\framework\\src\\Illuminate\\Database\\SQLiteConnection.php(59): Illuminate\\Database\\Schema\\Builder->enableForeignKeyConstraints()
#4 D:\\url_sorter\\url-shortener\\vendor\\laravel\\framework\\src\\Illuminate\\Database\\SQLiteConnection.php(28): Illuminate\\Database\\SQLiteConnection->configureForeignKeyConstraints()
#5 D:\\url_sorter\\url-shortener\\vendor\\laravel\\framework\\src\\Illuminate\\Database\\Connectors\\ConnectionFactory.php(277): Illuminate\\Database\\SQLiteConnection->__construct()
#6 D:\\url_sorter\\url-shortener\\vendor\\laravel\\framework\\src\\Illuminate\\Database\\Connectors\\ConnectionFactory.php(76): Illuminate\\Database\\Connectors\\ConnectionFactory->createConnection()
#7 D:\\url_sorter\\url-shortener\\vendor\\laravel\\framework\\src\\Illuminate\\Database\\Connectors\\ConnectionFactory.php(51): Illuminate\\Database\\Connectors\\ConnectionFactory->createSingleConnection()
#8 D:\\url_sorter\\url-shortener\\vendor\\laravel\\framework\\src\\Illuminate\\Database\\DatabaseManager.php(207): Illuminate\\Database\\Connectors\\ConnectionFactory->make()
#9 D:\\url_sorter\\url-shortener\\vendor\\laravel\\framework\\src\\Illuminate\\Database\\DatabaseManager.php(103): Illuminate\\Database\\DatabaseManager->makeConnection()
#10 D:\\url_sorter\\url-shortener\\vendor\\laravel\\framework\\src\\Illuminate\\Cache\\CacheManager.php(227): Illuminate\\Database\\DatabaseManager->connection()
#11 D:\\url_sorter\\url-shortener\\vendor\\laravel\\framework\\src\\Illuminate\\Cache\\CacheManager.php(113): Illuminate\\Cache\\CacheManager->createDatabaseDriver()
#12 D:\\url_sorter\\url-shortener\\vendor\\laravel\\framework\\src\\Illuminate\\Cache\\CacheManager.php(93): Illuminate\\Cache\\CacheManager->build()
#13 D:\\url_sorter\\url-shortener\\vendor\\laravel\\framework\\src\\Illuminate\\Cache\\CacheManager.php(61): Illuminate\\Cache\\CacheManager->resolve()
#14 D:\\url_sorter\\url-shortener\\vendor\\laravel\\framework\\src\\Illuminate\\Cache\\CacheManager.php(72): Illuminate\\Cache\\CacheManager->store()
#15 D:\\url_sorter\\url-shortener\\vendor\\laravel\\framework\\src\\Illuminate\\Cache\\CacheServiceProvider.php(23): Illuminate\\Cache\\CacheManager->driver()
#16 D:\\url_sorter\\url-shortener\\vendor\\laravel\\framework\\src\\Illuminate\\Container\\Container.php(952): Illuminate\\Cache\\CacheServiceProvider->{closure:Illuminate\\Cache\\CacheServiceProvider::register():22}()
#17 D:\\url_sorter\\url-shortener\\vendor\\laravel\\framework\\src\\Illuminate\\Container\\Container.php(832): Illuminate\\Container\\Container->build()
#18 D:\\url_sorter\\url-shortener\\vendor\\laravel\\framework\\src\\Illuminate\\Foundation\\Application.php(1078): Illuminate\\Container\\Container->resolve()
#19 D:\\url_sorter\\url-shortener\\vendor\\laravel\\framework\\src\\Illuminate\\Container\\Container.php(763): Illuminate\\Foundation\\Application->resolve()
#20 D:\\url_sorter\\url-shortener\\vendor\\laravel\\framework\\src\\Illuminate\\Foundation\\Application.php(1058): Illuminate\\Container\\Container->make()
#21 D:\\url_sorter\\url-shortener\\vendor\\laravel\\framework\\src\\Illuminate\\Container\\Container.php(1580): Illuminate\\Foundation\\Application->make()
#22 D:\\url_sorter\\url-shortener\\vendor\\laravel\\framework\\src\\Illuminate\\Foundation\\Providers\\ArtisanServiceProvider.php(697): Illuminate\\Container\\Container->offsetGet()
#23 D:\\url_sorter\\url-shortener\\vendor\\laravel\\framework\\src\\Illuminate\\Container\\Container.php(952): Illuminate\\Foundation\\Providers\\ArtisanServiceProvider->{closure:Illuminate\\Foundation\\Providers\\ArtisanServiceProvider::registerQueueRestartCommand():696}()
#24 D:\\url_sorter\\url-shortener\\vendor\\laravel\\framework\\src\\Illuminate\\Container\\Container.php(832): Illuminate\\Container\\Container->build()
#25 D:\\url_sorter\\url-shortener\\vendor\\laravel\\framework\\src\\Illuminate\\Foundation\\Application.php(1078): Illuminate\\Container\\Container->resolve()
#26 D:\\url_sorter\\url-shortener\\vendor\\laravel\\framework\\src\\Illuminate\\Container\\Container.php(777): Illuminate\\Foundation\\Application->resolve()
#27 D:\\url_sorter\\url-shortener\\vendor\\laravel\\framework\\src\\Illuminate\\Console\\ContainerCommandLoader.php(53): Illuminate\\Container\\Container->get()
#28 D:\\url_sorter\\url-shortener\\vendor\\symfony\\console\\Application.php(642): Illuminate\\Console\\ContainerCommandLoader->get()
#29 D:\\url_sorter\\url-shortener\\vendor\\symfony\\console\\Application.php(832): Symfony\\Component\\Console\\Application->has()
#30 D:\\url_sorter\\url-shortener\\vendor\\symfony\\console\\Application.php(655): Symfony\\Component\\Console\\Application->all()
#31 D:\\url_sorter\\url-shortener\\vendor\\symfony\\console\\Application.php(677): Symfony\\Component\\Console\\Application->getNamespaces()
#32 D:\\url_sorter\\url-shortener\\vendor\\symfony\\console\\Application.php(332): Symfony\\Component\\Console\\Application->findNamespace()
#33 D:\\url_sorter\\url-shortener\\vendor\\symfony\\console\\Application.php(195): Symfony\\Component\\Console\\Application->doRun()
#34 D:\\url_sorter\\url-shortener\\vendor\\laravel\\framework\\src\\Illuminate\\Foundation\\Console\\Kernel.php(198): Symfony\\Component\\Console\\Application->run()
#35 D:\\url_sorter\\url-shortener\\vendor\\laravel\\framework\\src\\Illuminate\\Foundation\\Application.php(1235): Illuminate\\Foundation\\Console\\Kernel->handle()
#36 D:\\url_sorter\\url-shortener\\artisan(16): Illuminate\\Foundation\\Application->handleCommand()
#37 {main}

[previous exception] [object] (PDOException(code: 0): could not find driver at D:\\url_sorter\\url-shortener\\vendor\\laravel\\framework\\src\\Illuminate\\Database\\Connectors\\Connector.php:67)
[stacktrace]
#0 D:\\url_sorter\\url-shortener\\vendor\\laravel\\framework\\src\\Illuminate\\Database\\Connectors\\Connector.php(67): PDO::connect()
#1 D:\\url_sorter\\url-shortener\\vendor\\laravel\\framework\\src\\Illuminate\\Database\\Connectors\\Connector.php(44): Illuminate\\Database\\Connectors\\Connector->createPdoConnection()
#2 D:\\url_sorter\\url-shortener\\vendor\\laravel\\framework\\src\\Illuminate\\Database\\Connectors\\SQLiteConnector.php(40): Illuminate\\Database\\Connectors\\Connector->createConnection()
#3 D:\\url_sorter\\url-shortener\\vendor\\laravel\\framework\\src\\Illuminate\\Database\\Connectors\\ConnectionFactory.php(224): Illuminate\\Database\\Connectors\\SQLiteConnector->connect()
#4 [internal function]: Illuminate\\Database\\Connectors\\ConnectionFactory->{closure:Illuminate\\Database\\Connectors\\ConnectionFactory::createPdoResolverWithoutHosts():224}()
#5 D:\\url_sorter\\url-shortener\\vendor\\laravel\\framework\\src\\Illuminate\\Database\\Connection.php(1231): call_user_func()
#6 D:\\url_sorter\\url-shortener\\vendor\\laravel\\framework\\src\\Illuminate\\Database\\Connection.php(565): Illuminate\\Database\\Connection->getPdo()
#7 D:\\url_sorter\\url-shortener\\vendor\\laravel\\framework\\src\\Illuminate\\Database\\Connection.php(812): Illuminate\\Database\\Connection->{closure:Illuminate\\Database\\Connection::statement():560}()
#8 D:\\url_sorter\\url-shortener\\vendor\\laravel\\framework\\src\\Illuminate\\Database\\Connection.php(779): Illuminate\\Database\\Connection->runQueryCallback()
#9 D:\\url_sorter\\url-shortener\\vendor\\laravel\\framework\\src\\Illuminate\\Database\\Connection.php(560): Illuminate\\Database\\Connection->run()
#10 D:\\url_sorter\\url-shortener\\vendor\\laravel\\framework\\src\\Illuminate\\Database\\Schema\\Builder.php(522): Illuminate\\Database\\Connection->statement()
#11 D:\\url_sorter\\url-shortener\\vendor\\laravel\\framework\\src\\Illuminate\\Database\\SQLiteConnection.php(59): Illuminate\\Database\\Schema\\Builder->enableForeignKeyConstraints()
#12 D:\\url_sorter\\url-shortener\\vendor\\laravel\\framework\\src\\Illuminate\\Database\\SQLiteConnection.php(28): Illuminate\\Database\\SQLiteConnection->configureForeignKeyConstraints()
#13 D:\\url_sorter\\url-shortener\\vendor\\laravel\\framework\\src\\Illuminate\\Database\\Connectors\\ConnectionFactory.php(277): Illuminate\\Database\\SQLiteConnection->__construct()
#14 D:\\url_sorter\\url-shortener\\vendor\\laravel\\framework\\src\\Illuminate\\Database\\Connectors\\ConnectionFactory.php(76): Illuminate\\Database\\Connectors\\ConnectionFactory->createConnection()
#15 D:\\url_sorter\\url-shortener\\vendor\\laravel\\framework\\src\\Illuminate\\Database\\Connectors\\ConnectionFactory.php(51): Illuminate\\Database\\Connectors\\ConnectionFactory->createSingleConnection()
#16 D:\\url_sorter\\url-shortener\\vendor\\laravel\\framework\\src\\Illuminate\\Database\\DatabaseManager.php(207): Illuminate\\Database\\Connectors\\ConnectionFactory->make()
#17 D:\\url_sorter\\url-shortener\\vendor\\laravel\\framework\\src\\Illuminate\\Database\\DatabaseManager.php(103): Illuminate\\Database\\DatabaseManager->makeConnection()
#18 D:\\url_sorter\\url-shortener\\vendor\\laravel\\framework\\src\\Illuminate\\Cache\\CacheManager.php(227): Illuminate\\Database\\DatabaseManager->connection()
#19 D:\\url_sorter\\url-shortener\\vendor\\laravel\\framework\\src\\Illuminate\\Cache\\CacheManager.php(113): Illuminate\\Cache\\CacheManager->createDatabaseDriver()
#20 D:\\url_sorter\\url-shortener\\vendor\\laravel\\framework\\src\\Illuminate\\Cache\\CacheManager.php(93): Illuminate\\Cache\\CacheManager->build()
#21 D:\\url_sorter\\url-shortener\\vendor\\laravel\\framework\\src\\Illuminate\\Cache\\CacheManager.php(61): Illuminate\\Cache\\CacheManager->resolve()
#22 D:\\url_sorter\\url-shortener\\vendor\\laravel\\framework\\src\\Illuminate\\Cache\\CacheManager.php(72): Illuminate\\Cache\\CacheManager->store()
#23 D:\\url_sorter\\url-shortener\\vendor\\laravel\\framework\\src\\Illuminate\\Cache\\CacheServiceProvider.php(23): Illuminate\\Cache\\CacheManager->driver()
#24 D:\\url_sorter\\url-shortener\\vendor\\laravel\\framework\\src\\Illuminate\\Container\\Container.php(952): Illuminate\\Cache\\CacheServiceProvider->{closure:Illuminate\\Cache\\CacheServiceProvider::register():22}()
#25 D:\\url_sorter\\url-shortener\\vendor\\laravel\\framework\\src\\Illuminate\\Container\\Container.php(832): Illuminate\\Container\\Container->build()
#26 D:\\url_sorter\\url-shortener\\vendor\\laravel\\framework\\src\\Illuminate\\Foundation\\Application.php(1078): Illuminate\\Container\\Container->resolve()
#27 D:\\url_sorter\\url-shortener\\vendor\\laravel\\framework\\src\\Illuminate\\Container\\Container.php(763): Illuminate\\Foundation\\Application->resolve()
#28 D:\\url_sorter\\url-shortener\\vendor\\laravel\\framework\\src\\Illuminate\\Foundation\\Application.php(1058): Illuminate\\Container\\Container->make()
#29 D:\\url_sorter\\url-shortener\\vendor\\laravel\\framework\\src\\Illuminate\\Container\\Container.php(1580): Illuminate\\Foundation\\Application->make()
#30 D:\\url_sorter\\url-shortener\\vendor\\laravel\\framework\\src\\Illuminate\\Foundation\\Providers\\ArtisanServiceProvider.php(697): Illuminate\\Container\\Container->offsetGet()
#31 D:\\url_sorter\\url-shortener\\vendor\\laravel\\framework\\src\\Illuminate\\Container\\Container.php(952): Illuminate\\Foundation\\Providers\\ArtisanServiceProvider->{closure:Illuminate\\Foundation\\Providers\\ArtisanServiceProvider::registerQueueRestartCommand():696}()
#32 D:\\url_sorter\\url-shortener\\vendor\\laravel\\framework\\src\\Illuminate\\Container\\Container.php(832): Illuminate\\Container\\Container->build()
#33 D:\\url_sorter\\url-shortener\\vendor\\laravel\\framework\\src\\Illuminate\\Foundation\\Application.php(1078): Illuminate\\Container\\Container->resolve()
#34 D:\\url_sorter\\url-shortener\\vendor\\laravel\\framework\\src\\Illuminate\\Container\\Container.php(777): Illuminate\\Foundation\\Application->resolve()
#35 D:\\url_sorter\\url-shortener\\vendor\\laravel\\framework\\src\\Illuminate\\Console\\ContainerCommandLoader.php(53): Illuminate\\Container\\Container->get()
#36 D:\\url_sorter\\url-shortener\\vendor\\symfony\\console\\Application.php(642): Illuminate\\Console\\ContainerCommandLoader->get()
#37 D:\\url_sorter\\url-shortener\\vendor\\symfony\\console\\Application.php(832): Symfony\\Component\\Console\\Application->has()
#38 D:\\url_sorter\\url-shortener\\vendor\\symfony\\console\\Application.php(655): Symfony\\Component\\Console\\Application->all()
#39 D:\\url_sorter\\url-shortener\\vendor\\symfony\\console\\Application.php(677): Symfony\\Component\\Console\\Application->getNamespaces()
#40 D:\\url_sorter\\url-shortener\\vendor\\symfony\\console\\Application.php(332): Symfony\\Component\\Console\\Application->findNamespace()
#41 D:\\url_sorter\\url-shortener\\vendor\\symfony\\console\\Application.php(195): Symfony\\Component\\Console\\Application->doRun()
#42 D:\\url_sorter\\url-shortener\\vendor\\laravel\\framework\\src\\Illuminate\\Foundation\\Console\\Kernel.php(198): Symfony\\Component\\Console\\Application->run()
#43 D:\\url_sorter\\url-shortener\\vendor\\laravel\\framework\\src\\Illuminate\\Foundation\\Application.php(1235): Illuminate\\Foundation\\Console\\Kernel->handle()
#44 D:\\url_sorter\\url-shortener\\artisan(16): Illuminate\\Foundation\\Application->handleCommand()
#45 {main}
"} 
[2025-12-06 17:10:48] local.ERROR: could not find driver (Connection: sqlite, SQL: PRAGMA foreign_keys = ON;) {"exception":"[object] (Illuminate\\Database\\QueryException(code: 0): could not find driver (Connection: sqlite, SQL: PRAGMA foreign_keys = ON;) at D:\\url_sorter\\url-shortener\\vendor\\laravel\\framework\\src\\Illuminate\\Database\\Connection.php:825)
[stacktrace]
#0 D:\\url_sorter\\url-shortener\\vendor\\laravel\\framework\\src\\Illuminate\\Database\\Connection.php(779): Illuminate\\Database\\Connection->runQueryCallback()
#1 D:\\url_sorter\\url-shortener\\vendor\\laravel\\framework\\src\\Illuminate\\Database\\Connection.php(560): Illuminate\\Database\\Connection->run()
#2 D:\\url_sorter\\url-shortener\\vendor\\laravel\\framework\\src\\Illuminate\\Database\\Schema\\Builder.php(522): Illuminate\\Database\\Connection->statement()
#3 D:\\url_sorter\\url-shortener\\vendor\\laravel\\framework\\src\\Illuminate\\Database\\SQLiteConnection.php(59): Illuminate\\Database\\Schema\\Builder->enableForeignKeyConstraints()
#4 D:\\url_sorter\\url-shortener\\vendor\\laravel\\framework\\src\\Illuminate\\Database\\SQLiteConnection.php(28): Illuminate\\Database\\SQLiteConnection->configureForeignKeyConstraints()
#5 D:\\url_sorter\\url-shortener\\vendor\\laravel\\framework\\src\\Illuminate\\Database\\Connectors\\ConnectionFactory.php(277): Illuminate\\Database\\SQLiteConnection->__construct()
#6 D:\\url_sorter\\url-shortener\\vendor\\laravel\\framework\\src\\Illuminate\\Database\\Connectors\\ConnectionFactory.php(76): Illuminate\\Database\\Connectors\\ConnectionFactory->createConnection()
#7 D:\\url_sorter\\url-shortener\\vendor\\laravel\\framework\\src\\Illuminate\\Database\\Connectors\\ConnectionFactory.php(51): Illuminate\\Database\\Connectors\\ConnectionFactory->createSingleConnection()
#8 D:\\url_sorter\\url-shortener\\vendor\\laravel\\framework\\src\\Illuminate\\Database\\DatabaseManager.php(207): Illuminate\\Database\\Connectors\\ConnectionFactory->make()
#9 D:\\url_sorter\\url-shortener\\vendor\\laravel\\framework\\src\\Illuminate\\Database\\DatabaseManager.php(103): Illuminate\\Database\\DatabaseManager->makeConnection()
#10 D:\\url_sorter\\url-shortener\\vendor\\laravel\\framework\\src\\Illuminate\\Session\\SessionManager.php(108): Illuminate\\Database\\DatabaseManager->connection()
#11 D:\\url_sorter\\url-shortener\\vendor\\laravel\\framework\\src\\Illuminate\\Session\\SessionManager.php(95): Illuminate\\Session\\SessionManager->getDatabaseConnection()
#12 D:\\url_sorter\\url-shortener\\vendor\\laravel\\framework\\src\\Illuminate\\Support\\Manager.php(106): Illuminate\\Session\\SessionManager->createDatabaseDriver()
#13 D:\\url_sorter\\url-shortener\\vendor\\laravel\\framework\\src\\Illuminate\\Support\\Manager.php(80): Illuminate\\Support\\Manager->createDriver()
#14 D:\\url_sorter\\url-shortener\\vendor\\laravel\\framework\\src\\Illuminate\\Session\\SessionServiceProvider.php(52): Illuminate\\Support\\Manager->driver()
#15 D:\\url_sorter\\url-shortener\\vendor\\laravel\\framework\\src\\Illuminate\\Container\\Container.php(952): Illuminate\\Session\\SessionServiceProvider->{closure:Illuminate\\Session\\SessionServiceProvider::registerSessionDriver():48}()
#16 D:\\url_sorter\\url-shortener\\vendor\\laravel\\framework\\src\\Illuminate\\Container\\Container.php(832): Illuminate\\Container\\Container->build()
#17 D:\\url_sorter\\url-shortener\\vendor\\laravel\\framework\\src\\Illuminate\\Foundation\\Application.php(1078): Illuminate\\Container\\Container->resolve()
#18 D:\\url_sorter\\url-shortener\\vendor\\laravel\\framework\\src\\Illuminate\\Container\\Container.php(763): Illuminate\\Foundation\\Application->resolve()
#19 D:\\url_sorter\\url-shortener\\vendor\\laravel\\framework\\src\\Illuminate\\Foundation\\Application.php(1058): Illuminate\\Container\\Container->make()
#20 D:\\url_sorter\\url-shortener\\vendor\\laravel\\framework\\src\\Illuminate\\Container\\Container.php(1580): Illuminate\\Foundation\\Application->make()
#21 D:\\url_sorter\\url-shortener\\vendor\\laravel\\framework\\src\\Illuminate\\Routing\\RoutingServiceProvider.php(121): Illuminate\\Container\\Container->offsetGet()
#22 D:\\url_sorter\\url-shortener\\vendor\\laravel\\framework\\src\\Illuminate\\Container\\Container.php(952): Illuminate\\Routing\\RoutingServiceProvider->{closure:Illuminate\\Routing\\RoutingServiceProvider::registerRedirector():114}()
#23 D:\\url_sorter\\url-shortener\\vendor\\laravel\\framework\\src\\Illuminate\\Container\\Container.php(832): Illuminate\\Container\\Container->build()
#24 D:\\url_sorter\\url-shortener\\vendor\\laravel\\framework\\src\\Illuminate\\Foundation\\Application.php(1078): Illuminate\\Container\\Container->resolve()
#25 D:\\url_sorter\\url-shortener\\vendor\\laravel\\framework\\src\\Illuminate\\Container\\Container.php(763): Illuminate\\Foundation\\Application->resolve()
#26 D:\\url_sorter\\url-shortener\\vendor\\laravel\\framework\\src\\Illuminate\\Foundation\\Application.php(1058): Illuminate\\Container\\Container->make()
#27 D:\\url_sorter\\url-shortener\\vendor\\laravel\\framework\\src\\Illuminate\\Container\\Container.php(1580): Illuminate\\Foundation\\Application->make()
#28 D:\\url_sorter\\url-shortener\\vendor\\laravel\\framework\\src\\Illuminate\\Routing\\RoutingServiceProvider.php(177): Illuminate\\Container\\Container->offsetGet()
#29 D:\\url_sorter\\url-shortener\\vendor\\laravel\\framework\\src\\Illuminate\\Container\\Container.php(952): Illuminate\\Routing\\RoutingServiceProvider->{closure:Illuminate\\Routing\\RoutingServiceProvider::registerResponseFactory():176}()
#30 D:\\url_sorter\\url-shortener\\vendor\\laravel\\framework\\src\\Illuminate\\Container\\Container.php(832): Illuminate\\Container\\Container->build()
#31 D:\\url_sorter\\url-shortener\\vendor\\laravel\\framework\\src\\Illuminate\\Foundation\\Application.php(1078): Illuminate\\Container\\Container->resolve()
#32 D:\\url_sorter\\url-shortener\\vendor\\laravel\\framework\\src\\Illuminate\\Container\\Container.php(763): Illuminate\\Foundation\\Application->resolve()
#33 D:\\url_sorter\\url-shortener\\vendor\\laravel\\framework\\src\\Illuminate\\Foundation\\Application.php(1058): Illuminate\\Container\\Container->make()
#34 D:\\url_sorter\\url-shortener\\vendor\\laravel\\framework\\src\\Illuminate\\Foundation\\helpers.php(124): Illuminate\\Foundation\\Application->make()
#35 D:\\url_sorter\\url-shortener\\vendor\\laravel\\framework\\src\\Illuminate\\Foundation\\helpers.php(832): app()
#36 D:\\url_sorter\\url-shortener\\vendor\\laravel\\framework\\src\\Illuminate\\Foundation\\Exceptions\\Handler.php(894): response()
#37 D:\\url_sorter\\url-shortener\\vendor\\laravel\\framework\\src\\Illuminate\\Foundation\\Exceptions\\Handler.php(815): Illuminate\\Foundation\\Exceptions\\Handler->renderHttpException()
#38 D:\\url_sorter\\url-shortener\\vendor\\laravel\\framework\\src\\Illuminate\\Foundation\\Exceptions\\Handler.php(706): Illuminate\\Foundation\\Exceptions\\Handler->prepareResponse()
#39 D:\\url_sorter\\url-shortener\\vendor\\laravel\\framework\\src\\Illuminate\\Foundation\\Exceptions\\Handler.php(594): Illuminate\\Foundation\\Exceptions\\Handler->renderExceptionResponse()
#40 D:\\url_sorter\\url-shortener\\vendor\\laravel\\framework\\src\\Illuminate\\Routing\\Pipeline.php(51): Illuminate\\Foundation\\Exceptions\\Handler->render()
#41 D:\\url_sorter\\url-shortener\\vendor\\laravel\\framework\\src\\Illuminate\\Pipeline\\Pipeline.php(172): Illuminate\\Routing\\Pipeline->handleException()
#42 D:\\url_sorter\\url-shortener\\vendor\\laravel\\framework\\src\\Illuminate\\Foundation\\Http\\Middleware\\TransformsRequest.php(21): Illuminate\\Pipeline\\Pipeline->{closure:Illuminate\\Pipeline\\Pipeline::prepareDestination():168}()
#43 D:\\url_sorter\\url-shortener\\vendor\\laravel\\framework\\src\\Illuminate\\Foundation\\Http\\Middleware\\ConvertEmptyStringsToNull.php(31): Illuminate\\Foundation\\Http\\Middleware\\TransformsRequest->handle()
#44 D:\\url_sorter\\url-shortener\\vendor\\laravel\\framework\\src\\Illuminate\\Pipeline\\Pipeline.php(209): Illuminate\\Foundation\\Http\\Middleware\\ConvertEmptyStringsToNull->handle()
#45 D:\\url_sorter\\url-shortener\\vendor\\laravel\\framework\\src\\Illuminate\\Foundation\\Http\\Middleware\\TransformsRequest.php(21): Illuminate\\Pipeline\\Pipeline->{closure:{closure:Illuminate\\Pipeline\\Pipeline::carry():184}:185}()
#46 D:\\url_sorter\\url-shortener\\vendor\\laravel\\framework\\src\\Illuminate\\Foundation\\Http\\Middleware\\TrimStrings.php(51): Illuminate\\Foundation\\Http\\Middleware\\TransformsRequest->handle()
#47 D:\\url_sorter\\url-shortener\\vendor\\laravel\\framework\\src\\Illuminate\\Pipeline\\Pipeline.php(209): Illuminate\\Foundation\\Http\\Middleware\\TrimStrings->handle()
#48 D:\\url_sorter\\url-shortener\\vendor\\laravel\\framework\\src\\Illuminate\\Http\\Middleware\\ValidatePostSize.php(27): Illuminate\\Pipeline\\Pipeline->{closure:{closure:Illuminate\\Pipeline\\Pipeline::carry():184}:185}()
#49 D:\\url_sorter\\url-shortener\\vendor\\laravel\\framework\\src\\Illuminate\\Pipeline\\Pipeline.php(209): Illuminate\\Http\\Middleware\\ValidatePostSize->handle()
#50 D:\\url_sorter\\url-shortener\\vendor\\laravel\\framework\\src\\Illuminate\\Foundation\\Http\\Middleware\\PreventRequestsDuringMaintenance.php(110): Illuminate\\Pipeline\\Pipeline->{closure:{closure:Illuminate\\Pipeline\\Pipeline::carry():184}:185}()
#51 D:\\url_sorter\\url-shortener\\vendor\\laravel\\framework\\src\\Illuminate\\Pipeline\\Pipeline.php(209): Illuminate\\Foundation\\Http\\Middleware\\PreventRequestsDuringMaintenance->handle()
#52 D:\\url_sorter\\url-shortener\\vendor\\laravel\\framework\\src\\Illuminate\\Http\\Middleware\\HandleCors.php(49): Illuminate\\Pipeline\\Pipeline->{closure:{closure:Illuminate\\Pipeline\\Pipeline::carry():184}:185}()
#53 D:\\url_sorter\\url-shortener\\vendor\\laravel\\framework\\src\\Illuminate\\Pipeline\\Pipeline.php(209): Illuminate\\Http\\Middleware\\HandleCors->handle()
#54 D:\\url_sorter\\url-shortener\\vendor\\laravel\\framework\\src\\Illuminate\\Http\\Middleware\\TrustProxies.php(58): Illuminate\\Pipeline\\Pipeline->{closure:{closure:Illuminate\\Pipeline\\Pipeline::carry():184}:185}()
#55 D:\\url_sorter\\url-shortener\\vendor\\laravel\\framework\\src\\Illuminate\\Pipeline\\Pipeline.php(209): Illuminate\\Http\\Middleware\\TrustProxies->handle()
#56 D:\\url_sorter\\url-shortener\\vendor\\laravel\\framework\\src\\Illuminate\\Foundation\\Http\\Middleware\\InvokeDeferredCallbacks.php(22): Illuminate\\Pipeline\\Pipeline->{closure:{closure:Illuminate\\Pipeline\\Pipeline::carry():184}:185}()
#57 D:\\url_sorter\\url-shortener\\vendor\\laravel\\framework\\src\\Illuminate\\Pipeline\\Pipeline.php(209): Illuminate\\Foundation\\Http\\Middleware\\InvokeDeferredCallbacks->handle()
#58 D:\\url_sorter\\url-shortener\\vendor\\laravel\\framework\\src\\Illuminate\\Pipeline\\Pipeline.php(127): Illuminate\\Pipeline\\Pipeline->{closure:{closure:Illuminate\\Pipeline\\Pipeline::carry():184}:185}()
#59 D:\\url_sorter\\url-shortener\\vendor\\laravel\\framework\\src\\Illuminate\\Foundation\\Http\\Kernel.php(176): Illuminate\\Pipeline\\Pipeline->then()
#60 D:\\url_sorter\\url-shortener\\vendor\\laravel\\framework\\src\\Illuminate\\Foundation\\Http\\Kernel.php(145): Illuminate\\Foundation\\Http\\Kernel->sendRequestThroughRouter()
#61 D:\\url_sorter\\url-shortener\\vendor\\laravel\\framework\\src\\Illuminate\\Foundation\\Application.php(1220): Illuminate\\Foundation\\Http\\Kernel->handle()
#62 D:\\url_sorter\\url-shortener\\public\\index.php(20): Illuminate\\Foundation\\Application->handleRequest()
#63 D:\\url_sorter\\url-shortener\\vendor\\laravel\\framework\\src\\Illuminate\\Foundation\\resources\\server.php(23): require_once('...')
#64 {main}

[previous exception] [object] (PDOException(code: 0): could not find driver at D:\\url_sorter\\url-shortener\\vendor\\laravel\\framework\\src\\Illuminate\\Database\\Connectors\\Connector.php:67)
[stacktrace]
#0 D:\\url_sorter\\url-shortener\\vendor\\laravel\\framework\\src\\Illuminate\\Database\\Connectors\\Connector.php(67): PDO::connect()
#1 D:\\url_sorter\\url-shortener\\vendor\\laravel\\framework\\src\\Illuminate\\Database\\Connectors\\Connector.php(44): Illuminate\\Database\\Connectors\\Connector->createPdoConnection()
#2 D:\\url_sorter\\url-shortener\\vendor\\laravel\\framework\\src\\Illuminate\\Database\\Connectors\\SQLiteConnector.php(40): Illuminate\\Database\\Connectors\\Connector->createConnection()
#3 D:\\url_sorter\\url-shortener\\vendor\\laravel\\framework\\src\\Illuminate\\Database\\Connectors\\ConnectionFactory.php(224): Illuminate\\Database\\Connectors\\SQLiteConnector->connect()
#4 [internal function]: Illuminate\\Database\\Connectors\\ConnectionFactory->{closure:Illuminate\\Database\\Connectors\\ConnectionFactory::createPdoResolverWithoutHosts():224}()
#5 D:\\url_sorter\\url-shortener\\vendor\\laravel\\framework\\src\\Illuminate\\Database\\Connection.php(1231): call_user_func()
#6 D:\\url_sorter\\url-shortener\\vendor\\laravel\\framework\\src\\Illuminate\\Database\\Connection.php(565): Illuminate\\Database\\Connection->getPdo()
#7 D:\\url_sorter\\url-shortener\\vendor\\laravel\\framework\\src\\Illuminate\\Database\\Connection.php(812): Illuminate\\Database\\Connection->{closure:Illuminate\\Database\\Connection::statement():560}()
#8 D:\\url_sorter\\url-shortener\\vendor\\laravel\\framework\\src\\Illuminate\\Database\\Connection.php(779): Illuminate\\Database\\Connection->runQueryCallback()
#9 D:\\url_sorter\\url-shortener\\vendor\\laravel\\framework\\src\\Illuminate\\Database\\Connection.php(560): Illuminate\\Database\\Connection->run()
#10 D:\\url_sorter\\url-shortener\\vendor\\laravel\\framework\\src\\Illuminate\\Database\\Schema\\Builder.php(522): Illuminate\\Database\\Connection->statement()
#11 D:\\url_sorter\\url-shortener\\vendor\\laravel\\framework\\src\\Illuminate\\Database\\SQLiteConnection.php(59): Illuminate\\Database\\Schema\\Builder->enableForeignKeyConstraints()
#12 D:\\url_sorter\\url-shortener\\vendor\\laravel\\framework\\src\\Illuminate\\Database\\SQLiteConnection.php(28): Illuminate\\Database\\SQLiteConnection->configureForeignKeyConstraints()
#13 D:\\url_sorter\\url-shortener\\vendor\\laravel\\framework\\src\\Illuminate\\Database\\Connectors\\ConnectionFactory.php(277): Illuminate\\Database\\SQLiteConnection->__construct()
#14 D:\\url_sorter\\url-shortener\\vendor\\laravel\\framework\\src\\Illuminate\\Database\\Connectors\\ConnectionFactory.php(76): Illuminate\\Database\\Connectors\\ConnectionFactory->createConnection()
#15 D:\\url_sorter\\url-shortener\\vendor\\laravel\\framework\\src\\Illuminate\\Database\\Connectors\\ConnectionFactory.php(51): Illuminate\\Database\\Connectors\\ConnectionFactory->createSingleConnection()
#16 D:\\url_sorter\\url-shortener\\vendor\\laravel\\framework\\src\\Illuminate\\Database\\DatabaseManager.php(207): Illuminate\\Database\\Connectors\\ConnectionFactory->make()
#17 D:\\url_sorter\\url-shortener\\vendor\\laravel\\framework\\src\\Illuminate\\Database\\DatabaseManager.php(103): Illuminate\\Database\\DatabaseManager->makeConnection()
#18 D:\\url_sorter\\url-shortener\\vendor\\laravel\\framework\\src\\Illuminate\\Session\\SessionManager.php(108): Illuminate\\Database\\DatabaseManager->connection()
#19 D:\\url_sorter\\url-shortener\\vendor\\laravel\\framework\\src\\Illuminate\\Session\\SessionManager.php(95): Illuminate\\Session\\SessionManager->getDatabaseConnection()
#20 D:\\url_sorter\\url-shortener\\vendor\\laravel\\framework\\src\\Illuminate\\Support\\Manager.php(106): Illuminate\\Session\\SessionManager->createDatabaseDriver()
#21 D:\\url_sorter\\url-shortener\\vendor\\laravel\\framework\\src\\Illuminate\\Support\\Manager.php(80): Illuminate\\Support\\Manager->createDriver()
#22 D:\\url_sorter\\url-shortener\\vendor\\laravel\\framework\\src\\Illuminate\\Session\\SessionServiceProvider.php(52): Illuminate\\Support\\Manager->driver()
#23 D:\\url_sorter\\url-shortener\\vendor\\laravel\\framework\\src\\Illuminate\\Container\\Container.php(952): Illuminate\\Session\\SessionServiceProvider->{closure:Illuminate\\Session\\SessionServiceProvider::registerSessionDriver():48}()
#24 D:\\url_sorter\\url-shortener\\vendor\\laravel\\framework\\src\\Illuminate\\Container\\Container.php(832): Illuminate\\Container\\Container->build()
#25 D:\\url_sorter\\url-shortener\\vendor\\laravel\\framework\\src\\Illuminate\\Foundation\\Application.php(1078): Illuminate\\Container\\Container->resolve()
#26 D:\\url_sorter\\url-shortener\\vendor\\laravel\\framework\\src\\Illuminate\\Container\\Container.php(763): Illuminate\\Foundation\\Application->resolve()
#27 D:\\url_sorter\\url-shortener\\vendor\\laravel\\framework\\src\\Illuminate\\Foundation\\Application.php(1058): Illuminate\\Container\\Container->make()
#28 D:\\url_sorter\\url-shortener\\vendor\\laravel\\framework\\src\\Illuminate\\Container\\Container.php(1580): Illuminate\\Foundation\\Application->make()
#29 D:\\url_sorter\\url-shortener\\vendor\\laravel\\framework\\src\\Illuminate\\Routing\\RoutingServiceProvider.php(121): Illuminate\\Container\\Container->offsetGet()
#30 D:\\url_sorter\\url-shortener\\vendor\\laravel\\framework\\src\\Illuminate\\Container\\Container.php(952): Illuminate\\Routing\\RoutingServiceProvider->{closure:Illuminate\\Routing\\RoutingServiceProvider::registerRedirector():114}()
#31 D:\\url_sorter\\url-shortener\\vendor\\laravel\\framework\\src\\Illuminate\\Container\\Container.php(832): Illuminate\\Container\\Container->build()
#32 D:\\url_sorter\\url-shortener\\vendor\\laravel\\framework\\src\\Illuminate\\Foundation\\Application.php(1078): Illuminate\\Container\\Container->resolve()
#33 D:\\url_sorter\\url-shortener\\vendor\\laravel\\framework\\src\\Illuminate\\Container\\Container.php(763): Illuminate\\Foundation\\Application->resolve()
#34 D:\\url_sorter\\url-shortener\\vendor\\laravel\\framework\\src\\Illuminate\\Foundation\\Application.php(1058): Illuminate\\Container\\Container->make()
#35 D:\\url_sorter\\url-shortener\\vendor\\laravel\\framework\\src\\Illuminate\\Container\\Container.php(1580): Illuminate\\Foundation\\Application->make()
#36 D:\\url_sorter\\url-shortener\\vendor\\laravel\\framework\\src\\Illuminate\\Routing\\RoutingServiceProvider.php(177): Illuminate\\Container\\Container->offsetGet()
#37 D:\\url_sorter\\url-shortener\\vendor\\laravel\\framework\\src\\Illuminate\\Container\\Container.php(952): Illuminate\\Routing\\RoutingServiceProvider->{closure:Illuminate\\Routing\\RoutingServiceProvider::registerResponseFactory():176}()
#38 D:\\url_sorter\\url-shortener\\vendor\\laravel\\framework\\src\\Illuminate\\Container\\Container.php(832): Illuminate\\Container\\Container->build()
#39 D:\\url_sorter\\url-shortener\\vendor\\laravel\\framework\\src\\Illuminate\\Foundation\\Application.php(1078): Illuminate\\Container\\Container->resolve()
#40 D:\\url_sorter\\url-shortener\\vendor\\laravel\\framework\\src\\Illuminate\\Container\\Container.php(763): Illuminate\\Foundation\\Application->resolve()
#41 D:\\url_sorter\\url-shortener\\vendor\\laravel\\framework\\src\\Illuminate\\Foundation\\Application.php(1058): Illuminate\\Container\\Container->make()
#42 D:\\url_sorter\\url-shortener\\vendor\\laravel\\framework\\src\\Illuminate\\Foundation\\helpers.php(124): Illuminate\\Foundation\\Application->make()
#43 D:\\url_sorter\\url-shortener\\vendor\\laravel\\framework\\src\\Illuminate\\Foundation\\helpers.php(832): app()
#44 D:\\url_sorter\\url-shortener\\vendor\\laravel\\framework\\src\\Illuminate\\Foundation\\Exceptions\\Handler.php(894): response()
#45 D:\\url_sorter\\url-shortener\\vendor\\laravel\\framework\\src\\Illuminate\\Foundation\\Exceptions\\Handler.php(815): Illuminate\\Foundation\\Exceptions\\Handler->renderHttpException()
#46 D:\\url_sorter\\url-shortener\\vendor\\laravel\\framework\\src\\Illuminate\\Foundation\\Exceptions\\Handler.php(706): Illuminate\\Foundation\\Exceptions\\Handler->prepareResponse()
#47 D:\\url_sorter\\url-shortener\\vendor\\laravel\\framework\\src\\Illuminate\\Foundation\\Exceptions\\Handler.php(594): Illuminate\\Foundation\\Exceptions\\Handler->renderExceptionResponse()
#48 D:\\url_sorter\\url-shortener\\vendor\\laravel\\framework\\src\\Illuminate\\Routing\\Pipeline.php(51): Illuminate\\Foundation\\Exceptions\\Handler->render()
#49 D:\\url_sorter\\url-shortener\\vendor\\laravel\\framework\\src\\Illuminate\\Pipeline\\Pipeline.php(172): Illuminate\\Routing\\Pipeline->handleException()
#50 D:\\url_sorter\\url-shortener\\vendor\\laravel\\framework\\src\\Illuminate\\Foundation\\Http\\Middleware\\TransformsRequest.php(21): Illuminate\\Pipeline\\Pipeline->{closure:Illuminate\\Pipeline\\Pipeline::prepareDestination():168}()
#51 D:\\url_sorter\\url-shortener\\vendor\\laravel\\framework\\src\\Illuminate\\Foundation\\Http\\Middleware\\ConvertEmptyStringsToNull.php(31): Illuminate\\Foundation\\Http\\Middleware\\TransformsRequest->handle()
#52 D:\\url_sorter\\url-shortener\\vendor\\laravel\\framework\\src\\Illuminate\\Pipeline\\Pipeline.php(209): Illuminate\\Foundation\\Http\\Middleware\\ConvertEmptyStringsToNull->handle()
#53 D:\\url_sorter\\url-shortener\\vendor\\laravel\\framework\\src\\Illuminate\\Foundation\\Http\\Middleware\\TransformsRequest.php(21): Illuminate\\Pipeline\\Pipeline->{closure:{closure:Illuminate\\Pipeline\\Pipeline::carry():184}:185}()
#54 D:\\url_sorter\\url-shortener\\vendor\\laravel\\framework\\src\\Illuminate\\Foundation\\Http\\Middleware\\TrimStrings.php(51): Illuminate\\Foundation\\Http\\Middleware\\TransformsRequest->handle()
#55 D:\\url_sorter\\url-shortener\\vendor\\laravel\\framework\\src\\Illuminate\\Pipeline\\Pipeline.php(209): Illuminate\\Foundation\\Http\\Middleware\\TrimStrings->handle()
#56 D:\\url_sorter\\url-shortener\\vendor\\laravel\\framework\\src\\Illuminate\\Http\\Middleware\\ValidatePostSize.php(27): Illuminate\\Pipeline\\Pipeline->{closure:{closure:Illuminate\\Pipeline\\Pipeline::carry():184}:185}()
#57 D:\\url_sorter\\url-shortener\\vendor\\laravel\\framework\\src\\Illuminate\\Pipeline\\Pipeline.php(209): Illuminate\\Http\\Middleware\\ValidatePostSize->handle()
#58 D:\\url_sorter\\url-shortener\\vendor\\laravel\\framework\\src\\Illuminate\\Foundation\\Http\\Middleware\\PreventRequestsDuringMaintenance.php(110): Illuminate\\Pipeline\\Pipeline->{closure:{closure:Illuminate\\Pipeline\\Pipeline::carry():184}:185}()
#59 D:\\url_sorter\\url-shortener\\vendor\\laravel\\framework\\src\\Illuminate\\Pipeline\\Pipeline.php(209): Illuminate\\Foundation\\Http\\Middleware\\PreventRequestsDuringMaintenance->handle()
#60 D:\\url_sorter\\url-shortener\\vendor\\laravel\\framework\\src\\Illuminate\\Http\\Middleware\\HandleCors.php(49): Illuminate\\Pipeline\\Pipeline->{closure:{closure:Illuminate\\Pipeline\\Pipeline::carry():184}:185}()
#61 D:\\url_sorter\\url-shortener\\vendor\\laravel\\framework\\src\\Illuminate\\Pipeline\\Pipeline.php(209): Illuminate\\Http\\Middleware\\HandleCors->handle()
#62 D:\\url_sorter\\url-shortener\\vendor\\laravel\\framework\\src\\Illuminate\\Http\\Middleware\\TrustProxies.php(58): Illuminate\\Pipeline\\Pipeline->{closure:{closure:Illuminate\\Pipeline\\Pipeline::carry():184}:185}()
#63 D:\\url_sorter\\url-shortener\\vendor\\laravel\\framework\\src\\Illuminate\\Pipeline\\Pipeline.php(209): Illuminate\\Http\\Middleware\\TrustProxies->handle()
#64 D:\\url_sorter\\url-shortener\\vendor\\laravel\\framework\\src\\Illuminate\\Foundation\\Http\\Middleware\\InvokeDeferredCallbacks.php(22): Illuminate\\Pipeline\\Pipeline->{closure:{closure:Illuminate\\Pipeline\\Pipeline::carry():184}:185}()
#65 D:\\url_sorter\\url-shortener\\vendor\\laravel\\framework\\src\\Illuminate\\Pipeline\\Pipeline.php(209): Illuminate\\Foundation\\Http\\Middleware\\InvokeDeferredCallbacks->handle()
#66 D:\\url_sorter\\url-shortener\\vendor\\laravel\\framework\\src\\Illuminate\\Pipeline\\Pipeline.php(127): Illuminate\\Pipeline\\Pipeline->{closure:{closure:Illuminate\\Pipeline\\Pipeline::carry():184}:185}()
#67 D:\\url_sorter\\url-shortener\\vendor\\laravel\\framework\\src\\Illuminate\\Foundation\\Http\\Kernel.php(176): Illuminate\\Pipeline\\Pipeline->then()
#68 D:\\url_sorter\\url-shortener\\vendor\\laravel\\framework\\src\\Illuminate\\Foundation\\Http\\Kernel.php(145): Illuminate\\Foundation\\Http\\Kernel->sendRequestThroughRouter()
#69 D:\\url_sorter\\url-shortener\\vendor\\laravel\\framework\\src\\Illuminate\\Foundation\\Application.php(1220): Illuminate\\Foundation\\Http\\Kernel->handle()
#70 D:\\url_sorter\\url-shortener\\public\\index.php(20): Illuminate\\Foundation\\Application->handleRequest()
#71 D:\\url_sorter\\url-shortener\\vendor\\laravel\\framework\\src\\Illuminate\\Foundation\\resources\\server.php(23): require_once('...')
#72 {main}
"} 
[2025-12-06 17:10:51] local.ERROR: could not find driver (Connection: sqlite, SQL: PRAGMA foreign_keys = ON;) {"exception":"[object] (Illuminate\\Database\\QueryException(code: 0): could not find driver (Connection: sqlite, SQL: PRAGMA foreign_keys = ON;) at D:\\url_sorter\\url-shortener\\vendor\\laravel\\framework\\src\\Illuminate\\Database\\Connection.php:825)
[stacktrace]
#0 D:\\url_sorter\\url-shortener\\vendor\\laravel\\framework\\src\\Illuminate\\Database\\Connection.php(779): Illuminate\\Database\\Connection->runQueryCallback()
#1 D:\\url_sorter\\url-shortener\\vendor\\laravel\\framework\\src\\Illuminate\\Database\\Connection.php(560): Illuminate\\Database\\Connection->run()
#2 D:\\url_sorter\\url-shortener\\vendor\\laravel\\framework\\src\\Illuminate\\Database\\Schema\\Builder.php(522): Illuminate\\Database\\Connection->statement()
#3 D:\\url_sorter\\url-shortener\\vendor\\laravel\\framework\\src\\Illuminate\\Database\\SQLiteConnection.php(59): Illuminate\\Database\\Schema\\Builder->enableForeignKeyConstraints()
#4 D:\\url_sorter\\url-shortener\\vendor\\laravel\\framework\\src\\Illuminate\\Database\\SQLiteConnection.php(28): Illuminate\\Database\\SQLiteConnection->configureForeignKeyConstraints()
#5 D:\\url_sorter\\url-shortener\\vendor\\laravel\\framework\\src\\Illuminate\\Database\\Connectors\\ConnectionFactory.php(277): Illuminate\\Database\\SQLiteConnection->__construct()
#6 D:\\url_sorter\\url-shortener\\vendor\\laravel\\framework\\src\\Illuminate\\Database\\Connectors\\ConnectionFactory.php(76): Illuminate\\Database\\Connectors\\ConnectionFactory->createConnection()
#7 D:\\url_sorter\\url-shortener\\vendor\\laravel\\framework\\src\\Illuminate\\Database\\Connectors\\ConnectionFactory.php(51): Illuminate\\Database\\Connectors\\ConnectionFactory->createSingleConnection()
#8 D:\\url_sorter\\url-shortener\\vendor\\laravel\\framework\\src\\Illuminate\\Database\\DatabaseManager.php(207): Illuminate\\Database\\Connectors\\ConnectionFactory->make()
#9 D:\\url_sorter\\url-shortener\\vendor\\laravel\\framework\\src\\Illuminate\\Database\\DatabaseManager.php(103): Illuminate\\Database\\DatabaseManager->makeConnection()
#10 D:\\url_sorter\\url-shortener\\vendor\\laravel\\framework\\src\\Illuminate\\Session\\SessionManager.php(108): Illuminate\\Database\\DatabaseManager->connection()
#11 D:\\url_sorter\\url-shortener\\vendor\\laravel\\framework\\src\\Illuminate\\Session\\SessionManager.php(95): Illuminate\\Session\\SessionManager->getDatabaseConnection()
#12 D:\\url_sorter\\url-shortener\\vendor\\laravel\\framework\\src\\Illuminate\\Support\\Manager.php(106): Illuminate\\Session\\SessionManager->createDatabaseDriver()
#13 D:\\url_sorter\\url-shortener\\vendor\\laravel\\framework\\src\\Illuminate\\Support\\Manager.php(80): Illuminate\\Support\\Manager->createDriver()
#14 D:\\url_sorter\\url-shortener\\vendor\\laravel\\framework\\src\\Illuminate\\Session\\SessionServiceProvider.php(52): Illuminate\\Support\\Manager->driver()
#15 D:\\url_sorter\\url-shortener\\vendor\\laravel\\framework\\src\\Illuminate\\Container\\Container.php(952): Illuminate\\Session\\SessionServiceProvider->{closure:Illuminate\\Session\\SessionServiceProvider::registerSessionDriver():48}()
#16 D:\\url_sorter\\url-shortener\\vendor\\laravel\\framework\\src\\Illuminate\\Container\\Container.php(832): Illuminate\\Container\\Container->build()
#17 D:\\url_sorter\\url-shortener\\vendor\\laravel\\framework\\src\\Illuminate\\Foundation\\Application.php(1078): Illuminate\\Container\\Container->resolve()
#18 D:\\url_sorter\\url-shortener\\vendor\\laravel\\framework\\src\\Illuminate\\Container\\Container.php(763): Illuminate\\Foundation\\Application->resolve()
#19 D:\\url_sorter\\url-shortener\\vendor\\laravel\\framework\\src\\Illuminate\\Foundation\\Application.php(1058): Illuminate\\Container\\Container->make()
#20 D:\\url_sorter\\url-shortener\\vendor\\laravel\\framework\\src\\Illuminate\\Container\\Container.php(1580): Illuminate\\Foundation\\Application->make()
#21 D:\\url_sorter\\url-shortener\\vendor\\laravel\\framework\\src\\Illuminate\\Routing\\RoutingServiceProvider.php(121): Illuminate\\Container\\Container->offsetGet()
#22 D:\\url_sorter\\url-shortener\\vendor\\laravel\\framework\\src\\Illuminate\\Container\\Container.php(952): Illuminate\\Routing\\RoutingServiceProvider->{closure:Illuminate\\Routing\\RoutingServiceProvider::registerRedirector():114}()
#23 D:\\url_sorter\\url-shortener\\vendor\\laravel\\framework\\src\\Illuminate\\Container\\Container.php(832): Illuminate\\Container\\Container->build()
#24 D:\\url_sorter\\url-shortener\\vendor\\laravel\\framework\\src\\Illuminate\\Foundation\\Application.php(1078): Illuminate\\Container\\Container->resolve()
#25 D:\\url_sorter\\url-shortener\\vendor\\laravel\\framework\\src\\Illuminate\\Container\\Container.php(763): Illuminate\\Foundation\\Application->resolve()
#26 D:\\url_sorter\\url-shortener\\vendor\\laravel\\framework\\src\\Illuminate\\Foundation\\Application.php(1058): Illuminate\\Container\\Container->make()
#27 D:\\url_sorter\\url-shortener\\vendor\\laravel\\framework\\src\\Illuminate\\Container\\Container.php(1580): Illuminate\\Foundation\\Application->make()
#28 D:\\url_sorter\\url-shortener\\vendor\\laravel\\framework\\src\\Illuminate\\Routing\\RoutingServiceProvider.php(177): Illuminate\\Container\\Container->offsetGet()
#29 D:\\url_sorter\\url-shortener\\vendor\\laravel\\framework\\src\\Illuminate\\Container\\Container.php(952): Illuminate\\Routing\\RoutingServiceProvider->{closure:Illuminate\\Routing\\RoutingServiceProvider::registerResponseFactory():176}()
#30 D:\\url_sorter\\url-shortener\\vendor\\laravel\\framework\\src\\Illuminate\\Container\\Container.php(832): Illuminate\\Container\\Container->build()
#31 D:\\url_sorter\\url-shortener\\vendor\\laravel\\framework\\src\\Illuminate\\Foundation\\Application.php(1078): Illuminate\\Container\\Container->resolve()
#32 D:\\url_sorter\\url-shortener\\vendor\\laravel\\framework\\src\\Illuminate\\Container\\Container.php(763): Illuminate\\Foundation\\Application->resolve()
#33 D:\\url_sorter\\url-shortener\\vendor\\laravel\\framework\\src\\Illuminate\\Foundation\\Application.php(1058): Illuminate\\Container\\Container->make()
#34 D:\\url_sorter\\url-shortener\\vendor\\laravel\\framework\\src\\Illuminate\\Foundation\\helpers.php(124): Illuminate\\Foundation\\Application->make()
#35 D:\\url_sorter\\url-shortener\\vendor\\laravel\\framework\\src\\Illuminate\\Foundation\\helpers.php(832): app()
#36 D:\\url_sorter\\url-shortener\\vendor\\laravel\\framework\\src\\Illuminate\\Foundation\\Exceptions\\Handler.php(894): response()
#37 D:\\url_sorter\\url-shortener\\vendor\\laravel\\framework\\src\\Illuminate\\Foundation\\Exceptions\\Handler.php(815): Illuminate\\Foundation\\Exceptions\\Handler->renderHttpException()
#38 D:\\url_sorter\\url-shortener\\vendor\\laravel\\framework\\src\\Illuminate\\Foundation\\Exceptions\\Handler.php(706): Illuminate\\Foundation\\Exceptions\\Handler->prepareResponse()
#39 D:\\url_sorter\\url-shortener\\vendor\\laravel\\framework\\src\\Illuminate\\Foundation\\Exceptions\\Handler.php(594): Illuminate\\Foundation\\Exceptions\\Handler->renderExceptionResponse()
#40 D:\\url_sorter\\url-shortener\\vendor\\laravel\\framework\\src\\Illuminate\\Routing\\Pipeline.php(51): Illuminate\\Foundation\\Exceptions\\Handler->render()
#41 D:\\url_sorter\\url-shortener\\vendor\\laravel\\framework\\src\\Illuminate\\Pipeline\\Pipeline.php(172): Illuminate\\Routing\\Pipeline->handleException()
#42 D:\\url_sorter\\url-shortener\\vendor\\laravel\\framework\\src\\Illuminate\\Foundation\\Http\\Middleware\\TransformsRequest.php(21): Illuminate\\Pipeline\\Pipeline->{closure:Illuminate\\Pipeline\\Pipeline::prepareDestination():168}()
#43 D:\\url_sorter\\url-shortener\\vendor\\laravel\\framework\\src\\Illuminate\\Foundation\\Http\\Middleware\\ConvertEmptyStringsToNull.php(31): Illuminate\\Foundation\\Http\\Middleware\\TransformsRequest->handle()
#44 D:\\url_sorter\\url-shortener\\vendor\\laravel\\framework\\src\\Illuminate\\Pipeline\\Pipeline.php(209): Illuminate\\Foundation\\Http\\Middleware\\ConvertEmptyStringsToNull->handle()
#45 D:\\url_sorter\\url-shortener\\vendor\\laravel\\framework\\src\\Illuminate\\Foundation\\Http\\Middleware\\TransformsRequest.php(21): Illuminate\\Pipeline\\Pipeline->{closure:{closure:Illuminate\\Pipeline\\Pipeline::carry():184}:185}()
#46 D:\\url_sorter\\url-shortener\\vendor\\laravel\\framework\\src\\Illuminate\\Foundation\\Http\\Middleware\\TrimStrings.php(51): Illuminate\\Foundation\\Http\\Middleware\\TransformsRequest->handle()
#47 D:\\url_sorter\\url-shortener\\vendor\\laravel\\framework\\src\\Illuminate\\Pipeline\\Pipeline.php(209): Illuminate\\Foundation\\Http\\Middleware\\TrimStrings->handle()
#48 D:\\url_sorter\\url-shortener\\vendor\\laravel\\framework\\src\\Illuminate\\Http\\Middleware\\ValidatePostSize.php(27): Illuminate\\Pipeline\\Pipeline->{closure:{closure:Illuminate\\Pipeline\\Pipeline::carry():184}:185}()
#49 D:\\url_sorter\\url-shortener\\vendor\\laravel\\framework\\src\\Illuminate\\Pipeline\\Pipeline.php(209): Illuminate\\Http\\Middleware\\ValidatePostSize->handle()
#50 D:\\url_sorter\\url-shortener\\vendor\\laravel\\framework\\src\\Illuminate\\Foundation\\Http\\Middleware\\PreventRequestsDuringMaintenance.php(110): Illuminate\\Pipeline\\Pipeline->{closure:{closure:Illuminate\\Pipeline\\Pipeline::carry():184}:185}()
#51 D:\\url_sorter\\url-shortener\\vendor\\laravel\\framework\\src\\Illuminate\\Pipeline\\Pipeline.php(209): Illuminate\\Foundation\\Http\\Middleware\\PreventRequestsDuringMaintenance->handle()
#52 D:\\url_sorter\\url-shortener\\vendor\\laravel\\framework\\src\\Illuminate\\Http\\Middleware\\HandleCors.php(49): Illuminate\\Pipeline\\Pipeline->{closure:{closure:Illuminate\\Pipeline\\Pipeline::carry():184}:185}()
#53 D:\\url_sorter\\url-shortener\\vendor\\laravel\\framework\\src\\Illuminate\\Pipeline\\Pipeline.php(209): Illuminate\\Http\\Middleware\\HandleCors->handle()
#54 D:\\url_sorter\\url-shortener\\vendor\\laravel\\framework\\src\\Illuminate\\Http\\Middleware\\TrustProxies.php(58): Illuminate\\Pipeline\\Pipeline->{closure:{closure:Illuminate\\Pipeline\\Pipeline::carry():184}:185}()
#55 D:\\url_sorter\\url-shortener\\vendor\\laravel\\framework\\src\\Illuminate\\Pipeline\\Pipeline.php(209): Illuminate\\Http\\Middleware\\TrustProxies->handle()
#56 D:\\url_sorter\\url-shortener\\vendor\\laravel\\framework\\src\\Illuminate\\Foundation\\Http\\Middleware\\InvokeDeferredCallbacks.php(22): Illuminate\\Pipeline\\Pipeline->{closure:{closure:Illuminate\\Pipeline\\Pipeline::carry():184}:185}()
#57 D:\\url_sorter\\url-shortener\\vendor\\laravel\\framework\\src\\Illuminate\\Pipeline\\Pipeline.php(209): Illuminate\\Foundation\\Http\\Middleware\\InvokeDeferredCallbacks->handle()
#58 D:\\url_sorter\\url-shortener\\vendor\\laravel\\framework\\src\\Illuminate\\Pipeline\\Pipeline.php(127): Illuminate\\Pipeline\\Pipeline->{closure:{closure:Illuminate\\Pipeline\\Pipeline::carry():184}:185}()
#59 D:\\url_sorter\\url-shortener\\vendor\\laravel\\framework\\src\\Illuminate\\Foundation\\Http\\Kernel.php(176): Illuminate\\Pipeline\\Pipeline->then()
#60 D:\\url_sorter\\url-shortener\\vendor\\laravel\\framework\\src\\Illuminate\\Foundation\\Http\\Kernel.php(145): Illuminate\\Foundation\\Http\\Kernel->sendRequestThroughRouter()
#61 D:\\url_sorter\\url-shortener\\vendor\\laravel\\framework\\src\\Illuminate\\Foundation\\Application.php(1220): Illuminate\\Foundation\\Http\\Kernel->handle()
#62 D:\\url_sorter\\url-shortener\\public\\index.php(20): Illuminate\\Foundation\\Application->handleRequest()
#63 D:\\url_sorter\\url-shortener\\vendor\\laravel\\framework\\src\\Illuminate\\Foundation\\resources\\server.php(23): require_once('...')
#64 {main}

[previous exception] [object] (PDOException(code: 0): could not find driver at D:\\url_sorter\\url-shortener\\vendor\\laravel\\framework\\src\\Illuminate\\Database\\Connectors\\Connector.php:67)
[stacktrace]
#0 D:\\url_sorter\\url-shortener\\vendor\\laravel\\framework\\src\\Illuminate\\Database\\Connectors\\Connector.php(67): PDO::connect()
#1 D:\\url_sorter\\url-shortener\\vendor\\laravel\\framework\\src\\Illuminate\\Database\\Connectors\\Connector.php(44): Illuminate\\Database\\Connectors\\Connector->createPdoConnection()
#2 D:\\url_sorter\\url-shortener\\vendor\\laravel\\framework\\src\\Illuminate\\Database\\Connectors\\SQLiteConnector.php(40): Illuminate\\Database\\Connectors\\Connector->createConnection()
#3 D:\\url_sorter\\url-shortener\\vendor\\laravel\\framework\\src\\Illuminate\\Database\\Connectors\\ConnectionFactory.php(224): Illuminate\\Database\\Connectors\\SQLiteConnector->connect()
#4 [internal function]: Illuminate\\Database\\Connectors\\ConnectionFactory->{closure:Illuminate\\Database\\Connectors\\ConnectionFactory::createPdoResolverWithoutHosts():224}()
#5 D:\\url_sorter\\url-shortener\\vendor\\laravel\\framework\\src\\Illuminate\\Database\\Connection.php(1231): call_user_func()
#6 D:\\url_sorter\\url-shortener\\vendor\\laravel\\framework\\src\\Illuminate\\Database\\Connection.php(565): Illuminate\\Database\\Connection->getPdo()
#7 D:\\url_sorter\\url-shortener\\vendor\\laravel\\framework\\src\\Illuminate\\Database\\Connection.php(812): Illuminate\\Database\\Connection->{closure:Illuminate\\Database\\Connection::statement():560}()
#8 D:\\url_sorter\\url-shortener\\vendor\\laravel\\framework\\src\\Illuminate\\Database\\Connection.php(779): Illuminate\\Database\\Connection->runQueryCallback()
#9 D:\\url_sorter\\url-shortener\\vendor\\laravel\\framework\\src\\Illuminate\\Database\\Connection.php(560): Illuminate\\Database\\Connection->run()
#10 D:\\url_sorter\\url-shortener\\vendor\\laravel\\framework\\src\\Illuminate\\Database\\Schema\\Builder.php(522): Illuminate\\Database\\Connection->statement()
#11 D:\\url_sorter\\url-shortener\\vendor\\laravel\\framework\\src\\Illuminate\\Database\\SQLiteConnection.php(59): Illuminate\\Database\\Schema\\Builder->enableForeignKeyConstraints()
#12 D:\\url_sorter\\url-shortener\\vendor\\laravel\\framework\\src\\Illuminate\\Database\\SQLiteConnection.php(28): Illuminate\\Database\\SQLiteConnection->configureForeignKeyConstraints()
#13 D:\\url_sorter\\url-shortener\\vendor\\laravel\\framework\\src\\Illuminate\\Database\\Connectors\\ConnectionFactory.php(277): Illuminate\\Database\\SQLiteConnection->__construct()
#14 D:\\url_sorter\\url-shortener\\vendor\\laravel\\framework\\src\\Illuminate\\Database\\Connectors\\ConnectionFactory.php(76): Illuminate\\Database\\Connectors\\ConnectionFactory->createConnection()
#15 D:\\url_sorter\\url-shortener\\vendor\\laravel\\framework\\src\\Illuminate\\Database\\Connectors\\ConnectionFactory.php(51): Illuminate\\Database\\Connectors\\ConnectionFactory->createSingleConnection()
#16 D:\\url_sorter\\url-shortener\\vendor\\laravel\\framework\\src\\Illuminate\\Database\\DatabaseManager.php(207): Illuminate\\Database\\Connectors\\ConnectionFactory->make()
#17 D:\\url_sorter\\url-shortener\\vendor\\laravel\\framework\\src\\Illuminate\\Database\\DatabaseManager.php(103): Illuminate\\Database\\DatabaseManager->makeConnection()
#18 D:\\url_sorter\\url-shortener\\vendor\\laravel\\framework\\src\\Illuminate\\Session\\SessionManager.php(108): Illuminate\\Database\\DatabaseManager->connection()
#19 D:\\url_sorter\\url-shortener\\vendor\\laravel\\framework\\src\\Illuminate\\Session\\SessionManager.php(95): Illuminate\\Session\\SessionManager->getDatabaseConnection()
#20 D:\\url_sorter\\url-shortener\\vendor\\laravel\\framework\\src\\Illuminate\\Support\\Manager.php(106): Illuminate\\Session\\SessionManager->createDatabaseDriver()
#21 D:\\url_sorter\\url-shortener\\vendor\\laravel\\framework\\src\\Illuminate\\Support\\Manager.php(80): Illuminate\\Support\\Manager->createDriver()
#22 D:\\url_sorter\\url-shortener\\vendor\\laravel\\framework\\src\\Illuminate\\Session\\SessionServiceProvider.php(52): Illuminate\\Support\\Manager->driver()
#23 D:\\url_sorter\\url-shortener\\vendor\\laravel\\framework\\src\\Illuminate\\Container\\Container.php(952): Illuminate\\Session\\SessionServiceProvider->{closure:Illuminate\\Session\\SessionServiceProvider::registerSessionDriver():48}()
#24 D:\\url_sorter\\url-shortener\\vendor\\laravel\\framework\\src\\Illuminate\\Container\\Container.php(832): Illuminate\\Container\\Container->build()
#25 D:\\url_sorter\\url-shortener\\vendor\\laravel\\framework\\src\\Illuminate\\Foundation\\Application.php(1078): Illuminate\\Container\\Container->resolve()
#26 D:\\url_sorter\\url-shortener\\vendor\\laravel\\framework\\src\\Illuminate\\Container\\Container.php(763): Illuminate\\Foundation\\Application->resolve()
#27 D:\\url_sorter\\url-shortener\\vendor\\laravel\\framework\\src\\Illuminate\\Foundation\\Application.php(1058): Illuminate\\Container\\Container->make()
#28 D:\\url_sorter\\url-shortener\\vendor\\laravel\\framework\\src\\Illuminate\\Container\\Container.php(1580): Illuminate\\Foundation\\Application->make()
#29 D:\\url_sorter\\url-shortener\\vendor\\laravel\\framework\\src\\Illuminate\\Routing\\RoutingServiceProvider.php(121): Illuminate\\Container\\Container->offsetGet()
#30 D:\\url_sorter\\url-shortener\\vendor\\laravel\\framework\\src\\Illuminate\\Container\\Container.php(952): Illuminate\\Routing\\RoutingServiceProvider->{closure:Illuminate\\Routing\\RoutingServiceProvider::registerRedirector():114}()
#31 D:\\url_sorter\\url-shortener\\vendor\\laravel\\framework\\src\\Illuminate\\Container\\Container.php(832): Illuminate\\Container\\Container->build()
#32 D:\\url_sorter\\url-shortener\\vendor\\laravel\\framework\\src\\Illuminate\\Foundation\\Application.php(1078): Illuminate\\Container\\Container->resolve()
#33 D:\\url_sorter\\url-shortener\\vendor\\laravel\\framework\\src\\Illuminate\\Container\\Container.php(763): Illuminate\\Foundation\\Application->resolve()
#34 D:\\url_sorter\\url-shortener\\vendor\\laravel\\framework\\src\\Illuminate\\Foundation\\Application.php(1058): Illuminate\\Container\\Container->make()
#35 D:\\url_sorter\\url-shortener\\vendor\\laravel\\framework\\src\\Illuminate\\Container\\Container.php(1580): Illuminate\\Foundation\\Application->make()
#36 D:\\url_sorter\\url-shortener\\vendor\\laravel\\framework\\src\\Illuminate\\Routing\\RoutingServiceProvider.php(177): Illuminate\\Container\\Container->offsetGet()
#37 D:\\url_sorter\\url-shortener\\vendor\\laravel\\framework\\src\\Illuminate\\Container\\Container.php(952): Illuminate\\Routing\\RoutingServiceProvider->{closure:Illuminate\\Routing\\RoutingServiceProvider::registerResponseFactory():176}()
#38 D:\\url_sorter\\url-shortener\\vendor\\laravel\\framework\\src\\Illuminate\\Container\\Container.php(832): Illuminate\\Container\\Container->build()
#39 D:\\url_sorter\\url-shortener\\vendor\\laravel\\framework\\src\\Illuminate\\Foundation\\Application.php(1078): Illuminate\\Container\\Container->resolve()
#40 D:\\url_sorter\\url-shortener\\vendor\\laravel\\framework\\src\\Illuminate\\Container\\Container.php(763): Illuminate\\Foundation\\Application->resolve()
#41 D:\\url_sorter\\url-shortener\\vendor\\laravel\\framework\\src\\Illuminate\\Foundation\\Application.php(1058): Illuminate\\Container\\Container->make()
#42 D:\\url_sorter\\url-shortener\\vendor\\laravel\\framework\\src\\Illuminate\\Foundation\\helpers.php(124): Illuminate\\Foundation\\Application->make()
#43 D:\\url_sorter\\url-shortener\\vendor\\laravel\\framework\\src\\Illuminate\\Foundation\\helpers.php(832): app()
#44 D:\\url_sorter\\url-shortener\\vendor\\laravel\\framework\\src\\Illuminate\\Foundation\\Exceptions\\Handler.php(894): response()
#45 D:\\url_sorter\\url-shortener\\vendor\\laravel\\framework\\src\\Illuminate\\Foundation\\Exceptions\\Handler.php(815): Illuminate\\Foundation\\Exceptions\\Handler->renderHttpException()
#46 D:\\url_sorter\\url-shortener\\vendor\\laravel\\framework\\src\\Illuminate\\Foundation\\Exceptions\\Handler.php(706): Illuminate\\Foundation\\Exceptions\\Handler->prepareResponse()
#47 D:\\url_sorter\\url-shortener\\vendor\\laravel\\framework\\src\\Illuminate\\Foundation\\Exceptions\\Handler.php(594): Illuminate\\Foundation\\Exceptions\\Handler->renderExceptionResponse()
#48 D:\\url_sorter\\url-shortener\\vendor\\laravel\\framework\\src\\Illuminate\\Routing\\Pipeline.php(51): Illuminate\\Foundation\\Exceptions\\Handler->render()
#49 D:\\url_sorter\\url-shortener\\vendor\\laravel\\framework\\src\\Illuminate\\Pipeline\\Pipeline.php(172): Illuminate\\Routing\\Pipeline->handleException()
#50 D:\\url_sorter\\url-shortener\\vendor\\laravel\\framework\\src\\Illuminate\\Foundation\\Http\\Middleware\\TransformsRequest.php(21): Illuminate\\Pipeline\\Pipeline->{closure:Illuminate\\Pipeline\\Pipeline::prepareDestination():168}()
#51 D:\\url_sorter\\url-shortener\\vendor\\laravel\\framework\\src\\Illuminate\\Foundation\\Http\\Middleware\\ConvertEmptyStringsToNull.php(31): Illuminate\\Foundation\\Http\\Middleware\\TransformsRequest->handle()
#52 D:\\url_sorter\\url-shortener\\vendor\\laravel\\framework\\src\\Illuminate\\Pipeline\\Pipeline.php(209): Illuminate\\Foundation\\Http\\Middleware\\ConvertEmptyStringsToNull->handle()
#53 D:\\url_sorter\\url-shortener\\vendor\\laravel\\framework\\src\\Illuminate\\Foundation\\Http\\Middleware\\TransformsRequest.php(21): Illuminate\\Pipeline\\Pipeline->{closure:{closure:Illuminate\\Pipeline\\Pipeline::carry():184}:185}()
#54 D:\\url_sorter\\url-shortener\\vendor\\laravel\\framework\\src\\Illuminate\\Foundation\\Http\\Middleware\\TrimStrings.php(51): Illuminate\\Foundation\\Http\\Middleware\\TransformsRequest->handle()
#55 D:\\url_sorter\\url-shortener\\vendor\\laravel\\framework\\src\\Illuminate\\Pipeline\\Pipeline.php(209): Illuminate\\Foundation\\Http\\Middleware\\TrimStrings->handle()
#56 D:\\url_sorter\\url-shortener\\vendor\\laravel\\framework\\src\\Illuminate\\Http\\Middleware\\ValidatePostSize.php(27): Illuminate\\Pipeline\\Pipeline->{closure:{closure:Illuminate\\Pipeline\\Pipeline::carry():184}:185}()
#57 D:\\url_sorter\\url-shortener\\vendor\\laravel\\framework\\src\\Illuminate\\Pipeline\\Pipeline.php(209): Illuminate\\Http\\Middleware\\ValidatePostSize->handle()
#58 D:\\url_sorter\\url-shortener\\vendor\\laravel\\framework\\src\\Illuminate\\Foundation\\Http\\Middleware\\PreventRequestsDuringMaintenance.php(110): Illuminate\\Pipeline\\Pipeline->{closure:{closure:Illuminate\\Pipeline\\Pipeline::carry():184}:185}()
#59 D:\\url_sorter\\url-shortener\\vendor\\laravel\\framework\\src\\Illuminate\\Pipeline\\Pipeline.php(209): Illuminate\\Foundation\\Http\\Middleware\\PreventRequestsDuringMaintenance->handle()
#60 D:\\url_sorter\\url-shortener\\vendor\\laravel\\framework\\src\\Illuminate\\Http\\Middleware\\HandleCors.php(49): Illuminate\\Pipeline\\Pipeline->{closure:{closure:Illuminate\\Pipeline\\Pipeline::carry():184}:185}()
#61 D:\\url_sorter\\url-shortener\\vendor\\laravel\\framework\\src\\Illuminate\\Pipeline\\Pipeline.php(209): Illuminate\\Http\\Middleware\\HandleCors->handle()
#62 D:\\url_sorter\\url-shortener\\vendor\\laravel\\framework\\src\\Illuminate\\Http\\Middleware\\TrustProxies.php(58): Illuminate\\Pipeline\\Pipeline->{closure:{closure:Illuminate\\Pipeline\\Pipeline::carry():184}:185}()
#63 D:\\url_sorter\\url-shortener\\vendor\\laravel\\framework\\src\\Illuminate\\Pipeline\\Pipeline.php(209): Illuminate\\Http\\Middleware\\TrustProxies->handle()
#64 D:\\url_sorter\\url-shortener\\vendor\\laravel\\framework\\src\\Illuminate\\Foundation\\Http\\Middleware\\InvokeDeferredCallbacks.php(22): Illuminate\\Pipeline\\Pipeline->{closure:{closure:Illuminate\\Pipeline\\Pipeline::carry():184}:185}()
#65 D:\\url_sorter\\url-shortener\\vendor\\laravel\\framework\\src\\Illuminate\\Pipeline\\Pipeline.php(209): Illuminate\\Foundation\\Http\\Middleware\\InvokeDeferredCallbacks->handle()
#66 D:\\url_sorter\\url-shortener\\vendor\\laravel\\framework\\src\\Illuminate\\Pipeline\\Pipeline.php(127): Illuminate\\Pipeline\\Pipeline->{closure:{closure:Illuminate\\Pipeline\\Pipeline::carry():184}:185}()
#67 D:\\url_sorter\\url-shortener\\vendor\\laravel\\framework\\src\\Illuminate\\Foundation\\Http\\Kernel.php(176): Illuminate\\Pipeline\\Pipeline->then()
#68 D:\\url_sorter\\url-shortener\\vendor\\laravel\\framework\\src\\Illuminate\\Foundation\\Http\\Kernel.php(145): Illuminate\\Foundation\\Http\\Kernel->sendRequestThroughRouter()
#69 D:\\url_sorter\\url-shortener\\vendor\\laravel\\framework\\src\\Illuminate\\Foundation\\Application.php(1220): Illuminate\\Foundation\\Http\\Kernel->handle()
#70 D:\\url_sorter\\url-shortener\\public\\index.php(20): Illuminate\\Foundation\\Application->handleRequest()
#71 D:\\url_sorter\\url-shortener\\vendor\\laravel\\framework\\src\\Illuminate\\Foundation\\resources\\server.php(23): require_once('...')
#72 {main}
"} 
[2025-12-06 17:13:59] local.ERROR: could not find driver (Connection: sqlite, SQL: PRAGMA foreign_keys = ON;) {"exception":"[object] (Illuminate\\Database\\QueryException(code: 0): could not find driver (Connection: sqlite, SQL: PRAGMA foreign_keys = ON;) at D:\\url_sorter\\url-shortener\\vendor\\laravel\\framework\\src\\Illuminate\\Database\\Connection.php:825)
[stacktrace]
#0 D:\\url_sorter\\url-shortener\\vendor\\laravel\\framework\\src\\Illuminate\\Database\\Connection.php(779): Illuminate\\Database\\Connection->runQueryCallback()
#1 D:\\url_sorter\\url-shortener\\vendor\\laravel\\framework\\src\\Illuminate\\Database\\Connection.php(560): Illuminate\\Database\\Connection->run()
#2 D:\\url_sorter\\url-shortener\\vendor\\laravel\\framework\\src\\Illuminate\\Database\\Schema\\Builder.php(522): Illuminate\\Database\\Connection->statement()
#3 D:\\url_sorter\\url-shortener\\vendor\\laravel\\framework\\src\\Illuminate\\Database\\SQLiteConnection.php(59): Illuminate\\Database\\Schema\\Builder->enableForeignKeyConstraints()
#4 D:\\url_sorter\\url-shortener\\vendor\\laravel\\framework\\src\\Illuminate\\Database\\SQLiteConnection.php(28): Illuminate\\Database\\SQLiteConnection->configureForeignKeyConstraints()
#5 D:\\url_sorter\\url-shortener\\vendor\\laravel\\framework\\src\\Illuminate\\Database\\Connectors\\ConnectionFactory.php(277): Illuminate\\Database\\SQLiteConnection->__construct()
#6 D:\\url_sorter\\url-shortener\\vendor\\laravel\\framework\\src\\Illuminate\\Database\\Connectors\\ConnectionFactory.php(76): Illuminate\\Database\\Connectors\\ConnectionFactory->createConnection()
#7 D:\\url_sorter\\url-shortener\\vendor\\laravel\\framework\\src\\Illuminate\\Database\\Connectors\\ConnectionFactory.php(51): Illuminate\\Database\\Connectors\\ConnectionFactory->createSingleConnection()
#8 D:\\url_sorter\\url-shortener\\vendor\\laravel\\framework\\src\\Illuminate\\Database\\DatabaseManager.php(207): Illuminate\\Database\\Connectors\\ConnectionFactory->make()
#9 D:\\url_sorter\\url-shortener\\vendor\\laravel\\framework\\src\\Illuminate\\Database\\DatabaseManager.php(103): Illuminate\\Database\\DatabaseManager->makeConnection()
#10 D:\\url_sorter\\url-shortener\\vendor\\laravel\\framework\\src\\Illuminate\\Session\\SessionManager.php(108): Illuminate\\Database\\DatabaseManager->connection()
#11 D:\\url_sorter\\url-shortener\\vendor\\laravel\\framework\\src\\Illuminate\\Session\\SessionManager.php(95): Illuminate\\Session\\SessionManager->getDatabaseConnection()
#12 D:\\url_sorter\\url-shortener\\vendor\\laravel\\framework\\src\\Illuminate\\Support\\Manager.php(106): Illuminate\\Session\\SessionManager->createDatabaseDriver()
#13 D:\\url_sorter\\url-shortener\\vendor\\laravel\\framework\\src\\Illuminate\\Support\\Manager.php(80): Illuminate\\Support\\Manager->createDriver()
#14 D:\\url_sorter\\url-shortener\\vendor\\laravel\\framework\\src\\Illuminate\\Session\\SessionServiceProvider.php(52): Illuminate\\Support\\Manager->driver()
#15 D:\\url_sorter\\url-shortener\\vendor\\laravel\\framework\\src\\Illuminate\\Container\\Container.php(952): Illuminate\\Session\\SessionServiceProvider->{closure:Illuminate\\Session\\SessionServiceProvider::registerSessionDriver():48}()
#16 D:\\url_sorter\\url-shortener\\vendor\\laravel\\framework\\src\\Illuminate\\Container\\Container.php(832): Illuminate\\Container\\Container->build()
#17 D:\\url_sorter\\url-shortener\\vendor\\laravel\\framework\\src\\Illuminate\\Foundation\\Application.php(1078): Illuminate\\Container\\Container->resolve()
#18 D:\\url_sorter\\url-shortener\\vendor\\laravel\\framework\\src\\Illuminate\\Container\\Container.php(763): Illuminate\\Foundation\\Application->resolve()
#19 D:\\url_sorter\\url-shortener\\vendor\\laravel\\framework\\src\\Illuminate\\Foundation\\Application.php(1058): Illuminate\\Container\\Container->make()
#20 D:\\url_sorter\\url-shortener\\vendor\\laravel\\framework\\src\\Illuminate\\Container\\Container.php(1580): Illuminate\\Foundation\\Application->make()
#21 D:\\url_sorter\\url-shortener\\vendor\\laravel\\framework\\src\\Illuminate\\Routing\\RoutingServiceProvider.php(121): Illuminate\\Container\\Container->offsetGet()
#22 D:\\url_sorter\\url-shortener\\vendor\\laravel\\framework\\src\\Illuminate\\Container\\Container.php(952): Illuminate\\Routing\\RoutingServiceProvider->{closure:Illuminate\\Routing\\RoutingServiceProvider::registerRedirector():114}()
#23 D:\\url_sorter\\url-shortener\\vendor\\laravel\\framework\\src\\Illuminate\\Container\\Container.php(832): Illuminate\\Container\\Container->build()
#24 D:\\url_sorter\\url-shortener\\vendor\\laravel\\framework\\src\\Illuminate\\Foundation\\Application.php(1078): Illuminate\\Container\\Container->resolve()
#25 D:\\url_sorter\\url-shortener\\vendor\\laravel\\framework\\src\\Illuminate\\Container\\Container.php(763): Illuminate\\Foundation\\Application->resolve()
#26 D:\\url_sorter\\url-shortener\\vendor\\laravel\\framework\\src\\Illuminate\\Foundation\\Application.php(1058): Illuminate\\Container\\Container->make()
#27 D:\\url_sorter\\url-shortener\\vendor\\laravel\\framework\\src\\Illuminate\\Container\\Container.php(1580): Illuminate\\Foundation\\Application->make()
#28 D:\\url_sorter\\url-shortener\\vendor\\laravel\\framework\\src\\Illuminate\\Routing\\RoutingServiceProvider.php(177): Illuminate\\Container\\Container->offsetGet()
#29 D:\\url_sorter\\url-shortener\\vendor\\laravel\\framework\\src\\Illuminate\\Container\\Container.php(952): Illuminate\\Routing\\RoutingServiceProvider->{closure:Illuminate\\Routing\\RoutingServiceProvider::registerResponseFactory():176}()
#30 D:\\url_sorter\\url-shortener\\vendor\\laravel\\framework\\src\\Illuminate\\Container\\Container.php(832): Illuminate\\Container\\Container->build()
#31 D:\\url_sorter\\url-shortener\\vendor\\laravel\\framework\\src\\Illuminate\\Foundation\\Application.php(1078): Illuminate\\Container\\Container->resolve()
#32 D:\\url_sorter\\url-shortener\\vendor\\laravel\\framework\\src\\Illuminate\\Container\\Container.php(763): Illuminate\\Foundation\\Application->resolve()
#33 D:\\url_sorter\\url-shortener\\vendor\\laravel\\framework\\src\\Illuminate\\Foundation\\Application.php(1058): Illuminate\\Container\\Container->make()
#34 D:\\url_sorter\\url-shortener\\vendor\\laravel\\framework\\src\\Illuminate\\Foundation\\helpers.php(124): Illuminate\\Foundation\\Application->make()
#35 D:\\url_sorter\\url-shortener\\vendor\\laravel\\framework\\src\\Illuminate\\Foundation\\helpers.php(832): app()
#36 D:\\url_sorter\\url-shortener\\vendor\\laravel\\framework\\src\\Illuminate\\Foundation\\Exceptions\\Handler.php(894): response()
#37 D:\\url_sorter\\url-shortener\\vendor\\laravel\\framework\\src\\Illuminate\\Foundation\\Exceptions\\Handler.php(815): Illuminate\\Foundation\\Exceptions\\Handler->renderHttpException()
#38 D:\\url_sorter\\url-shortener\\vendor\\laravel\\framework\\src\\Illuminate\\Foundation\\Exceptions\\Handler.php(706): Illuminate\\Foundation\\Exceptions\\Handler->prepareResponse()
#39 D:\\url_sorter\\url-shortener\\vendor\\laravel\\framework\\src\\Illuminate\\Foundation\\Exceptions\\Handler.php(594): Illuminate\\Foundation\\Exceptions\\Handler->renderExceptionResponse()
#40 D:\\url_sorter\\url-shortener\\vendor\\laravel\\framework\\src\\Illuminate\\Routing\\Pipeline.php(51): Illuminate\\Foundation\\Exceptions\\Handler->render()
#41 D:\\url_sorter\\url-shortener\\vendor\\laravel\\framework\\src\\Illuminate\\Pipeline\\Pipeline.php(172): Illuminate\\Routing\\Pipeline->handleException()
#42 D:\\url_sorter\\url-shortener\\vendor\\laravel\\framework\\src\\Illuminate\\Foundation\\Http\\Middleware\\TransformsRequest.php(21): Illuminate\\Pipeline\\Pipeline->{closure:Illuminate\\Pipeline\\Pipeline::prepareDestination():168}()
#43 D:\\url_sorter\\url-shortener\\vendor\\laravel\\framework\\src\\Illuminate\\Foundation\\Http\\Middleware\\ConvertEmptyStringsToNull.php(31): Illuminate\\Foundation\\Http\\Middleware\\TransformsRequest->handle()
#44 D:\\url_sorter\\url-shortener\\vendor\\laravel\\framework\\src\\Illuminate\\Pipeline\\Pipeline.php(209): Illuminate\\Foundation\\Http\\Middleware\\ConvertEmptyStringsToNull->handle()
#45 D:\\url_sorter\\url-shortener\\vendor\\laravel\\framework\\src\\Illuminate\\Foundation\\Http\\Middleware\\TransformsRequest.php(21): Illuminate\\Pipeline\\Pipeline->{closure:{closure:Illuminate\\Pipeline\\Pipeline::carry():184}:185}()
#46 D:\\url_sorter\\url-shortener\\vendor\\laravel\\framework\\src\\Illuminate\\Foundation\\Http\\Middleware\\TrimStrings.php(51): Illuminate\\Foundation\\Http\\Middleware\\TransformsRequest->handle()
#47 D:\\url_sorter\\url-shortener\\vendor\\laravel\\framework\\src\\Illuminate\\Pipeline\\Pipeline.php(209): Illuminate\\Foundation\\Http\\Middleware\\TrimStrings->handle()
#48 D:\\url_sorter\\url-shortener\\vendor\\laravel\\framework\\src\\Illuminate\\Http\\Middleware\\ValidatePostSize.php(27): Illuminate\\Pipeline\\Pipeline->{closure:{closure:Illuminate\\Pipeline\\Pipeline::carry():184}:185}()
#49 D:\\url_sorter\\url-shortener\\vendor\\laravel\\framework\\src\\Illuminate\\Pipeline\\Pipeline.php(209): Illuminate\\Http\\Middleware\\ValidatePostSize->handle()
#50 D:\\url_sorter\\url-shortener\\vendor\\laravel\\framework\\src\\Illuminate\\Foundation\\Http\\Middleware\\PreventRequestsDuringMaintenance.php(110): Illuminate\\Pipeline\\Pipeline->{closure:{closure:Illuminate\\Pipeline\\Pipeline::carry():184}:185}()
#51 D:\\url_sorter\\url-shortener\\vendor\\laravel\\framework\\src\\Illuminate\\Pipeline\\Pipeline.php(209): Illuminate\\Foundation\\Http\\Middleware\\PreventRequestsDuringMaintenance->handle()
#52 D:\\url_sorter\\url-shortener\\vendor\\laravel\\framework\\src\\Illuminate\\Http\\Middleware\\HandleCors.php(49): Illuminate\\Pipeline\\Pipeline->{closure:{closure:Illuminate\\Pipeline\\Pipeline::carry():184}:185}()
#53 D:\\url_sorter\\url-shortener\\vendor\\laravel\\framework\\src\\Illuminate\\Pipeline\\Pipeline.php(209): Illuminate\\Http\\Middleware\\HandleCors->handle()
#54 D:\\url_sorter\\url-shortener\\vendor\\laravel\\framework\\src\\Illuminate\\Http\\Middleware\\TrustProxies.php(58): Illuminate\\Pipeline\\Pipeline->{closure:{closure:Illuminate\\Pipeline\\Pipeline::carry():184}:185}()
#55 D:\\url_sorter\\url-shortener\\vendor\\laravel\\framework\\src\\Illuminate\\Pipeline\\Pipeline.php(209): Illuminate\\Http\\Middleware\\TrustProxies->handle()
#56 D:\\url_sorter\\url-shortener\\vendor\\laravel\\framework\\src\\Illuminate\\Foundation\\Http\\Middleware\\InvokeDeferredCallbacks.php(22): Illuminate\\Pipeline\\Pipeline->{closure:{closure:Illuminate\\Pipeline\\Pipeline::carry():184}:185}()
#57 D:\\url_sorter\\url-shortener\\vendor\\laravel\\framework\\src\\Illuminate\\Pipeline\\Pipeline.php(209): Illuminate\\Foundation\\Http\\Middleware\\InvokeDeferredCallbacks->handle()
#58 D:\\url_sorter\\url-shortener\\vendor\\laravel\\framework\\src\\Illuminate\\Pipeline\\Pipeline.php(127): Illuminate\\Pipeline\\Pipeline->{closure:{closure:Illuminate\\Pipeline\\Pipeline::carry():184}:185}()
#59 D:\\url_sorter\\url-shortener\\vendor\\laravel\\framework\\src\\Illuminate\\Foundation\\Http\\Kernel.php(176): Illuminate\\Pipeline\\Pipeline->then()
#60 D:\\url_sorter\\url-shortener\\vendor\\laravel\\framework\\src\\Illuminate\\Foundation\\Http\\Kernel.php(145): Illuminate\\Foundation\\Http\\Kernel->sendRequestThroughRouter()
#61 D:\\url_sorter\\url-shortener\\vendor\\laravel\\framework\\src\\Illuminate\\Foundation\\Application.php(1220): Illuminate\\Foundation\\Http\\Kernel->handle()
#62 D:\\url_sorter\\url-shortener\\public\\index.php(20): Illuminate\\Foundation\\Application->handleRequest()
#63 D:\\url_sorter\\url-shortener\\vendor\\laravel\\framework\\src\\Illuminate\\Foundation\\resources\\server.php(23): require_once('...')
#64 {main}

[previous exception] [object] (PDOException(code: 0): could not find driver at D:\\url_sorter\\url-shortener\\vendor\\laravel\\framework\\src\\Illuminate\\Database\\Connectors\\Connector.php:67)
[stacktrace]
#0 D:\\url_sorter\\url-shortener\\vendor\\laravel\\framework\\src\\Illuminate\\Database\\Connectors\\Connector.php(67): PDO::connect()
#1 D:\\url_sorter\\url-shortener\\vendor\\laravel\\framework\\src\\Illuminate\\Database\\Connectors\\Connector.php(44): Illuminate\\Database\\Connectors\\Connector->createPdoConnection()
#2 D:\\url_sorter\\url-shortener\\vendor\\laravel\\framework\\src\\Illuminate\\Database\\Connectors\\SQLiteConnector.php(40): Illuminate\\Database\\Connectors\\Connector->createConnection()
#3 D:\\url_sorter\\url-shortener\\vendor\\laravel\\framework\\src\\Illuminate\\Database\\Connectors\\ConnectionFactory.php(224): Illuminate\\Database\\Connectors\\SQLiteConnector->connect()
#4 [internal function]: Illuminate\\Database\\Connectors\\ConnectionFactory->{closure:Illuminate\\Database\\Connectors\\ConnectionFactory::createPdoResolverWithoutHosts():224}()
#5 D:\\url_sorter\\url-shortener\\vendor\\laravel\\framework\\src\\Illuminate\\Database\\Connection.php(1231): call_user_func()
#6 D:\\url_sorter\\url-shortener\\vendor\\laravel\\framework\\src\\Illuminate\\Database\\Connection.php(565): Illuminate\\Database\\Connection->getPdo()
#7 D:\\url_sorter\\url-shortener\\vendor\\laravel\\framework\\src\\Illuminate\\Database\\Connection.php(812): Illuminate\\Database\\Connection->{closure:Illuminate\\Database\\Connection::statement():560}()
#8 D:\\url_sorter\\url-shortener\\vendor\\laravel\\framework\\src\\Illuminate\\Database\\Connection.php(779): Illuminate\\Database\\Connection->runQueryCallback()
#9 D:\\url_sorter\\url-shortener\\vendor\\laravel\\framework\\src\\Illuminate\\Database\\Connection.php(560): Illuminate\\Database\\Connection->run()
#10 D:\\url_sorter\\url-shortener\\vendor\\laravel\\framework\\src\\Illuminate\\Database\\Schema\\Builder.php(522): Illuminate\\Database\\Connection->statement()
#11 D:\\url_sorter\\url-shortener\\vendor\\laravel\\framework\\src\\Illuminate\\Database\\SQLiteConnection.php(59): Illuminate\\Database\\Schema\\Builder->enableForeignKeyConstraints()
#12 D:\\url_sorter\\url-shortener\\vendor\\laravel\\framework\\src\\Illuminate\\Database\\SQLiteConnection.php(28): Illuminate\\Database\\SQLiteConnection->configureForeignKeyConstraints()
#13 D:\\url_sorter\\url-shortener\\vendor\\laravel\\framework\\src\\Illuminate\\Database\\Connectors\\ConnectionFactory.php(277): Illuminate\\Database\\SQLiteConnection->__construct()
#14 D:\\url_sorter\\url-shortener\\vendor\\laravel\\framework\\src\\Illuminate\\Database\\Connectors\\ConnectionFactory.php(76): Illuminate\\Database\\Connectors\\ConnectionFactory->createConnection()
#15 D:\\url_sorter\\url-shortener\\vendor\\laravel\\framework\\src\\Illuminate\\Database\\Connectors\\ConnectionFactory.php(51): Illuminate\\Database\\Connectors\\ConnectionFactory->createSingleConnection()
#16 D:\\url_sorter\\url-shortener\\vendor\\laravel\\framework\\src\\Illuminate\\Database\\DatabaseManager.php(207): Illuminate\\Database\\Connectors\\ConnectionFactory->make()
#17 D:\\url_sorter\\url-shortener\\vendor\\laravel\\framework\\src\\Illuminate\\Database\\DatabaseManager.php(103): Illuminate\\Database\\DatabaseManager->makeConnection()
#18 D:\\url_sorter\\url-shortener\\vendor\\laravel\\framework\\src\\Illuminate\\Session\\SessionManager.php(108): Illuminate\\Database\\DatabaseManager->connection()
#19 D:\\url_sorter\\url-shortener\\vendor\\laravel\\framework\\src\\Illuminate\\Session\\SessionManager.php(95): Illuminate\\Session\\SessionManager->getDatabaseConnection()
#20 D:\\url_sorter\\url-shortener\\vendor\\laravel\\framework\\src\\Illuminate\\Support\\Manager.php(106): Illuminate\\Session\\SessionManager->createDatabaseDriver()
#21 D:\\url_sorter\\url-shortener\\vendor\\laravel\\framework\\src\\Illuminate\\Support\\Manager.php(80): Illuminate\\Support\\Manager->createDriver()
#22 D:\\url_sorter\\url-shortener\\vendor\\laravel\\framework\\src\\Illuminate\\Session\\SessionServiceProvider.php(52): Illuminate\\Support\\Manager->driver()
#23 D:\\url_sorter\\url-shortener\\vendor\\laravel\\framework\\src\\Illuminate\\Container\\Container.php(952): Illuminate\\Session\\SessionServiceProvider->{closure:Illuminate\\Session\\SessionServiceProvider::registerSessionDriver():48}()
#24 D:\\url_sorter\\url-shortener\\vendor\\laravel\\framework\\src\\Illuminate\\Container\\Container.php(832): Illuminate\\Container\\Container->build()
#25 D:\\url_sorter\\url-shortener\\vendor\\laravel\\framework\\src\\Illuminate\\Foundation\\Application.php(1078): Illuminate\\Container\\Container->resolve()
#26 D:\\url_sorter\\url-shortener\\vendor\\laravel\\framework\\src\\Illuminate\\Container\\Container.php(763): Illuminate\\Foundation\\Application->resolve()
#27 D:\\url_sorter\\url-shortener\\vendor\\laravel\\framework\\src\\Illuminate\\Foundation\\Application.php(1058): Illuminate\\Container\\Container->make()
#28 D:\\url_sorter\\url-shortener\\vendor\\laravel\\framework\\src\\Illuminate\\Container\\Container.php(1580): Illuminate\\Foundation\\Application->make()
#29 D:\\url_sorter\\url-shortener\\vendor\\laravel\\framework\\src\\Illuminate\\Routing\\RoutingServiceProvider.php(121): Illuminate\\Container\\Container->offsetGet()
#30 D:\\url_sorter\\url-shortener\\vendor\\laravel\\framework\\src\\Illuminate\\Container\\Container.php(952): Illuminate\\Routing\\RoutingServiceProvider->{closure:Illuminate\\Routing\\RoutingServiceProvider::registerRedirector():114}()
#31 D:\\url_sorter\\url-shortener\\vendor\\laravel\\framework\\src\\Illuminate\\Container\\Container.php(832): Illuminate\\Container\\Container->build()
#32 D:\\url_sorter\\url-shortener\\vendor\\laravel\\framework\\src\\Illuminate\\Foundation\\Application.php(1078): Illuminate\\Container\\Container->resolve()
#33 D:\\url_sorter\\url-shortener\\vendor\\laravel\\framework\\src\\Illuminate\\Container\\Container.php(763): Illuminate\\Foundation\\Application->resolve()
#34 D:\\url_sorter\\url-shortener\\vendor\\laravel\\framework\\src\\Illuminate\\Foundation\\Application.php(1058): Illuminate\\Container\\Container->make()
#35 D:\\url_sorter\\url-shortener\\vendor\\laravel\\framework\\src\\Illuminate\\Container\\Container.php(1580): Illuminate\\Foundation\\Application->make()
#36 D:\\url_sorter\\url-shortener\\vendor\\laravel\\framework\\src\\Illuminate\\Routing\\RoutingServiceProvider.php(177): Illuminate\\Container\\Container->offsetGet()
#37 D:\\url_sorter\\url-shortener\\vendor\\laravel\\framework\\src\\Illuminate\\Container\\Container.php(952): Illuminate\\Routing\\RoutingServiceProvider->{closure:Illuminate\\Routing\\RoutingServiceProvider::registerResponseFactory():176}()
#38 D:\\url_sorter\\url-shortener\\vendor\\laravel\\framework\\src\\Illuminate\\Container\\Container.php(832): Illuminate\\Container\\Container->build()
#39 D:\\url_sorter\\url-shortener\\vendor\\laravel\\framework\\src\\Illuminate\\Foundation\\Application.php(1078): Illuminate\\Container\\Container->resolve()
#40 D:\\url_sorter\\url-shortener\\vendor\\laravel\\framework\\src\\Illuminate\\Container\\Container.php(763): Illuminate\\Foundation\\Application->resolve()
#41 D:\\url_sorter\\url-shortener\\vendor\\laravel\\framework\\src\\Illuminate\\Foundation\\Application.php(1058): Illuminate\\Container\\Container->make()
#42 D:\\url_sorter\\url-shortener\\vendor\\laravel\\framework\\src\\Illuminate\\Foundation\\helpers.php(124): Illuminate\\Foundation\\Application->make()
#43 D:\\url_sorter\\url-shortener\\vendor\\laravel\\framework\\src\\Illuminate\\Foundation\\helpers.php(832): app()
#44 D:\\url_sorter\\url-shortener\\vendor\\laravel\\framework\\src\\Illuminate\\Foundation\\Exceptions\\Handler.php(894): response()
#45 D:\\url_sorter\\url-shortener\\vendor\\laravel\\framework\\src\\Illuminate\\Foundation\\Exceptions\\Handler.php(815): Illuminate\\Foundation\\Exceptions\\Handler->renderHttpException()
#46 D:\\url_sorter\\url-shortener\\vendor\\laravel\\framework\\src\\Illuminate\\Foundation\\Exceptions\\Handler.php(706): Illuminate\\Foundation\\Exceptions\\Handler->prepareResponse()
#47 D:\\url_sorter\\url-shortener\\vendor\\laravel\\framework\\src\\Illuminate\\Foundation\\Exceptions\\Handler.php(594): Illuminate\\Foundation\\Exceptions\\Handler->renderExceptionResponse()
#48 D:\\url_sorter\\url-shortener\\vendor\\laravel\\framework\\src\\Illuminate\\Routing\\Pipeline.php(51): Illuminate\\Foundation\\Exceptions\\Handler->render()
#49 D:\\url_sorter\\url-shortener\\vendor\\laravel\\framework\\src\\Illuminate\\Pipeline\\Pipeline.php(172): Illuminate\\Routing\\Pipeline->handleException()
#50 D:\\url_sorter\\url-shortener\\vendor\\laravel\\framework\\src\\Illuminate\\Foundation\\Http\\Middleware\\TransformsRequest.php(21): Illuminate\\Pipeline\\Pipeline->{closure:Illuminate\\Pipeline\\Pipeline::prepareDestination():168}()
#51 D:\\url_sorter\\url-shortener\\vendor\\laravel\\framework\\src\\Illuminate\\Foundation\\Http\\Middleware\\ConvertEmptyStringsToNull.php(31): Illuminate\\Foundation\\Http\\Middleware\\TransformsRequest->handle()
#52 D:\\url_sorter\\url-shortener\\vendor\\laravel\\framework\\src\\Illuminate\\Pipeline\\Pipeline.php(209): Illuminate\\Foundation\\Http\\Middleware\\ConvertEmptyStringsToNull->handle()
#53 D:\\url_sorter\\url-shortener\\vendor\\laravel\\framework\\src\\Illuminate\\Foundation\\Http\\Middleware\\TransformsRequest.php(21): Illuminate\\Pipeline\\Pipeline->{closure:{closure:Illuminate\\Pipeline\\Pipeline::carry():184}:185}()
#54 D:\\url_sorter\\url-shortener\\vendor\\laravel\\framework\\src\\Illuminate\\Foundation\\Http\\Middleware\\TrimStrings.php(51): Illuminate\\Foundation\\Http\\Middleware\\TransformsRequest->handle()
#55 D:\\url_sorter\\url-shortener\\vendor\\laravel\\framework\\src\\Illuminate\\Pipeline\\Pipeline.php(209): Illuminate\\Foundation\\Http\\Middleware\\TrimStrings->handle()
#56 D:\\url_sorter\\url-shortener\\vendor\\laravel\\framework\\src\\Illuminate\\Http\\Middleware\\ValidatePostSize.php(27): Illuminate\\Pipeline\\Pipeline->{closure:{closure:Illuminate\\Pipeline\\Pipeline::carry():184}:185}()
#57 D:\\url_sorter\\url-shortener\\vendor\\laravel\\framework\\src\\Illuminate\\Pipeline\\Pipeline.php(209): Illuminate\\Http\\Middleware\\ValidatePostSize->handle()
#58 D:\\url_sorter\\url-shortener\\vendor\\laravel\\framework\\src\\Illuminate\\Foundation\\Http\\Middleware\\PreventRequestsDuringMaintenance.php(110): Illuminate\\Pipeline\\Pipeline->{closure:{closure:Illuminate\\Pipeline\\Pipeline::carry():184}:185}()
#59 D:\\url_sorter\\url-shortener\\vendor\\laravel\\framework\\src\\Illuminate\\Pipeline\\Pipeline.php(209): Illuminate\\Foundation\\Http\\Middleware\\PreventRequestsDuringMaintenance->handle()
#60 D:\\url_sorter\\url-shortener\\vendor\\laravel\\framework\\src\\Illuminate\\Http\\Middleware\\HandleCors.php(49): Illuminate\\Pipeline\\Pipeline->{closure:{closure:Illuminate\\Pipeline\\Pipeline::carry():184}:185}()
#61 D:\\url_sorter\\url-shortener\\vendor\\laravel\\framework\\src\\Illuminate\\Pipeline\\Pipeline.php(209): Illuminate\\Http\\Middleware\\HandleCors->handle()
#62 D:\\url_sorter\\url-shortener\\vendor\\laravel\\framework\\src\\Illuminate\\Http\\Middleware\\TrustProxies.php(58): Illuminate\\Pipeline\\Pipeline->{closure:{closure:Illuminate\\Pipeline\\Pipeline::carry():184}:185}()
#63 D:\\url_sorter\\url-shortener\\vendor\\laravel\\framework\\src\\Illuminate\\Pipeline\\Pipeline.php(209): Illuminate\\Http\\Middleware\\TrustProxies->handle()
#64 D:\\url_sorter\\url-shortener\\vendor\\laravel\\framework\\src\\Illuminate\\Foundation\\Http\\Middleware\\InvokeDeferredCallbacks.php(22): Illuminate\\Pipeline\\Pipeline->{closure:{closure:Illuminate\\Pipeline\\Pipeline::carry():184}:185}()
#65 D:\\url_sorter\\url-shortener\\vendor\\laravel\\framework\\src\\Illuminate\\Pipeline\\Pipeline.php(209): Illuminate\\Foundation\\Http\\Middleware\\InvokeDeferredCallbacks->handle()
#66 D:\\url_sorter\\url-shortener\\vendor\\laravel\\framework\\src\\Illuminate\\Pipeline\\Pipeline.php(127): Illuminate\\Pipeline\\Pipeline->{closure:{closure:Illuminate\\Pipeline\\Pipeline::carry():184}:185}()
#67 D:\\url_sorter\\url-shortener\\vendor\\laravel\\framework\\src\\Illuminate\\Foundation\\Http\\Kernel.php(176): Illuminate\\Pipeline\\Pipeline->then()
#68 D:\\url_sorter\\url-shortener\\vendor\\laravel\\framework\\src\\Illuminate\\Foundation\\Http\\Kernel.php(145): Illuminate\\Foundation\\Http\\Kernel->sendRequestThroughRouter()
#69 D:\\url_sorter\\url-shortener\\vendor\\laravel\\framework\\src\\Illuminate\\Foundation\\Application.php(1220): Illuminate\\Foundation\\Http\\Kernel->handle()
#70 D:\\url_sorter\\url-shortener\\public\\index.php(20): Illuminate\\Foundation\\Application->handleRequest()
#71 D:\\url_sorter\\url-shortener\\vendor\\laravel\\framework\\src\\Illuminate\\Foundation\\resources\\server.php(23): require_once('...')
#72 {main}
"} 
[2025-12-06 17:14:02] local.ERROR: could not find driver (Connection: sqlite, SQL: PRAGMA foreign_keys = ON;) {"exception":"[object] (Illuminate\\Database\\QueryException(code: 0): could not find driver (Connection: sqlite, SQL: PRAGMA foreign_keys = ON;) at D:\\url_sorter\\url-shortener\\vendor\\laravel\\framework\\src\\Illuminate\\Database\\Connection.php:825)
[stacktrace]
#0 D:\\url_sorter\\url-shortener\\vendor\\laravel\\framework\\src\\Illuminate\\Database\\Connection.php(779): Illuminate\\Database\\Connection->runQueryCallback()
#1 D:\\url_sorter\\url-shortener\\vendor\\laravel\\framework\\src\\Illuminate\\Database\\Connection.php(560): Illuminate\\Database\\Connection->run()
#2 D:\\url_sorter\\url-shortener\\vendor\\laravel\\framework\\src\\Illuminate\\Database\\Schema\\Builder.php(522): Illuminate\\Database\\Connection->statement()
#3 D:\\url_sorter\\url-shortener\\vendor\\laravel\\framework\\src\\Illuminate\\Database\\SQLiteConnection.php(59): Illuminate\\Database\\Schema\\Builder->enableForeignKeyConstraints()
#4 D:\\url_sorter\\url-shortener\\vendor\\laravel\\framework\\src\\Illuminate\\Database\\SQLiteConnection.php(28): Illuminate\\Database\\SQLiteConnection->configureForeignKeyConstraints()
#5 D:\\url_sorter\\url-shortener\\vendor\\laravel\\framework\\src\\Illuminate\\Database\\Connectors\\ConnectionFactory.php(277): Illuminate\\Database\\SQLiteConnection->__construct()
#6 D:\\url_sorter\\url-shortener\\vendor\\laravel\\framework\\src\\Illuminate\\Database\\Connectors\\ConnectionFactory.php(76): Illuminate\\Database\\Connectors\\ConnectionFactory->createConnection()
#7 D:\\url_sorter\\url-shortener\\vendor\\laravel\\framework\\src\\Illuminate\\Database\\Connectors\\ConnectionFactory.php(51): Illuminate\\Database\\Connectors\\ConnectionFactory->createSingleConnection()
#8 D:\\url_sorter\\url-shortener\\vendor\\laravel\\framework\\src\\Illuminate\\Database\\DatabaseManager.php(207): Illuminate\\Database\\Connectors\\ConnectionFactory->make()
#9 D:\\url_sorter\\url-shortener\\vendor\\laravel\\framework\\src\\Illuminate\\Database\\DatabaseManager.php(103): Illuminate\\Database\\DatabaseManager->makeConnection()
#10 D:\\url_sorter\\url-shortener\\vendor\\laravel\\framework\\src\\Illuminate\\Session\\SessionManager.php(108): Illuminate\\Database\\DatabaseManager->connection()
#11 D:\\url_sorter\\url-shortener\\vendor\\laravel\\framework\\src\\Illuminate\\Session\\SessionManager.php(95): Illuminate\\Session\\SessionManager->getDatabaseConnection()
#12 D:\\url_sorter\\url-shortener\\vendor\\laravel\\framework\\src\\Illuminate\\Support\\Manager.php(106): Illuminate\\Session\\SessionManager->createDatabaseDriver()
#13 D:\\url_sorter\\url-shortener\\vendor\\laravel\\framework\\src\\Illuminate\\Support\\Manager.php(80): Illuminate\\Support\\Manager->createDriver()
#14 D:\\url_sorter\\url-shortener\\vendor\\laravel\\framework\\src\\Illuminate\\Session\\SessionServiceProvider.php(52): Illuminate\\Support\\Manager->driver()
#15 D:\\url_sorter\\url-shortener\\vendor\\laravel\\framework\\src\\Illuminate\\Container\\Container.php(952): Illuminate\\Session\\SessionServiceProvider->{closure:Illuminate\\Session\\SessionServiceProvider::registerSessionDriver():48}()
#16 D:\\url_sorter\\url-shortener\\vendor\\laravel\\framework\\src\\Illuminate\\Container\\Container.php(832): Illuminate\\Container\\Container->build()
#17 D:\\url_sorter\\url-shortener\\vendor\\laravel\\framework\\src\\Illuminate\\Foundation\\Application.php(1078): Illuminate\\Container\\Container->resolve()
#18 D:\\url_sorter\\url-shortener\\vendor\\laravel\\framework\\src\\Illuminate\\Container\\Container.php(763): Illuminate\\Foundation\\Application->resolve()
#19 D:\\url_sorter\\url-shortener\\vendor\\laravel\\framework\\src\\Illuminate\\Foundation\\Application.php(1058): Illuminate\\Container\\Container->make()
#20 D:\\url_sorter\\url-shortener\\vendor\\laravel\\framework\\src\\Illuminate\\Container\\Container.php(1580): Illuminate\\Foundation\\Application->make()
#21 D:\\url_sorter\\url-shortener\\vendor\\laravel\\framework\\src\\Illuminate\\Routing\\RoutingServiceProvider.php(121): Illuminate\\Container\\Container->offsetGet()
#22 D:\\url_sorter\\url-shortener\\vendor\\laravel\\framework\\src\\Illuminate\\Container\\Container.php(952): Illuminate\\Routing\\RoutingServiceProvider->{closure:Illuminate\\Routing\\RoutingServiceProvider::registerRedirector():114}()
#23 D:\\url_sorter\\url-shortener\\vendor\\laravel\\framework\\src\\Illuminate\\Container\\Container.php(832): Illuminate\\Container\\Container->build()
#24 D:\\url_sorter\\url-shortener\\vendor\\laravel\\framework\\src\\Illuminate\\Foundation\\Application.php(1078): Illuminate\\Container\\Container->resolve()
#25 D:\\url_sorter\\url-shortener\\vendor\\laravel\\framework\\src\\Illuminate\\Container\\Container.php(763): Illuminate\\Foundation\\Application->resolve()
#26 D:\\url_sorter\\url-shortener\\vendor\\laravel\\framework\\src\\Illuminate\\Foundation\\Application.php(1058): Illuminate\\Container\\Container->make()
#27 D:\\url_sorter\\url-shortener\\vendor\\laravel\\framework\\src\\Illuminate\\Container\\Container.php(1580): Illuminate\\Foundation\\Application->make()
#28 D:\\url_sorter\\url-shortener\\vendor\\laravel\\framework\\src\\Illuminate\\Routing\\RoutingServiceProvider.php(177): Illuminate\\Container\\Container->offsetGet()
#29 D:\\url_sorter\\url-shortener\\vendor\\laravel\\framework\\src\\Illuminate\\Container\\Container.php(952): Illuminate\\Routing\\RoutingServiceProvider->{closure:Illuminate\\Routing\\RoutingServiceProvider::registerResponseFactory():176}()
#30 D:\\url_sorter\\url-shortener\\vendor\\laravel\\framework\\src\\Illuminate\\Container\\Container.php(832): Illuminate\\Container\\Container->build()
#31 D:\\url_sorter\\url-shortener\\vendor\\laravel\\framework\\src\\Illuminate\\Foundation\\Application.php(1078): Illuminate\\Container\\Container->resolve()
#32 D:\\url_sorter\\url-shortener\\vendor\\laravel\\framework\\src\\Illuminate\\Container\\Container.php(763): Illuminate\\Foundation\\Application->resolve()
#33 D:\\url_sorter\\url-shortener\\vendor\\laravel\\framework\\src\\Illuminate\\Foundation\\Application.php(1058): Illuminate\\Container\\Container->make()
#34 D:\\url_sorter\\url-shortener\\vendor\\laravel\\framework\\src\\Illuminate\\Foundation\\helpers.php(124): Illuminate\\Foundation\\Application->make()
#35 D:\\url_sorter\\url-shortener\\vendor\\laravel\\framework\\src\\Illuminate\\Foundation\\helpers.php(832): app()
#36 D:\\url_sorter\\url-shortener\\vendor\\laravel\\framework\\src\\Illuminate\\Foundation\\Exceptions\\Handler.php(894): response()
#37 D:\\url_sorter\\url-shortener\\vendor\\laravel\\framework\\src\\Illuminate\\Foundation\\Exceptions\\Handler.php(815): Illuminate\\Foundation\\Exceptions\\Handler->renderHttpException()
#38 D:\\url_sorter\\url-shortener\\vendor\\laravel\\framework\\src\\Illuminate\\Foundation\\Exceptions\\Handler.php(706): Illuminate\\Foundation\\Exceptions\\Handler->prepareResponse()
#39 D:\\url_sorter\\url-shortener\\vendor\\laravel\\framework\\src\\Illuminate\\Foundation\\Exceptions\\Handler.php(594): Illuminate\\Foundation\\Exceptions\\Handler->renderExceptionResponse()
#40 D:\\url_sorter\\url-shortener\\vendor\\laravel\\framework\\src\\Illuminate\\Routing\\Pipeline.php(51): Illuminate\\Foundation\\Exceptions\\Handler->render()
#41 D:\\url_sorter\\url-shortener\\vendor\\laravel\\framework\\src\\Illuminate\\Pipeline\\Pipeline.php(172): Illuminate\\Routing\\Pipeline->handleException()
#42 D:\\url_sorter\\url-shortener\\vendor\\laravel\\framework\\src\\Illuminate\\Foundation\\Http\\Middleware\\TransformsRequest.php(21): Illuminate\\Pipeline\\Pipeline->{closure:Illuminate\\Pipeline\\Pipeline::prepareDestination():168}()
#43 D:\\url_sorter\\url-shortener\\vendor\\laravel\\framework\\src\\Illuminate\\Foundation\\Http\\Middleware\\ConvertEmptyStringsToNull.php(31): Illuminate\\Foundation\\Http\\Middleware\\TransformsRequest->handle()
#44 D:\\url_sorter\\url-shortener\\vendor\\laravel\\framework\\src\\Illuminate\\Pipeline\\Pipeline.php(209): Illuminate\\Foundation\\Http\\Middleware\\ConvertEmptyStringsToNull->handle()
#45 D:\\url_sorter\\url-shortener\\vendor\\laravel\\framework\\src\\Illuminate\\Foundation\\Http\\Middleware\\TransformsRequest.php(21): Illuminate\\Pipeline\\Pipeline->{closure:{closure:Illuminate\\Pipeline\\Pipeline::carry():184}:185}()
#46 D:\\url_sorter\\url-shortener\\vendor\\laravel\\framework\\src\\Illuminate\\Foundation\\Http\\Middleware\\TrimStrings.php(51): Illuminate\\Foundation\\Http\\Middleware\\TransformsRequest->handle()
#47 D:\\url_sorter\\url-shortener\\vendor\\laravel\\framework\\src\\Illuminate\\Pipeline\\Pipeline.php(209): Illuminate\\Foundation\\Http\\Middleware\\TrimStrings->handle()
#48 D:\\url_sorter\\url-shortener\\vendor\\laravel\\framework\\src\\Illuminate\\Http\\Middleware\\ValidatePostSize.php(27): Illuminate\\Pipeline\\Pipeline->{closure:{closure:Illuminate\\Pipeline\\Pipeline::carry():184}:185}()
#49 D:\\url_sorter\\url-shortener\\vendor\\laravel\\framework\\src\\Illuminate\\Pipeline\\Pipeline.php(209): Illuminate\\Http\\Middleware\\ValidatePostSize->handle()
#50 D:\\url_sorter\\url-shortener\\vendor\\laravel\\framework\\src\\Illuminate\\Foundation\\Http\\Middleware\\PreventRequestsDuringMaintenance.php(110): Illuminate\\Pipeline\\Pipeline->{closure:{closure:Illuminate\\Pipeline\\Pipeline::carry():184}:185}()
#51 D:\\url_sorter\\url-shortener\\vendor\\laravel\\framework\\src\\Illuminate\\Pipeline\\Pipeline.php(209): Illuminate\\Foundation\\Http\\Middleware\\PreventRequestsDuringMaintenance->handle()
#52 D:\\url_sorter\\url-shortener\\vendor\\laravel\\framework\\src\\Illuminate\\Http\\Middleware\\HandleCors.php(49): Illuminate\\Pipeline\\Pipeline->{closure:{closure:Illuminate\\Pipeline\\Pipeline::carry():184}:185}()
#53 D:\\url_sorter\\url-shortener\\vendor\\laravel\\framework\\src\\Illuminate\\Pipeline\\Pipeline.php(209): Illuminate\\Http\\Middleware\\HandleCors->handle()
#54 D:\\url_sorter\\url-shortener\\vendor\\laravel\\framework\\src\\Illuminate\\Http\\Middleware\\TrustProxies.php(58): Illuminate\\Pipeline\\Pipeline->{closure:{closure:Illuminate\\Pipeline\\Pipeline::carry():184}:185}()
#55 D:\\url_sorter\\url-shortener\\vendor\\laravel\\framework\\src\\Illuminate\\Pipeline\\Pipeline.php(209): Illuminate\\Http\\Middleware\\TrustProxies->handle()
#56 D:\\url_sorter\\url-shortener\\vendor\\laravel\\framework\\src\\Illuminate\\Foundation\\Http\\Middleware\\InvokeDeferredCallbacks.php(22): Illuminate\\Pipeline\\Pipeline->{closure:{closure:Illuminate\\Pipeline\\Pipeline::carry():184}:185}()
#57 D:\\url_sorter\\url-shortener\\vendor\\laravel\\framework\\src\\Illuminate\\Pipeline\\Pipeline.php(209): Illuminate\\Foundation\\Http\\Middleware\\InvokeDeferredCallbacks->handle()
#58 D:\\url_sorter\\url-shortener\\vendor\\laravel\\framework\\src\\Illuminate\\Pipeline\\Pipeline.php(127): Illuminate\\Pipeline\\Pipeline->{closure:{closure:Illuminate\\Pipeline\\Pipeline::carry():184}:185}()
#59 D:\\url_sorter\\url-shortener\\vendor\\laravel\\framework\\src\\Illuminate\\Foundation\\Http\\Kernel.php(176): Illuminate\\Pipeline\\Pipeline->then()
#60 D:\\url_sorter\\url-shortener\\vendor\\laravel\\framework\\src\\Illuminate\\Foundation\\Http\\Kernel.php(145): Illuminate\\Foundation\\Http\\Kernel->sendRequestThroughRouter()
#61 D:\\url_sorter\\url-shortener\\vendor\\laravel\\framework\\src\\Illuminate\\Foundation\\Application.php(1220): Illuminate\\Foundation\\Http\\Kernel->handle()
#62 D:\\url_sorter\\url-shortener\\public\\index.php(20): Illuminate\\Foundation\\Application->handleRequest()
#63 D:\\url_sorter\\url-shortener\\vendor\\laravel\\framework\\src\\Illuminate\\Foundation\\resources\\server.php(23): require_once('...')
#64 {main}

[previous exception] [object] (PDOException(code: 0): could not find driver at D:\\url_sorter\\url-shortener\\vendor\\laravel\\framework\\src\\Illuminate\\Database\\Connectors\\Connector.php:67)
[stacktrace]
#0 D:\\url_sorter\\url-shortener\\vendor\\laravel\\framework\\src\\Illuminate\\Database\\Connectors\\Connector.php(67): PDO::connect()
#1 D:\\url_sorter\\url-shortener\\vendor\\laravel\\framework\\src\\Illuminate\\Database\\Connectors\\Connector.php(44): Illuminate\\Database\\Connectors\\Connector->createPdoConnection()
#2 D:\\url_sorter\\url-shortener\\vendor\\laravel\\framework\\src\\Illuminate\\Database\\Connectors\\SQLiteConnector.php(40): Illuminate\\Database\\Connectors\\Connector->createConnection()
#3 D:\\url_sorter\\url-shortener\\vendor\\laravel\\framework\\src\\Illuminate\\Database\\Connectors\\ConnectionFactory.php(224): Illuminate\\Database\\Connectors\\SQLiteConnector->connect()
#4 [internal function]: Illuminate\\Database\\Connectors\\ConnectionFactory->{closure:Illuminate\\Database\\Connectors\\ConnectionFactory::createPdoResolverWithoutHosts():224}()
#5 D:\\url_sorter\\url-shortener\\vendor\\laravel\\framework\\src\\Illuminate\\Database\\Connection.php(1231): call_user_func()
#6 D:\\url_sorter\\url-shortener\\vendor\\laravel\\framework\\src\\Illuminate\\Database\\Connection.php(565): Illuminate\\Database\\Connection->getPdo()
#7 D:\\url_sorter\\url-shortener\\vendor\\laravel\\framework\\src\\Illuminate\\Database\\Connection.php(812): Illuminate\\Database\\Connection->{closure:Illuminate\\Database\\Connection::statement():560}()
#8 D:\\url_sorter\\url-shortener\\vendor\\laravel\\framework\\src\\Illuminate\\Database\\Connection.php(779): Illuminate\\Database\\Connection->runQueryCallback()
#9 D:\\url_sorter\\url-shortener\\vendor\\laravel\\framework\\src\\Illuminate\\Database\\Connection.php(560): Illuminate\\Database\\Connection->run()
#10 D:\\url_sorter\\url-shortener\\vendor\\laravel\\framework\\src\\Illuminate\\Database\\Schema\\Builder.php(522): Illuminate\\Database\\Connection->statement()
#11 D:\\url_sorter\\url-shortener\\vendor\\laravel\\framework\\src\\Illuminate\\Database\\SQLiteConnection.php(59): Illuminate\\Database\\Schema\\Builder->enableForeignKeyConstraints()
#12 D:\\url_sorter\\url-shortener\\vendor\\laravel\\framework\\src\\Illuminate\\Database\\SQLiteConnection.php(28): Illuminate\\Database\\SQLiteConnection->configureForeignKeyConstraints()
#13 D:\\url_sorter\\url-shortener\\vendor\\laravel\\framework\\src\\Illuminate\\Database\\Connectors\\ConnectionFactory.php(277): Illuminate\\Database\\SQLiteConnection->__construct()
#14 D:\\url_sorter\\url-shortener\\vendor\\laravel\\framework\\src\\Illuminate\\Database\\Connectors\\ConnectionFactory.php(76): Illuminate\\Database\\Connectors\\ConnectionFactory->createConnection()
#15 D:\\url_sorter\\url-shortener\\vendor\\laravel\\framework\\src\\Illuminate\\Database\\Connectors\\ConnectionFactory.php(51): Illuminate\\Database\\Connectors\\ConnectionFactory->createSingleConnection()
#16 D:\\url_sorter\\url-shortener\\vendor\\laravel\\framework\\src\\Illuminate\\Database\\DatabaseManager.php(207): Illuminate\\Database\\Connectors\\ConnectionFactory->make()
#17 D:\\url_sorter\\url-shortener\\vendor\\laravel\\framework\\src\\Illuminate\\Database\\DatabaseManager.php(103): Illuminate\\Database\\DatabaseManager->makeConnection()
#18 D:\\url_sorter\\url-shortener\\vendor\\laravel\\framework\\src\\Illuminate\\Session\\SessionManager.php(108): Illuminate\\Database\\DatabaseManager->connection()
#19 D:\\url_sorter\\url-shortener\\vendor\\laravel\\framework\\src\\Illuminate\\Session\\SessionManager.php(95): Illuminate\\Session\\SessionManager->getDatabaseConnection()
#20 D:\\url_sorter\\url-shortener\\vendor\\laravel\\framework\\src\\Illuminate\\Support\\Manager.php(106): Illuminate\\Session\\SessionManager->createDatabaseDriver()
#21 D:\\url_sorter\\url-shortener\\vendor\\laravel\\framework\\src\\Illuminate\\Support\\Manager.php(80): Illuminate\\Support\\Manager->createDriver()
#22 D:\\url_sorter\\url-shortener\\vendor\\laravel\\framework\\src\\Illuminate\\Session\\SessionServiceProvider.php(52): Illuminate\\Support\\Manager->driver()
#23 D:\\url_sorter\\url-shortener\\vendor\\laravel\\framework\\src\\Illuminate\\Container\\Container.php(952): Illuminate\\Session\\SessionServiceProvider->{closure:Illuminate\\Session\\SessionServiceProvider::registerSessionDriver():48}()
#24 D:\\url_sorter\\url-shortener\\vendor\\laravel\\framework\\src\\Illuminate\\Container\\Container.php(832): Illuminate\\Container\\Container->build()
#25 D:\\url_sorter\\url-shortener\\vendor\\laravel\\framework\\src\\Illuminate\\Foundation\\Application.php(1078): Illuminate\\Container\\Container->resolve()
#26 D:\\url_sorter\\url-shortener\\vendor\\laravel\\framework\\src\\Illuminate\\Container\\Container.php(763): Illuminate\\Foundation\\Application->resolve()
#27 D:\\url_sorter\\url-shortener\\vendor\\laravel\\framework\\src\\Illuminate\\Foundation\\Application.php(1058): Illuminate\\Container\\Container->make()
#28 D:\\url_sorter\\url-shortener\\vendor\\laravel\\framework\\src\\Illuminate\\Container\\Container.php(1580): Illuminate\\Foundation\\Application->make()
#29 D:\\url_sorter\\url-shortener\\vendor\\laravel\\framework\\src\\Illuminate\\Routing\\RoutingServiceProvider.php(121): Illuminate\\Container\\Container->offsetGet()
#30 D:\\url_sorter\\url-shortener\\vendor\\laravel\\framework\\src\\Illuminate\\Container\\Container.php(952): Illuminate\\Routing\\RoutingServiceProvider->{closure:Illuminate\\Routing\\RoutingServiceProvider::registerRedirector():114}()
#31 D:\\url_sorter\\url-shortener\\vendor\\laravel\\framework\\src\\Illuminate\\Container\\Container.php(832): Illuminate\\Container\\Container->build()
#32 D:\\url_sorter\\url-shortener\\vendor\\laravel\\framework\\src\\Illuminate\\Foundation\\Application.php(1078): Illuminate\\Container\\Container->resolve()
#33 D:\\url_sorter\\url-shortener\\vendor\\laravel\\framework\\src\\Illuminate\\Container\\Container.php(763): Illuminate\\Foundation\\Application->resolve()
#34 D:\\url_sorter\\url-shortener\\vendor\\laravel\\framework\\src\\Illuminate\\Foundation\\Application.php(1058): Illuminate\\Container\\Container->make()
#35 D:\\url_sorter\\url-shortener\\vendor\\laravel\\framework\\src\\Illuminate\\Container\\Container.php(1580): Illuminate\\Foundation\\Application->make()
#36 D:\\url_sorter\\url-shortener\\vendor\\laravel\\framework\\src\\Illuminate\\Routing\\RoutingServiceProvider.php(177): Illuminate\\Container\\Container->offsetGet()
#37 D:\\url_sorter\\url-shortener\\vendor\\laravel\\framework\\src\\Illuminate\\Container\\Container.php(952): Illuminate\\Routing\\RoutingServiceProvider->{closure:Illuminate\\Routing\\RoutingServiceProvider::registerResponseFactory():176}()
#38 D:\\url_sorter\\url-shortener\\vendor\\laravel\\framework\\src\\Illuminate\\Container\\Container.php(832): Illuminate\\Container\\Container->build()
#39 D:\\url_sorter\\url-shortener\\vendor\\laravel\\framework\\src\\Illuminate\\Foundation\\Application.php(1078): Illuminate\\Container\\Container->resolve()
#40 D:\\url_sorter\\url-shortener\\vendor\\laravel\\framework\\src\\Illuminate\\Container\\Container.php(763): Illuminate\\Foundation\\Application->resolve()
#41 D:\\url_sorter\\url-shortener\\vendor\\laravel\\framework\\src\\Illuminate\\Foundation\\Application.php(1058): Illuminate\\Container\\Container->make()
#42 D:\\url_sorter\\url-shortener\\vendor\\laravel\\framework\\src\\Illuminate\\Foundation\\helpers.php(124): Illuminate\\Foundation\\Application->make()
#43 D:\\url_sorter\\url-shortener\\vendor\\laravel\\framework\\src\\Illuminate\\Foundation\\helpers.php(832): app()
#44 D:\\url_sorter\\url-shortener\\vendor\\laravel\\framework\\src\\Illuminate\\Foundation\\Exceptions\\Handler.php(894): response()
#45 D:\\url_sorter\\url-shortener\\vendor\\laravel\\framework\\src\\Illuminate\\Foundation\\Exceptions\\Handler.php(815): Illuminate\\Foundation\\Exceptions\\Handler->renderHttpException()
#46 D:\\url_sorter\\url-shortener\\vendor\\laravel\\framework\\src\\Illuminate\\Foundation\\Exceptions\\Handler.php(706): Illuminate\\Foundation\\Exceptions\\Handler->prepareResponse()
#47 D:\\url_sorter\\url-shortener\\vendor\\laravel\\framework\\src\\Illuminate\\Foundation\\Exceptions\\Handler.php(594): Illuminate\\Foundation\\Exceptions\\Handler->renderExceptionResponse()
#48 D:\\url_sorter\\url-shortener\\vendor\\laravel\\framework\\src\\Illuminate\\Routing\\Pipeline.php(51): Illuminate\\Foundation\\Exceptions\\Handler->render()
#49 D:\\url_sorter\\url-shortener\\vendor\\laravel\\framework\\src\\Illuminate\\Pipeline\\Pipeline.php(172): Illuminate\\Routing\\Pipeline->handleException()
#50 D:\\url_sorter\\url-shortener\\vendor\\laravel\\framework\\src\\Illuminate\\Foundation\\Http\\Middleware\\TransformsRequest.php(21): Illuminate\\Pipeline\\Pipeline->{closure:Illuminate\\Pipeline\\Pipeline::prepareDestination():168}()
#51 D:\\url_sorter\\url-shortener\\vendor\\laravel\\framework\\src\\Illuminate\\Foundation\\Http\\Middleware\\ConvertEmptyStringsToNull.php(31): Illuminate\\Foundation\\Http\\Middleware\\TransformsRequest->handle()
#52 D:\\url_sorter\\url-shortener\\vendor\\laravel\\framework\\src\\Illuminate\\Pipeline\\Pipeline.php(209): Illuminate\\Foundation\\Http\\Middleware\\ConvertEmptyStringsToNull->handle()
#53 D:\\url_sorter\\url-shortener\\vendor\\laravel\\framework\\src\\Illuminate\\Foundation\\Http\\Middleware\\TransformsRequest.php(21): Illuminate\\Pipeline\\Pipeline->{closure:{closure:Illuminate\\Pipeline\\Pipeline::carry():184}:185}()
#54 D:\\url_sorter\\url-shortener\\vendor\\laravel\\framework\\src\\Illuminate\\Foundation\\Http\\Middleware\\TrimStrings.php(51): Illuminate\\Foundation\\Http\\Middleware\\TransformsRequest->handle()
#55 D:\\url_sorter\\url-shortener\\vendor\\laravel\\framework\\src\\Illuminate\\Pipeline\\Pipeline.php(209): Illuminate\\Foundation\\Http\\Middleware\\TrimStrings->handle()
#56 D:\\url_sorter\\url-shortener\\vendor\\laravel\\framework\\src\\Illuminate\\Http\\Middleware\\ValidatePostSize.php(27): Illuminate\\Pipeline\\Pipeline->{closure:{closure:Illuminate\\Pipeline\\Pipeline::carry():184}:185}()
#57 D:\\url_sorter\\url-shortener\\vendor\\laravel\\framework\\src\\Illuminate\\Pipeline\\Pipeline.php(209): Illuminate\\Http\\Middleware\\ValidatePostSize->handle()
#58 D:\\url_sorter\\url-shortener\\vendor\\laravel\\framework\\src\\Illuminate\\Foundation\\Http\\Middleware\\PreventRequestsDuringMaintenance.php(110): Illuminate\\Pipeline\\Pipeline->{closure:{closure:Illuminate\\Pipeline\\Pipeline::carry():184}:185}()
#59 D:\\url_sorter\\url-shortener\\vendor\\laravel\\framework\\src\\Illuminate\\Pipeline\\Pipeline.php(209): Illuminate\\Foundation\\Http\\Middleware\\PreventRequestsDuringMaintenance->handle()
#60 D:\\url_sorter\\url-shortener\\vendor\\laravel\\framework\\src\\Illuminate\\Http\\Middleware\\HandleCors.php(49): Illuminate\\Pipeline\\Pipeline->{closure:{closure:Illuminate\\Pipeline\\Pipeline::carry():184}:185}()
#61 D:\\url_sorter\\url-shortener\\vendor\\laravel\\framework\\src\\Illuminate\\Pipeline\\Pipeline.php(209): Illuminate\\Http\\Middleware\\HandleCors->handle()
#62 D:\\url_sorter\\url-shortener\\vendor\\laravel\\framework\\src\\Illuminate\\Http\\Middleware\\TrustProxies.php(58): Illuminate\\Pipeline\\Pipeline->{closure:{closure:Illuminate\\Pipeline\\Pipeline::carry():184}:185}()
#63 D:\\url_sorter\\url-shortener\\vendor\\laravel\\framework\\src\\Illuminate\\Pipeline\\Pipeline.php(209): Illuminate\\Http\\Middleware\\TrustProxies->handle()
#64 D:\\url_sorter\\url-shortener\\vendor\\laravel\\framework\\src\\Illuminate\\Foundation\\Http\\Middleware\\InvokeDeferredCallbacks.php(22): Illuminate\\Pipeline\\Pipeline->{closure:{closure:Illuminate\\Pipeline\\Pipeline::carry():184}:185}()
#65 D:\\url_sorter\\url-shortener\\vendor\\laravel\\framework\\src\\Illuminate\\Pipeline\\Pipeline.php(209): Illuminate\\Foundation\\Http\\Middleware\\InvokeDeferredCallbacks->handle()
#66 D:\\url_sorter\\url-shortener\\vendor\\laravel\\framework\\src\\Illuminate\\Pipeline\\Pipeline.php(127): Illuminate\\Pipeline\\Pipeline->{closure:{closure:Illuminate\\Pipeline\\Pipeline::carry():184}:185}()
#67 D:\\url_sorter\\url-shortener\\vendor\\laravel\\framework\\src\\Illuminate\\Foundation\\Http\\Kernel.php(176): Illuminate\\Pipeline\\Pipeline->then()
#68 D:\\url_sorter\\url-shortener\\vendor\\laravel\\framework\\src\\Illuminate\\Foundation\\Http\\Kernel.php(145): Illuminate\\Foundation\\Http\\Kernel->sendRequestThroughRouter()
#69 D:\\url_sorter\\url-shortener\\vendor\\laravel\\framework\\src\\Illuminate\\Foundation\\Application.php(1220): Illuminate\\Foundation\\Http\\Kernel->handle()
#70 D:\\url_sorter\\url-shortener\\public\\index.php(20): Illuminate\\Foundation\\Application->handleRequest()
#71 D:\\url_sorter\\url-shortener\\vendor\\laravel\\framework\\src\\Illuminate\\Foundation\\resources\\server.php(23): require_once('...')
#72 {main}
"} 
[2025-12-06 17:15:50] local.ERROR: could not find driver (Connection: sqlite, SQL: PRAGMA foreign_keys = ON;) {"exception":"[object] (Illuminate\\Database\\QueryException(code: 0): could not find driver (Connection: sqlite, SQL: PRAGMA foreign_keys = ON;) at D:\\url_sorter\\url-shortener\\vendor\\laravel\\framework\\src\\Illuminate\\Database\\Connection.php:825)
[stacktrace]
#0 D:\\url_sorter\\url-shortener\\vendor\\laravel\\framework\\src\\Illuminate\\Database\\Connection.php(779): Illuminate\\Database\\Connection->runQueryCallback()
#1 D:\\url_sorter\\url-shortener\\vendor\\laravel\\framework\\src\\Illuminate\\Database\\Connection.php(560): Illuminate\\Database\\Connection->run()
#2 D:\\url_sorter\\url-shortener\\vendor\\laravel\\framework\\src\\Illuminate\\Database\\Schema\\Builder.php(522): Illuminate\\Database\\Connection->statement()
#3 D:\\url_sorter\\url-shortener\\vendor\\laravel\\framework\\src\\Illuminate\\Database\\SQLiteConnection.php(59): Illuminate\\Database\\Schema\\Builder->enableForeignKeyConstraints()
#4 D:\\url_sorter\\url-shortener\\vendor\\laravel\\framework\\src\\Illuminate\\Database\\SQLiteConnection.php(28): Illuminate\\Database\\SQLiteConnection->configureForeignKeyConstraints()
#5 D:\\url_sorter\\url-shortener\\vendor\\laravel\\framework\\src\\Illuminate\\Database\\Connectors\\ConnectionFactory.php(277): Illuminate\\Database\\SQLiteConnection->__construct()
#6 D:\\url_sorter\\url-shortener\\vendor\\laravel\\framework\\src\\Illuminate\\Database\\Connectors\\ConnectionFactory.php(76): Illuminate\\Database\\Connectors\\ConnectionFactory->createConnection()
#7 D:\\url_sorter\\url-shortener\\vendor\\laravel\\framework\\src\\Illuminate\\Database\\Connectors\\ConnectionFactory.php(51): Illuminate\\Database\\Connectors\\ConnectionFactory->createSingleConnection()
#8 D:\\url_sorter\\url-shortener\\vendor\\laravel\\framework\\src\\Illuminate\\Database\\DatabaseManager.php(207): Illuminate\\Database\\Connectors\\ConnectionFactory->make()
#9 D:\\url_sorter\\url-shortener\\vendor\\laravel\\framework\\src\\Illuminate\\Database\\DatabaseManager.php(103): Illuminate\\Database\\DatabaseManager->makeConnection()
#10 D:\\url_sorter\\url-shortener\\vendor\\laravel\\framework\\src\\Illuminate\\Session\\SessionManager.php(108): Illuminate\\Database\\DatabaseManager->connection()
#11 D:\\url_sorter\\url-shortener\\vendor\\laravel\\framework\\src\\Illuminate\\Session\\SessionManager.php(95): Illuminate\\Session\\SessionManager->getDatabaseConnection()
#12 D:\\url_sorter\\url-shortener\\vendor\\laravel\\framework\\src\\Illuminate\\Support\\Manager.php(106): Illuminate\\Session\\SessionManager->createDatabaseDriver()
#13 D:\\url_sorter\\url-shortener\\vendor\\laravel\\framework\\src\\Illuminate\\Support\\Manager.php(80): Illuminate\\Support\\Manager->createDriver()
#14 D:\\url_sorter\\url-shortener\\vendor\\laravel\\framework\\src\\Illuminate\\Session\\SessionServiceProvider.php(52): Illuminate\\Support\\Manager->driver()
#15 D:\\url_sorter\\url-shortener\\vendor\\laravel\\framework\\src\\Illuminate\\Container\\Container.php(952): Illuminate\\Session\\SessionServiceProvider->{closure:Illuminate\\Session\\SessionServiceProvider::registerSessionDriver():48}()
#16 D:\\url_sorter\\url-shortener\\vendor\\laravel\\framework\\src\\Illuminate\\Container\\Container.php(832): Illuminate\\Container\\Container->build()
#17 D:\\url_sorter\\url-shortener\\vendor\\laravel\\framework\\src\\Illuminate\\Foundation\\Application.php(1078): Illuminate\\Container\\Container->resolve()
#18 D:\\url_sorter\\url-shortener\\vendor\\laravel\\framework\\src\\Illuminate\\Container\\Container.php(763): Illuminate\\Foundation\\Application->resolve()
#19 D:\\url_sorter\\url-shortener\\vendor\\laravel\\framework\\src\\Illuminate\\Foundation\\Application.php(1058): Illuminate\\Container\\Container->make()
#20 D:\\url_sorter\\url-shortener\\vendor\\laravel\\framework\\src\\Illuminate\\Container\\Container.php(1580): Illuminate\\Foundation\\Application->make()
#21 D:\\url_sorter\\url-shortener\\vendor\\laravel\\framework\\src\\Illuminate\\Routing\\RoutingServiceProvider.php(121): Illuminate\\Container\\Container->offsetGet()
#22 D:\\url_sorter\\url-shortener\\vendor\\laravel\\framework\\src\\Illuminate\\Container\\Container.php(952): Illuminate\\Routing\\RoutingServiceProvider->{closure:Illuminate\\Routing\\RoutingServiceProvider::registerRedirector():114}()
#23 D:\\url_sorter\\url-shortener\\vendor\\laravel\\framework\\src\\Illuminate\\Container\\Container.php(832): Illuminate\\Container\\Container->build()
#24 D:\\url_sorter\\url-shortener\\vendor\\laravel\\framework\\src\\Illuminate\\Foundation\\Application.php(1078): Illuminate\\Container\\Container->resolve()
#25 D:\\url_sorter\\url-shortener\\vendor\\laravel\\framework\\src\\Illuminate\\Container\\Container.php(763): Illuminate\\Foundation\\Application->resolve()
#26 D:\\url_sorter\\url-shortener\\vendor\\laravel\\framework\\src\\Illuminate\\Foundation\\Application.php(1058): Illuminate\\Container\\Container->make()
#27 D:\\url_sorter\\url-shortener\\vendor\\laravel\\framework\\src\\Illuminate\\Container\\Container.php(1580): Illuminate\\Foundation\\Application->make()
#28 D:\\url_sorter\\url-shortener\\vendor\\laravel\\framework\\src\\Illuminate\\Routing\\RoutingServiceProvider.php(177): Illuminate\\Container\\Container->offsetGet()
#29 D:\\url_sorter\\url-shortener\\vendor\\laravel\\framework\\src\\Illuminate\\Container\\Container.php(952): Illuminate\\Routing\\RoutingServiceProvider->{closure:Illuminate\\Routing\\RoutingServiceProvider::registerResponseFactory():176}()
#30 D:\\url_sorter\\url-shortener\\vendor\\laravel\\framework\\src\\Illuminate\\Container\\Container.php(832): Illuminate\\Container\\Container->build()
#31 D:\\url_sorter\\url-shortener\\vendor\\laravel\\framework\\src\\Illuminate\\Foundation\\Application.php(1078): Illuminate\\Container\\Container->resolve()
#32 D:\\url_sorter\\url-shortener\\vendor\\laravel\\framework\\src\\Illuminate\\Container\\Container.php(763): Illuminate\\Foundation\\Application->resolve()
#33 D:\\url_sorter\\url-shortener\\vendor\\laravel\\framework\\src\\Illuminate\\Foundation\\Application.php(1058): Illuminate\\Container\\Container->make()
#34 D:\\url_sorter\\url-shortener\\vendor\\laravel\\framework\\src\\Illuminate\\Foundation\\helpers.php(124): Illuminate\\Foundation\\Application->make()
#35 D:\\url_sorter\\url-shortener\\vendor\\laravel\\framework\\src\\Illuminate\\Foundation\\helpers.php(832): app()
#36 D:\\url_sorter\\url-shortener\\vendor\\laravel\\framework\\src\\Illuminate\\Foundation\\Exceptions\\Handler.php(894): response()
#37 D:\\url_sorter\\url-shortener\\vendor\\laravel\\framework\\src\\Illuminate\\Foundation\\Exceptions\\Handler.php(815): Illuminate\\Foundation\\Exceptions\\Handler->renderHttpException()
#38 D:\\url_sorter\\url-shortener\\vendor\\laravel\\framework\\src\\Illuminate\\Foundation\\Exceptions\\Handler.php(706): Illuminate\\Foundation\\Exceptions\\Handler->prepareResponse()
#39 D:\\url_sorter\\url-shortener\\vendor\\laravel\\framework\\src\\Illuminate\\Foundation\\Exceptions\\Handler.php(594): Illuminate\\Foundation\\Exceptions\\Handler->renderExceptionResponse()
#40 D:\\url_sorter\\url-shortener\\vendor\\laravel\\framework\\src\\Illuminate\\Routing\\Pipeline.php(51): Illuminate\\Foundation\\Exceptions\\Handler->render()
#41 D:\\url_sorter\\url-shortener\\vendor\\laravel\\framework\\src\\Illuminate\\Pipeline\\Pipeline.php(172): Illuminate\\Routing\\Pipeline->handleException()
#42 D:\\url_sorter\\url-shortener\\vendor\\laravel\\framework\\src\\Illuminate\\Foundation\\Http\\Middleware\\TransformsRequest.php(21): Illuminate\\Pipeline\\Pipeline->{closure:Illuminate\\Pipeline\\Pipeline::prepareDestination():168}()
#43 D:\\url_sorter\\url-shortener\\vendor\\laravel\\framework\\src\\Illuminate\\Foundation\\Http\\Middleware\\ConvertEmptyStringsToNull.php(31): Illuminate\\Foundation\\Http\\Middleware\\TransformsRequest->handle()
#44 D:\\url_sorter\\url-shortener\\vendor\\laravel\\framework\\src\\Illuminate\\Pipeline\\Pipeline.php(209): Illuminate\\Foundation\\Http\\Middleware\\ConvertEmptyStringsToNull->handle()
#45 D:\\url_sorter\\url-shortener\\vendor\\laravel\\framework\\src\\Illuminate\\Foundation\\Http\\Middleware\\TransformsRequest.php(21): Illuminate\\Pipeline\\Pipeline->{closure:{closure:Illuminate\\Pipeline\\Pipeline::carry():184}:185}()
#46 D:\\url_sorter\\url-shortener\\vendor\\laravel\\framework\\src\\Illuminate\\Foundation\\Http\\Middleware\\TrimStrings.php(51): Illuminate\\Foundation\\Http\\Middleware\\TransformsRequest->handle()
#47 D:\\url_sorter\\url-shortener\\vendor\\laravel\\framework\\src\\Illuminate\\Pipeline\\Pipeline.php(209): Illuminate\\Foundation\\Http\\Middleware\\TrimStrings->handle()
#48 D:\\url_sorter\\url-shortener\\vendor\\laravel\\framework\\src\\Illuminate\\Http\\Middleware\\ValidatePostSize.php(27): Illuminate\\Pipeline\\Pipeline->{closure:{closure:Illuminate\\Pipeline\\Pipeline::carry():184}:185}()
#49 D:\\url_sorter\\url-shortener\\vendor\\laravel\\framework\\src\\Illuminate\\Pipeline\\Pipeline.php(209): Illuminate\\Http\\Middleware\\ValidatePostSize->handle()
#50 D:\\url_sorter\\url-shortener\\vendor\\laravel\\framework\\src\\Illuminate\\Foundation\\Http\\Middleware\\PreventRequestsDuringMaintenance.php(110): Illuminate\\Pipeline\\Pipeline->{closure:{closure:Illuminate\\Pipeline\\Pipeline::carry():184}:185}()
#51 D:\\url_sorter\\url-shortener\\vendor\\laravel\\framework\\src\\Illuminate\\Pipeline\\Pipeline.php(209): Illuminate\\Foundation\\Http\\Middleware\\PreventRequestsDuringMaintenance->handle()
#52 D:\\url_sorter\\url-shortener\\vendor\\laravel\\framework\\src\\Illuminate\\Http\\Middleware\\HandleCors.php(49): Illuminate\\Pipeline\\Pipeline->{closure:{closure:Illuminate\\Pipeline\\Pipeline::carry():184}:185}()
#53 D:\\url_sorter\\url-shortener\\vendor\\laravel\\framework\\src\\Illuminate\\Pipeline\\Pipeline.php(209): Illuminate\\Http\\Middleware\\HandleCors->handle()
#54 D:\\url_sorter\\url-shortener\\vendor\\laravel\\framework\\src\\Illuminate\\Http\\Middleware\\TrustProxies.php(58): Illuminate\\Pipeline\\Pipeline->{closure:{closure:Illuminate\\Pipeline\\Pipeline::carry():184}:185}()
#55 D:\\url_sorter\\url-shortener\\vendor\\laravel\\framework\\src\\Illuminate\\Pipeline\\Pipeline.php(209): Illuminate\\Http\\Middleware\\TrustProxies->handle()
#56 D:\\url_sorter\\url-shortener\\vendor\\laravel\\framework\\src\\Illuminate\\Foundation\\Http\\Middleware\\InvokeDeferredCallbacks.php(22): Illuminate\\Pipeline\\Pipeline->{closure:{closure:Illuminate\\Pipeline\\Pipeline::carry():184}:185}()
#57 D:\\url_sorter\\url-shortener\\vendor\\laravel\\framework\\src\\Illuminate\\Pipeline\\Pipeline.php(209): Illuminate\\Foundation\\Http\\Middleware\\InvokeDeferredCallbacks->handle()
#58 D:\\url_sorter\\url-shortener\\vendor\\laravel\\framework\\src\\Illuminate\\Pipeline\\Pipeline.php(127): Illuminate\\Pipeline\\Pipeline->{closure:{closure:Illuminate\\Pipeline\\Pipeline::carry():184}:185}()
#59 D:\\url_sorter\\url-shortener\\vendor\\laravel\\framework\\src\\Illuminate\\Foundation\\Http\\Kernel.php(176): Illuminate\\Pipeline\\Pipeline->then()
#60 D:\\url_sorter\\url-shortener\\vendor\\laravel\\framework\\src\\Illuminate\\Foundation\\Http\\Kernel.php(145): Illuminate\\Foundation\\Http\\Kernel->sendRequestThroughRouter()
#61 D:\\url_sorter\\url-shortener\\vendor\\laravel\\framework\\src\\Illuminate\\Foundation\\Application.php(1220): Illuminate\\Foundation\\Http\\Kernel->handle()
#62 D:\\url_sorter\\url-shortener\\public\\index.php(20): Illuminate\\Foundation\\Application->handleRequest()
#63 D:\\url_sorter\\url-shortener\\vendor\\laravel\\framework\\src\\Illuminate\\Foundation\\resources\\server.php(23): require_once('...')
#64 {main}

[previous exception] [object] (PDOException(code: 0): could not find driver at D:\\url_sorter\\url-shortener\\vendor\\laravel\\framework\\src\\Illuminate\\Database\\Connectors\\Connector.php:67)
[stacktrace]
#0 D:\\url_sorter\\url-shortener\\vendor\\laravel\\framework\\src\\Illuminate\\Database\\Connectors\\Connector.php(67): PDO::connect()
#1 D:\\url_sorter\\url-shortener\\vendor\\laravel\\framework\\src\\Illuminate\\Database\\Connectors\\Connector.php(44): Illuminate\\Database\\Connectors\\Connector->createPdoConnection()
#2 D:\\url_sorter\\url-shortener\\vendor\\laravel\\framework\\src\\Illuminate\\Database\\Connectors\\SQLiteConnector.php(40): Illuminate\\Database\\Connectors\\Connector->createConnection()
#3 D:\\url_sorter\\url-shortener\\vendor\\laravel\\framework\\src\\Illuminate\\Database\\Connectors\\ConnectionFactory.php(224): Illuminate\\Database\\Connectors\\SQLiteConnector->connect()
#4 [internal function]: Illuminate\\Database\\Connectors\\ConnectionFactory->{closure:Illuminate\\Database\\Connectors\\ConnectionFactory::createPdoResolverWithoutHosts():224}()
#5 D:\\url_sorter\\url-shortener\\vendor\\laravel\\framework\\src\\Illuminate\\Database\\Connection.php(1231): call_user_func()
#6 D:\\url_sorter\\url-shortener\\vendor\\laravel\\framework\\src\\Illuminate\\Database\\Connection.php(565): Illuminate\\Database\\Connection->getPdo()
#7 D:\\url_sorter\\url-shortener\\vendor\\laravel\\framework\\src\\Illuminate\\Database\\Connection.php(812): Illuminate\\Database\\Connection->{closure:Illuminate\\Database\\Connection::statement():560}()
#8 D:\\url_sorter\\url-shortener\\vendor\\laravel\\framework\\src\\Illuminate\\Database\\Connection.php(779): Illuminate\\Database\\Connection->runQueryCallback()
#9 D:\\url_sorter\\url-shortener\\vendor\\laravel\\framework\\src\\Illuminate\\Database\\Connection.php(560): Illuminate\\Database\\Connection->run()
#10 D:\\url_sorter\\url-shortener\\vendor\\laravel\\framework\\src\\Illuminate\\Database\\Schema\\Builder.php(522): Illuminate\\Database\\Connection->statement()
#11 D:\\url_sorter\\url-shortener\\vendor\\laravel\\framework\\src\\Illuminate\\Database\\SQLiteConnection.php(59): Illuminate\\Database\\Schema\\Builder->enableForeignKeyConstraints()
#12 D:\\url_sorter\\url-shortener\\vendor\\laravel\\framework\\src\\Illuminate\\Database\\SQLiteConnection.php(28): Illuminate\\Database\\SQLiteConnection->configureForeignKeyConstraints()
#13 D:\\url_sorter\\url-shortener\\vendor\\laravel\\framework\\src\\Illuminate\\Database\\Connectors\\ConnectionFactory.php(277): Illuminate\\Database\\SQLiteConnection->__construct()
#14 D:\\url_sorter\\url-shortener\\vendor\\laravel\\framework\\src\\Illuminate\\Database\\Connectors\\ConnectionFactory.php(76): Illuminate\\Database\\Connectors\\ConnectionFactory->createConnection()
#15 D:\\url_sorter\\url-shortener\\vendor\\laravel\\framework\\src\\Illuminate\\Database\\Connectors\\ConnectionFactory.php(51): Illuminate\\Database\\Connectors\\ConnectionFactory->createSingleConnection()
#16 D:\\url_sorter\\url-shortener\\vendor\\laravel\\framework\\src\\Illuminate\\Database\\DatabaseManager.php(207): Illuminate\\Database\\Connectors\\ConnectionFactory->make()
#17 D:\\url_sorter\\url-shortener\\vendor\\laravel\\framework\\src\\Illuminate\\Database\\DatabaseManager.php(103): Illuminate\\Database\\DatabaseManager->makeConnection()
#18 D:\\url_sorter\\url-shortener\\vendor\\laravel\\framework\\src\\Illuminate\\Session\\SessionManager.php(108): Illuminate\\Database\\DatabaseManager->connection()
#19 D:\\url_sorter\\url-shortener\\vendor\\laravel\\framework\\src\\Illuminate\\Session\\SessionManager.php(95): Illuminate\\Session\\SessionManager->getDatabaseConnection()
#20 D:\\url_sorter\\url-shortener\\vendor\\laravel\\framework\\src\\Illuminate\\Support\\Manager.php(106): Illuminate\\Session\\SessionManager->createDatabaseDriver()
#21 D:\\url_sorter\\url-shortener\\vendor\\laravel\\framework\\src\\Illuminate\\Support\\Manager.php(80): Illuminate\\Support\\Manager->createDriver()
#22 D:\\url_sorter\\url-shortener\\vendor\\laravel\\framework\\src\\Illuminate\\Session\\SessionServiceProvider.php(52): Illuminate\\Support\\Manager->driver()
#23 D:\\url_sorter\\url-shortener\\vendor\\laravel\\framework\\src\\Illuminate\\Container\\Container.php(952): Illuminate\\Session\\SessionServiceProvider->{closure:Illuminate\\Session\\SessionServiceProvider::registerSessionDriver():48}()
#24 D:\\url_sorter\\url-shortener\\vendor\\laravel\\framework\\src\\Illuminate\\Container\\Container.php(832): Illuminate\\Container\\Container->build()
#25 D:\\url_sorter\\url-shortener\\vendor\\laravel\\framework\\src\\Illuminate\\Foundation\\Application.php(1078): Illuminate\\Container\\Container->resolve()
#26 D:\\url_sorter\\url-shortener\\vendor\\laravel\\framework\\src\\Illuminate\\Container\\Container.php(763): Illuminate\\Foundation\\Application->resolve()
#27 D:\\url_sorter\\url-shortener\\vendor\\laravel\\framework\\src\\Illuminate\\Foundation\\Application.php(1058): Illuminate\\Container\\Container->make()
#28 D:\\url_sorter\\url-shortener\\vendor\\laravel\\framework\\src\\Illuminate\\Container\\Container.php(1580): Illuminate\\Foundation\\Application->make()
#29 D:\\url_sorter\\url-shortener\\vendor\\laravel\\framework\\src\\Illuminate\\Routing\\RoutingServiceProvider.php(121): Illuminate\\Container\\Container->offsetGet()
#30 D:\\url_sorter\\url-shortener\\vendor\\laravel\\framework\\src\\Illuminate\\Container\\Container.php(952): Illuminate\\Routing\\RoutingServiceProvider->{closure:Illuminate\\Routing\\RoutingServiceProvider::registerRedirector():114}()
#31 D:\\url_sorter\\url-shortener\\vendor\\laravel\\framework\\src\\Illuminate\\Container\\Container.php(832): Illuminate\\Container\\Container->build()
#32 D:\\url_sorter\\url-shortener\\vendor\\laravel\\framework\\src\\Illuminate\\Foundation\\Application.php(1078): Illuminate\\Container\\Container->resolve()
#33 D:\\url_sorter\\url-shortener\\vendor\\laravel\\framework\\src\\Illuminate\\Container\\Container.php(763): Illuminate\\Foundation\\Application->resolve()
#34 D:\\url_sorter\\url-shortener\\vendor\\laravel\\framework\\src\\Illuminate\\Foundation\\Application.php(1058): Illuminate\\Container\\Container->make()
#35 D:\\url_sorter\\url-shortener\\vendor\\laravel\\framework\\src\\Illuminate\\Container\\Container.php(1580): Illuminate\\Foundation\\Application->make()
#36 D:\\url_sorter\\url-shortener\\vendor\\laravel\\framework\\src\\Illuminate\\Routing\\RoutingServiceProvider.php(177): Illuminate\\Container\\Container->offsetGet()
#37 D:\\url_sorter\\url-shortener\\vendor\\laravel\\framework\\src\\Illuminate\\Container\\Container.php(952): Illuminate\\Routing\\RoutingServiceProvider->{closure:Illuminate\\Routing\\RoutingServiceProvider::registerResponseFactory():176}()
#38 D:\\url_sorter\\url-shortener\\vendor\\laravel\\framework\\src\\Illuminate\\Container\\Container.php(832): Illuminate\\Container\\Container->build()
#39 D:\\url_sorter\\url-shortener\\vendor\\laravel\\framework\\src\\Illuminate\\Foundation\\Application.php(1078): Illuminate\\Container\\Container->resolve()
#40 D:\\url_sorter\\url-shortener\\vendor\\laravel\\framework\\src\\Illuminate\\Container\\Container.php(763): Illuminate\\Foundation\\Application->resolve()
#41 D:\\url_sorter\\url-shortener\\vendor\\laravel\\framework\\src\\Illuminate\\Foundation\\Application.php(1058): Illuminate\\Container\\Container->make()
#42 D:\\url_sorter\\url-shortener\\vendor\\laravel\\framework\\src\\Illuminate\\Foundation\\helpers.php(124): Illuminate\\Foundation\\Application->make()
#43 D:\\url_sorter\\url-shortener\\vendor\\laravel\\framework\\src\\Illuminate\\Foundation\\helpers.php(832): app()
#44 D:\\url_sorter\\url-shortener\\vendor\\laravel\\framework\\src\\Illuminate\\Foundation\\Exceptions\\Handler.php(894): response()
#45 D:\\url_sorter\\url-shortener\\vendor\\laravel\\framework\\src\\Illuminate\\Foundation\\Exceptions\\Handler.php(815): Illuminate\\Foundation\\Exceptions\\Handler->renderHttpException()
#46 D:\\url_sorter\\url-shortener\\vendor\\laravel\\framework\\src\\Illuminate\\Foundation\\Exceptions\\Handler.php(706): Illuminate\\Foundation\\Exceptions\\Handler->prepareResponse()
#47 D:\\url_sorter\\url-shortener\\vendor\\laravel\\framework\\src\\Illuminate\\Foundation\\Exceptions\\Handler.php(594): Illuminate\\Foundation\\Exceptions\\Handler->renderExceptionResponse()
#48 D:\\url_sorter\\url-shortener\\vendor\\laravel\\framework\\src\\Illuminate\\Routing\\Pipeline.php(51): Illuminate\\Foundation\\Exceptions\\Handler->render()
#49 D:\\url_sorter\\url-shortener\\vendor\\laravel\\framework\\src\\Illuminate\\Pipeline\\Pipeline.php(172): Illuminate\\Routing\\Pipeline->handleException()
#50 D:\\url_sorter\\url-shortener\\vendor\\laravel\\framework\\src\\Illuminate\\Foundation\\Http\\Middleware\\TransformsRequest.php(21): Illuminate\\Pipeline\\Pipeline->{closure:Illuminate\\Pipeline\\Pipeline::prepareDestination():168}()
#51 D:\\url_sorter\\url-shortener\\vendor\\laravel\\framework\\src\\Illuminate\\Foundation\\Http\\Middleware\\ConvertEmptyStringsToNull.php(31): Illuminate\\Foundation\\Http\\Middleware\\TransformsRequest->handle()
#52 D:\\url_sorter\\url-shortener\\vendor\\laravel\\framework\\src\\Illuminate\\Pipeline\\Pipeline.php(209): Illuminate\\Foundation\\Http\\Middleware\\ConvertEmptyStringsToNull->handle()
#53 D:\\url_sorter\\url-shortener\\vendor\\laravel\\framework\\src\\Illuminate\\Foundation\\Http\\Middleware\\TransformsRequest.php(21): Illuminate\\Pipeline\\Pipeline->{closure:{closure:Illuminate\\Pipeline\\Pipeline::carry():184}:185}()
#54 D:\\url_sorter\\url-shortener\\vendor\\laravel\\framework\\src\\Illuminate\\Foundation\\Http\\Middleware\\TrimStrings.php(51): Illuminate\\Foundation\\Http\\Middleware\\TransformsRequest->handle()
#55 D:\\url_sorter\\url-shortener\\vendor\\laravel\\framework\\src\\Illuminate\\Pipeline\\Pipeline.php(209): Illuminate\\Foundation\\Http\\Middleware\\TrimStrings->handle()
#56 D:\\url_sorter\\url-shortener\\vendor\\laravel\\framework\\src\\Illuminate\\Http\\Middleware\\ValidatePostSize.php(27): Illuminate\\Pipeline\\Pipeline->{closure:{closure:Illuminate\\Pipeline\\Pipeline::carry():184}:185}()
#57 D:\\url_sorter\\url-shortener\\vendor\\laravel\\framework\\src\\Illuminate\\Pipeline\\Pipeline.php(209): Illuminate\\Http\\Middleware\\ValidatePostSize->handle()
#58 D:\\url_sorter\\url-shortener\\vendor\\laravel\\framework\\src\\Illuminate\\Foundation\\Http\\Middleware\\PreventRequestsDuringMaintenance.php(110): Illuminate\\Pipeline\\Pipeline->{closure:{closure:Illuminate\\Pipeline\\Pipeline::carry():184}:185}()
#59 D:\\url_sorter\\url-shortener\\vendor\\laravel\\framework\\src\\Illuminate\\Pipeline\\Pipeline.php(209): Illuminate\\Foundation\\Http\\Middleware\\PreventRequestsDuringMaintenance->handle()
#60 D:\\url_sorter\\url-shortener\\vendor\\laravel\\framework\\src\\Illuminate\\Http\\Middleware\\HandleCors.php(49): Illuminate\\Pipeline\\Pipeline->{closure:{closure:Illuminate\\Pipeline\\Pipeline::carry():184}:185}()
#61 D:\\url_sorter\\url-shortener\\vendor\\laravel\\framework\\src\\Illuminate\\Pipeline\\Pipeline.php(209): Illuminate\\Http\\Middleware\\HandleCors->handle()
#62 D:\\url_sorter\\url-shortener\\vendor\\laravel\\framework\\src\\Illuminate\\Http\\Middleware\\TrustProxies.php(58): Illuminate\\Pipeline\\Pipeline->{closure:{closure:Illuminate\\Pipeline\\Pipeline::carry():184}:185}()
#63 D:\\url_sorter\\url-shortener\\vendor\\laravel\\framework\\src\\Illuminate\\Pipeline\\Pipeline.php(209): Illuminate\\Http\\Middleware\\TrustProxies->handle()
#64 D:\\url_sorter\\url-shortener\\vendor\\laravel\\framework\\src\\Illuminate\\Foundation\\Http\\Middleware\\InvokeDeferredCallbacks.php(22): Illuminate\\Pipeline\\Pipeline->{closure:{closure:Illuminate\\Pipeline\\Pipeline::carry():184}:185}()
#65 D:\\url_sorter\\url-shortener\\vendor\\laravel\\framework\\src\\Illuminate\\Pipeline\\Pipeline.php(209): Illuminate\\Foundation\\Http\\Middleware\\InvokeDeferredCallbacks->handle()
#66 D:\\url_sorter\\url-shortener\\vendor\\laravel\\framework\\src\\Illuminate\\Pipeline\\Pipeline.php(127): Illuminate\\Pipeline\\Pipeline->{closure:{closure:Illuminate\\Pipeline\\Pipeline::carry():184}:185}()
#67 D:\\url_sorter\\url-shortener\\vendor\\laravel\\framework\\src\\Illuminate\\Foundation\\Http\\Kernel.php(176): Illuminate\\Pipeline\\Pipeline->then()
#68 D:\\url_sorter\\url-shortener\\vendor\\laravel\\framework\\src\\Illuminate\\Foundation\\Http\\Kernel.php(145): Illuminate\\Foundation\\Http\\Kernel->sendRequestThroughRouter()
#69 D:\\url_sorter\\url-shortener\\vendor\\laravel\\framework\\src\\Illuminate\\Foundation\\Application.php(1220): Illuminate\\Foundation\\Http\\Kernel->handle()
#70 D:\\url_sorter\\url-shortener\\public\\index.php(20): Illuminate\\Foundation\\Application->handleRequest()
#71 D:\\url_sorter\\url-shortener\\vendor\\laravel\\framework\\src\\Illuminate\\Foundation\\resources\\server.php(23): require_once('...')
#72 {main}
"} 
[2025-12-06 17:16:33] local.ERROR: could not find driver (Connection: sqlite, SQL: PRAGMA foreign_keys = ON;) {"exception":"[object] (Illuminate\\Database\\QueryException(code: 0): could not find driver (Connection: sqlite, SQL: PRAGMA foreign_keys = ON;) at D:\\url_sorter\\url-shortener\\vendor\\laravel\\framework\\src\\Illuminate\\Database\\Connection.php:825)
[stacktrace]
#0 D:\\url_sorter\\url-shortener\\vendor\\laravel\\framework\\src\\Illuminate\\Database\\Connection.php(779): Illuminate\\Database\\Connection->runQueryCallback()
#1 D:\\url_sorter\\url-shortener\\vendor\\laravel\\framework\\src\\Illuminate\\Database\\Connection.php(560): Illuminate\\Database\\Connection->run()
#2 D:\\url_sorter\\url-shortener\\vendor\\laravel\\framework\\src\\Illuminate\\Database\\Schema\\Builder.php(522): Illuminate\\Database\\Connection->statement()
#3 D:\\url_sorter\\url-shortener\\vendor\\laravel\\framework\\src\\Illuminate\\Database\\SQLiteConnection.php(59): Illuminate\\Database\\Schema\\Builder->enableForeignKeyConstraints()
#4 D:\\url_sorter\\url-shortener\\vendor\\laravel\\framework\\src\\Illuminate\\Database\\SQLiteConnection.php(28): Illuminate\\Database\\SQLiteConnection->configureForeignKeyConstraints()
#5 D:\\url_sorter\\url-shortener\\vendor\\laravel\\framework\\src\\Illuminate\\Database\\Connectors\\ConnectionFactory.php(277): Illuminate\\Database\\SQLiteConnection->__construct()
#6 D:\\url_sorter\\url-shortener\\vendor\\laravel\\framework\\src\\Illuminate\\Database\\Connectors\\ConnectionFactory.php(76): Illuminate\\Database\\Connectors\\ConnectionFactory->createConnection()
#7 D:\\url_sorter\\url-shortener\\vendor\\laravel\\framework\\src\\Illuminate\\Database\\Connectors\\ConnectionFactory.php(51): Illuminate\\Database\\Connectors\\ConnectionFactory->createSingleConnection()
#8 D:\\url_sorter\\url-shortener\\vendor\\laravel\\framework\\src\\Illuminate\\Database\\DatabaseManager.php(207): Illuminate\\Database\\Connectors\\ConnectionFactory->make()
#9 D:\\url_sorter\\url-shortener\\vendor\\laravel\\framework\\src\\Illuminate\\Database\\DatabaseManager.php(103): Illuminate\\Database\\DatabaseManager->makeConnection()
#10 D:\\url_sorter\\url-shortener\\vendor\\laravel\\framework\\src\\Illuminate\\Session\\SessionManager.php(108): Illuminate\\Database\\DatabaseManager->connection()
#11 D:\\url_sorter\\url-shortener\\vendor\\laravel\\framework\\src\\Illuminate\\Session\\SessionManager.php(95): Illuminate\\Session\\SessionManager->getDatabaseConnection()
#12 D:\\url_sorter\\url-shortener\\vendor\\laravel\\framework\\src\\Illuminate\\Support\\Manager.php(106): Illuminate\\Session\\SessionManager->createDatabaseDriver()
#13 D:\\url_sorter\\url-shortener\\vendor\\laravel\\framework\\src\\Illuminate\\Support\\Manager.php(80): Illuminate\\Support\\Manager->createDriver()
#14 D:\\url_sorter\\url-shortener\\vendor\\laravel\\framework\\src\\Illuminate\\Session\\SessionServiceProvider.php(52): Illuminate\\Support\\Manager->driver()
#15 D:\\url_sorter\\url-shortener\\vendor\\laravel\\framework\\src\\Illuminate\\Container\\Container.php(952): Illuminate\\Session\\SessionServiceProvider->{closure:Illuminate\\Session\\SessionServiceProvider::registerSessionDriver():48}()
#16 D:\\url_sorter\\url-shortener\\vendor\\laravel\\framework\\src\\Illuminate\\Container\\Container.php(832): Illuminate\\Container\\Container->build()
#17 D:\\url_sorter\\url-shortener\\vendor\\laravel\\framework\\src\\Illuminate\\Foundation\\Application.php(1078): Illuminate\\Container\\Container->resolve()
#18 D:\\url_sorter\\url-shortener\\vendor\\laravel\\framework\\src\\Illuminate\\Container\\Container.php(763): Illuminate\\Foundation\\Application->resolve()
#19 D:\\url_sorter\\url-shortener\\vendor\\laravel\\framework\\src\\Illuminate\\Foundation\\Application.php(1058): Illuminate\\Container\\Container->make()
#20 D:\\url_sorter\\url-shortener\\vendor\\laravel\\framework\\src\\Illuminate\\Container\\Container.php(1580): Illuminate\\Foundation\\Application->make()
#21 D:\\url_sorter\\url-shortener\\vendor\\laravel\\framework\\src\\Illuminate\\Routing\\RoutingServiceProvider.php(121): Illuminate\\Container\\Container->offsetGet()
#22 D:\\url_sorter\\url-shortener\\vendor\\laravel\\framework\\src\\Illuminate\\Container\\Container.php(952): Illuminate\\Routing\\RoutingServiceProvider->{closure:Illuminate\\Routing\\RoutingServiceProvider::registerRedirector():114}()
#23 D:\\url_sorter\\url-shortener\\vendor\\laravel\\framework\\src\\Illuminate\\Container\\Container.php(832): Illuminate\\Container\\Container->build()
#24 D:\\url_sorter\\url-shortener\\vendor\\laravel\\framework\\src\\Illuminate\\Foundation\\Application.php(1078): Illuminate\\Container\\Container->resolve()
#25 D:\\url_sorter\\url-shortener\\vendor\\laravel\\framework\\src\\Illuminate\\Container\\Container.php(763): Illuminate\\Foundation\\Application->resolve()
#26 D:\\url_sorter\\url-shortener\\vendor\\laravel\\framework\\src\\Illuminate\\Foundation\\Application.php(1058): Illuminate\\Container\\Container->make()
#27 D:\\url_sorter\\url-shortener\\vendor\\laravel\\framework\\src\\Illuminate\\Container\\Container.php(1580): Illuminate\\Foundation\\Application->make()
#28 D:\\url_sorter\\url-shortener\\vendor\\laravel\\framework\\src\\Illuminate\\Routing\\RoutingServiceProvider.php(177): Illuminate\\Container\\Container->offsetGet()
#29 D:\\url_sorter\\url-shortener\\vendor\\laravel\\framework\\src\\Illuminate\\Container\\Container.php(952): Illuminate\\Routing\\RoutingServiceProvider->{closure:Illuminate\\Routing\\RoutingServiceProvider::registerResponseFactory():176}()
#30 D:\\url_sorter\\url-shortener\\vendor\\laravel\\framework\\src\\Illuminate\\Container\\Container.php(832): Illuminate\\Container\\Container->build()
#31 D:\\url_sorter\\url-shortener\\vendor\\laravel\\framework\\src\\Illuminate\\Foundation\\Application.php(1078): Illuminate\\Container\\Container->resolve()
#32 D:\\url_sorter\\url-shortener\\vendor\\laravel\\framework\\src\\Illuminate\\Container\\Container.php(763): Illuminate\\Foundation\\Application->resolve()
#33 D:\\url_sorter\\url-shortener\\vendor\\laravel\\framework\\src\\Illuminate\\Foundation\\Application.php(1058): Illuminate\\Container\\Container->make()
#34 D:\\url_sorter\\url-shortener\\vendor\\laravel\\framework\\src\\Illuminate\\Foundation\\helpers.php(124): Illuminate\\Foundation\\Application->make()
#35 D:\\url_sorter\\url-shortener\\vendor\\laravel\\framework\\src\\Illuminate\\Foundation\\helpers.php(832): app()
#36 D:\\url_sorter\\url-shortener\\vendor\\laravel\\framework\\src\\Illuminate\\Foundation\\Exceptions\\Handler.php(894): response()
#37 D:\\url_sorter\\url-shortener\\vendor\\laravel\\framework\\src\\Illuminate\\Foundation\\Exceptions\\Handler.php(815): Illuminate\\Foundation\\Exceptions\\Handler->renderHttpException()
#38 D:\\url_sorter\\url-shortener\\vendor\\laravel\\framework\\src\\Illuminate\\Foundation\\Exceptions\\Handler.php(706): Illuminate\\Foundation\\Exceptions\\Handler->prepareResponse()
#39 D:\\url_sorter\\url-shortener\\vendor\\laravel\\framework\\src\\Illuminate\\Foundation\\Exceptions\\Handler.php(594): Illuminate\\Foundation\\Exceptions\\Handler->renderExceptionResponse()
#40 D:\\url_sorter\\url-shortener\\vendor\\laravel\\framework\\src\\Illuminate\\Routing\\Pipeline.php(51): Illuminate\\Foundation\\Exceptions\\Handler->render()
#41 D:\\url_sorter\\url-shortener\\vendor\\laravel\\framework\\src\\Illuminate\\Pipeline\\Pipeline.php(172): Illuminate\\Routing\\Pipeline->handleException()
#42 D:\\url_sorter\\url-shortener\\vendor\\laravel\\framework\\src\\Illuminate\\Foundation\\Http\\Middleware\\TransformsRequest.php(21): Illuminate\\Pipeline\\Pipeline->{closure:Illuminate\\Pipeline\\Pipeline::prepareDestination():168}()
#43 D:\\url_sorter\\url-shortener\\vendor\\laravel\\framework\\src\\Illuminate\\Foundation\\Http\\Middleware\\ConvertEmptyStringsToNull.php(31): Illuminate\\Foundation\\Http\\Middleware\\TransformsRequest->handle()
#44 D:\\url_sorter\\url-shortener\\vendor\\laravel\\framework\\src\\Illuminate\\Pipeline\\Pipeline.php(209): Illuminate\\Foundation\\Http\\Middleware\\ConvertEmptyStringsToNull->handle()
#45 D:\\url_sorter\\url-shortener\\vendor\\laravel\\framework\\src\\Illuminate\\Foundation\\Http\\Middleware\\TransformsRequest.php(21): Illuminate\\Pipeline\\Pipeline->{closure:{closure:Illuminate\\Pipeline\\Pipeline::carry():184}:185}()
#46 D:\\url_sorter\\url-shortener\\vendor\\laravel\\framework\\src\\Illuminate\\Foundation\\Http\\Middleware\\TrimStrings.php(51): Illuminate\\Foundation\\Http\\Middleware\\TransformsRequest->handle()
#47 D:\\url_sorter\\url-shortener\\vendor\\laravel\\framework\\src\\Illuminate\\Pipeline\\Pipeline.php(209): Illuminate\\Foundation\\Http\\Middleware\\TrimStrings->handle()
#48 D:\\url_sorter\\url-shortener\\vendor\\laravel\\framework\\src\\Illuminate\\Http\\Middleware\\ValidatePostSize.php(27): Illuminate\\Pipeline\\Pipeline->{closure:{closure:Illuminate\\Pipeline\\Pipeline::carry():184}:185}()
#49 D:\\url_sorter\\url-shortener\\vendor\\laravel\\framework\\src\\Illuminate\\Pipeline\\Pipeline.php(209): Illuminate\\Http\\Middleware\\ValidatePostSize->handle()
#50 D:\\url_sorter\\url-shortener\\vendor\\laravel\\framework\\src\\Illuminate\\Foundation\\Http\\Middleware\\PreventRequestsDuringMaintenance.php(110): Illuminate\\Pipeline\\Pipeline->{closure:{closure:Illuminate\\Pipeline\\Pipeline::carry():184}:185}()
#51 D:\\url_sorter\\url-shortener\\vendor\\laravel\\framework\\src\\Illuminate\\Pipeline\\Pipeline.php(209): Illuminate\\Foundation\\Http\\Middleware\\PreventRequestsDuringMaintenance->handle()
#52 D:\\url_sorter\\url-shortener\\vendor\\laravel\\framework\\src\\Illuminate\\Http\\Middleware\\HandleCors.php(49): Illuminate\\Pipeline\\Pipeline->{closure:{closure:Illuminate\\Pipeline\\Pipeline::carry():184}:185}()
#53 D:\\url_sorter\\url-shortener\\vendor\\laravel\\framework\\src\\Illuminate\\Pipeline\\Pipeline.php(209): Illuminate\\Http\\Middleware\\HandleCors->handle()
#54 D:\\url_sorter\\url-shortener\\vendor\\laravel\\framework\\src\\Illuminate\\Http\\Middleware\\TrustProxies.php(58): Illuminate\\Pipeline\\Pipeline->{closure:{closure:Illuminate\\Pipeline\\Pipeline::carry():184}:185}()
#55 D:\\url_sorter\\url-shortener\\vendor\\laravel\\framework\\src\\Illuminate\\Pipeline\\Pipeline.php(209): Illuminate\\Http\\Middleware\\TrustProxies->handle()
#56 D:\\url_sorter\\url-shortener\\vendor\\laravel\\framework\\src\\Illuminate\\Foundation\\Http\\Middleware\\InvokeDeferredCallbacks.php(22): Illuminate\\Pipeline\\Pipeline->{closure:{closure:Illuminate\\Pipeline\\Pipeline::carry():184}:185}()
#57 D:\\url_sorter\\url-shortener\\vendor\\laravel\\framework\\src\\Illuminate\\Pipeline\\Pipeline.php(209): Illuminate\\Foundation\\Http\\Middleware\\InvokeDeferredCallbacks->handle()
#58 D:\\url_sorter\\url-shortener\\vendor\\laravel\\framework\\src\\Illuminate\\Pipeline\\Pipeline.php(127): Illuminate\\Pipeline\\Pipeline->{closure:{closure:Illuminate\\Pipeline\\Pipeline::carry():184}:185}()
#59 D:\\url_sorter\\url-shortener\\vendor\\laravel\\framework\\src\\Illuminate\\Foundation\\Http\\Kernel.php(176): Illuminate\\Pipeline\\Pipeline->then()
#60 D:\\url_sorter\\url-shortener\\vendor\\laravel\\framework\\src\\Illuminate\\Foundation\\Http\\Kernel.php(145): Illuminate\\Foundation\\Http\\Kernel->sendRequestThroughRouter()
#61 D:\\url_sorter\\url-shortener\\vendor\\laravel\\framework\\src\\Illuminate\\Foundation\\Application.php(1220): Illuminate\\Foundation\\Http\\Kernel->handle()
#62 D:\\url_sorter\\url-shortener\\public\\index.php(20): Illuminate\\Foundation\\Application->handleRequest()
#63 D:\\url_sorter\\url-shortener\\vendor\\laravel\\framework\\src\\Illuminate\\Foundation\\resources\\server.php(23): require_once('...')
#64 {main}

[previous exception] [object] (PDOException(code: 0): could not find driver at D:\\url_sorter\\url-shortener\\vendor\\laravel\\framework\\src\\Illuminate\\Database\\Connectors\\Connector.php:67)
[stacktrace]
#0 D:\\url_sorter\\url-shortener\\vendor\\laravel\\framework\\src\\Illuminate\\Database\\Connectors\\Connector.php(67): PDO::connect()
#1 D:\\url_sorter\\url-shortener\\vendor\\laravel\\framework\\src\\Illuminate\\Database\\Connectors\\Connector.php(44): Illuminate\\Database\\Connectors\\Connector->createPdoConnection()
#2 D:\\url_sorter\\url-shortener\\vendor\\laravel\\framework\\src\\Illuminate\\Database\\Connectors\\SQLiteConnector.php(40): Illuminate\\Database\\Connectors\\Connector->createConnection()
#3 D:\\url_sorter\\url-shortener\\vendor\\laravel\\framework\\src\\Illuminate\\Database\\Connectors\\ConnectionFactory.php(224): Illuminate\\Database\\Connectors\\SQLiteConnector->connect()
#4 [internal function]: Illuminate\\Database\\Connectors\\ConnectionFactory->{closure:Illuminate\\Database\\Connectors\\ConnectionFactory::createPdoResolverWithoutHosts():224}()
#5 D:\\url_sorter\\url-shortener\\vendor\\laravel\\framework\\src\\Illuminate\\Database\\Connection.php(1231): call_user_func()
#6 D:\\url_sorter\\url-shortener\\vendor\\laravel\\framework\\src\\Illuminate\\Database\\Connection.php(565): Illuminate\\Database\\Connection->getPdo()
#7 D:\\url_sorter\\url-shortener\\vendor\\laravel\\framework\\src\\Illuminate\\Database\\Connection.php(812): Illuminate\\Database\\Connection->{closure:Illuminate\\Database\\Connection::statement():560}()
#8 D:\\url_sorter\\url-shortener\\vendor\\laravel\\framework\\src\\Illuminate\\Database\\Connection.php(779): Illuminate\\Database\\Connection->runQueryCallback()
#9 D:\\url_sorter\\url-shortener\\vendor\\laravel\\framework\\src\\Illuminate\\Database\\Connection.php(560): Illuminate\\Database\\Connection->run()
#10 D:\\url_sorter\\url-shortener\\vendor\\laravel\\framework\\src\\Illuminate\\Database\\Schema\\Builder.php(522): Illuminate\\Database\\Connection->statement()
#11 D:\\url_sorter\\url-shortener\\vendor\\laravel\\framework\\src\\Illuminate\\Database\\SQLiteConnection.php(59): Illuminate\\Database\\Schema\\Builder->enableForeignKeyConstraints()
#12 D:\\url_sorter\\url-shortener\\vendor\\laravel\\framework\\src\\Illuminate\\Database\\SQLiteConnection.php(28): Illuminate\\Database\\SQLiteConnection->configureForeignKeyConstraints()
#13 D:\\url_sorter\\url-shortener\\vendor\\laravel\\framework\\src\\Illuminate\\Database\\Connectors\\ConnectionFactory.php(277): Illuminate\\Database\\SQLiteConnection->__construct()
#14 D:\\url_sorter\\url-shortener\\vendor\\laravel\\framework\\src\\Illuminate\\Database\\Connectors\\ConnectionFactory.php(76): Illuminate\\Database\\Connectors\\ConnectionFactory->createConnection()
#15 D:\\url_sorter\\url-shortener\\vendor\\laravel\\framework\\src\\Illuminate\\Database\\Connectors\\ConnectionFactory.php(51): Illuminate\\Database\\Connectors\\ConnectionFactory->createSingleConnection()
#16 D:\\url_sorter\\url-shortener\\vendor\\laravel\\framework\\src\\Illuminate\\Database\\DatabaseManager.php(207): Illuminate\\Database\\Connectors\\ConnectionFactory->make()
#17 D:\\url_sorter\\url-shortener\\vendor\\laravel\\framework\\src\\Illuminate\\Database\\DatabaseManager.php(103): Illuminate\\Database\\DatabaseManager->makeConnection()
#18 D:\\url_sorter\\url-shortener\\vendor\\laravel\\framework\\src\\Illuminate\\Session\\SessionManager.php(108): Illuminate\\Database\\DatabaseManager->connection()
#19 D:\\url_sorter\\url-shortener\\vendor\\laravel\\framework\\src\\Illuminate\\Session\\SessionManager.php(95): Illuminate\\Session\\SessionManager->getDatabaseConnection()
#20 D:\\url_sorter\\url-shortener\\vendor\\laravel\\framework\\src\\Illuminate\\Support\\Manager.php(106): Illuminate\\Session\\SessionManager->createDatabaseDriver()
#21 D:\\url_sorter\\url-shortener\\vendor\\laravel\\framework\\src\\Illuminate\\Support\\Manager.php(80): Illuminate\\Support\\Manager->createDriver()
#22 D:\\url_sorter\\url-shortener\\vendor\\laravel\\framework\\src\\Illuminate\\Session\\SessionServiceProvider.php(52): Illuminate\\Support\\Manager->driver()
#23 D:\\url_sorter\\url-shortener\\vendor\\laravel\\framework\\src\\Illuminate\\Container\\Container.php(952): Illuminate\\Session\\SessionServiceProvider->{closure:Illuminate\\Session\\SessionServiceProvider::registerSessionDriver():48}()
#24 D:\\url_sorter\\url-shortener\\vendor\\laravel\\framework\\src\\Illuminate\\Container\\Container.php(832): Illuminate\\Container\\Container->build()
#25 D:\\url_sorter\\url-shortener\\vendor\\laravel\\framework\\src\\Illuminate\\Foundation\\Application.php(1078): Illuminate\\Container\\Container->resolve()
#26 D:\\url_sorter\\url-shortener\\vendor\\laravel\\framework\\src\\Illuminate\\Container\\Container.php(763): Illuminate\\Foundation\\Application->resolve()
#27 D:\\url_sorter\\url-shortener\\vendor\\laravel\\framework\\src\\Illuminate\\Foundation\\Application.php(1058): Illuminate\\Container\\Container->make()
#28 D:\\url_sorter\\url-shortener\\vendor\\laravel\\framework\\src\\Illuminate\\Container\\Container.php(1580): Illuminate\\Foundation\\Application->make()
#29 D:\\url_sorter\\url-shortener\\vendor\\laravel\\framework\\src\\Illuminate\\Routing\\RoutingServiceProvider.php(121): Illuminate\\Container\\Container->offsetGet()
#30 D:\\url_sorter\\url-shortener\\vendor\\laravel\\framework\\src\\Illuminate\\Container\\Container.php(952): Illuminate\\Routing\\RoutingServiceProvider->{closure:Illuminate\\Routing\\RoutingServiceProvider::registerRedirector():114}()
#31 D:\\url_sorter\\url-shortener\\vendor\\laravel\\framework\\src\\Illuminate\\Container\\Container.php(832): Illuminate\\Container\\Container->build()
#32 D:\\url_sorter\\url-shortener\\vendor\\laravel\\framework\\src\\Illuminate\\Foundation\\Application.php(1078): Illuminate\\Container\\Container->resolve()
#33 D:\\url_sorter\\url-shortener\\vendor\\laravel\\framework\\src\\Illuminate\\Container\\Container.php(763): Illuminate\\Foundation\\Application->resolve()
#34 D:\\url_sorter\\url-shortener\\vendor\\laravel\\framework\\src\\Illuminate\\Foundation\\Application.php(1058): Illuminate\\Container\\Container->make()
#35 D:\\url_sorter\\url-shortener\\vendor\\laravel\\framework\\src\\Illuminate\\Container\\Container.php(1580): Illuminate\\Foundation\\Application->make()
#36 D:\\url_sorter\\url-shortener\\vendor\\laravel\\framework\\src\\Illuminate\\Routing\\RoutingServiceProvider.php(177): Illuminate\\Container\\Container->offsetGet()
#37 D:\\url_sorter\\url-shortener\\vendor\\laravel\\framework\\src\\Illuminate\\Container\\Container.php(952): Illuminate\\Routing\\RoutingServiceProvider->{closure:Illuminate\\Routing\\RoutingServiceProvider::registerResponseFactory():176}()
#38 D:\\url_sorter\\url-shortener\\vendor\\laravel\\framework\\src\\Illuminate\\Container\\Container.php(832): Illuminate\\Container\\Container->build()
#39 D:\\url_sorter\\url-shortener\\vendor\\laravel\\framework\\src\\Illuminate\\Foundation\\Application.php(1078): Illuminate\\Container\\Container->resolve()
#40 D:\\url_sorter\\url-shortener\\vendor\\laravel\\framework\\src\\Illuminate\\Container\\Container.php(763): Illuminate\\Foundation\\Application->resolve()
#41 D:\\url_sorter\\url-shortener\\vendor\\laravel\\framework\\src\\Illuminate\\Foundation\\Application.php(1058): Illuminate\\Container\\Container->make()
#42 D:\\url_sorter\\url-shortener\\vendor\\laravel\\framework\\src\\Illuminate\\Foundation\\helpers.php(124): Illuminate\\Foundation\\Application->make()
#43 D:\\url_sorter\\url-shortener\\vendor\\laravel\\framework\\src\\Illuminate\\Foundation\\helpers.php(832): app()
#44 D:\\url_sorter\\url-shortener\\vendor\\laravel\\framework\\src\\Illuminate\\Foundation\\Exceptions\\Handler.php(894): response()
#45 D:\\url_sorter\\url-shortener\\vendor\\laravel\\framework\\src\\Illuminate\\Foundation\\Exceptions\\Handler.php(815): Illuminate\\Foundation\\Exceptions\\Handler->renderHttpException()
#46 D:\\url_sorter\\url-shortener\\vendor\\laravel\\framework\\src\\Illuminate\\Foundation\\Exceptions\\Handler.php(706): Illuminate\\Foundation\\Exceptions\\Handler->prepareResponse()
#47 D:\\url_sorter\\url-shortener\\vendor\\laravel\\framework\\src\\Illuminate\\Foundation\\Exceptions\\Handler.php(594): Illuminate\\Foundation\\Exceptions\\Handler->renderExceptionResponse()
#48 D:\\url_sorter\\url-shortener\\vendor\\laravel\\framework\\src\\Illuminate\\Routing\\Pipeline.php(51): Illuminate\\Foundation\\Exceptions\\Handler->render()
#49 D:\\url_sorter\\url-shortener\\vendor\\laravel\\framework\\src\\Illuminate\\Pipeline\\Pipeline.php(172): Illuminate\\Routing\\Pipeline->handleException()
#50 D:\\url_sorter\\url-shortener\\vendor\\laravel\\framework\\src\\Illuminate\\Foundation\\Http\\Middleware\\TransformsRequest.php(21): Illuminate\\Pipeline\\Pipeline->{closure:Illuminate\\Pipeline\\Pipeline::prepareDestination():168}()
#51 D:\\url_sorter\\url-shortener\\vendor\\laravel\\framework\\src\\Illuminate\\Foundation\\Http\\Middleware\\ConvertEmptyStringsToNull.php(31): Illuminate\\Foundation\\Http\\Middleware\\TransformsRequest->handle()
#52 D:\\url_sorter\\url-shortener\\vendor\\laravel\\framework\\src\\Illuminate\\Pipeline\\Pipeline.php(209): Illuminate\\Foundation\\Http\\Middleware\\ConvertEmptyStringsToNull->handle()
#53 D:\\url_sorter\\url-shortener\\vendor\\laravel\\framework\\src\\Illuminate\\Foundation\\Http\\Middleware\\TransformsRequest.php(21): Illuminate\\Pipeline\\Pipeline->{closure:{closure:Illuminate\\Pipeline\\Pipeline::carry():184}:185}()
#54 D:\\url_sorter\\url-shortener\\vendor\\laravel\\framework\\src\\Illuminate\\Foundation\\Http\\Middleware\\TrimStrings.php(51): Illuminate\\Foundation\\Http\\Middleware\\TransformsRequest->handle()
#55 D:\\url_sorter\\url-shortener\\vendor\\laravel\\framework\\src\\Illuminate\\Pipeline\\Pipeline.php(209): Illuminate\\Foundation\\Http\\Middleware\\TrimStrings->handle()
#56 D:\\url_sorter\\url-shortener\\vendor\\laravel\\framework\\src\\Illuminate\\Http\\Middleware\\ValidatePostSize.php(27): Illuminate\\Pipeline\\Pipeline->{closure:{closure:Illuminate\\Pipeline\\Pipeline::carry():184}:185}()
#57 D:\\url_sorter\\url-shortener\\vendor\\laravel\\framework\\src\\Illuminate\\Pipeline\\Pipeline.php(209): Illuminate\\Http\\Middleware\\ValidatePostSize->handle()
#58 D:\\url_sorter\\url-shortener\\vendor\\laravel\\framework\\src\\Illuminate\\Foundation\\Http\\Middleware\\PreventRequestsDuringMaintenance.php(110): Illuminate\\Pipeline\\Pipeline->{closure:{closure:Illuminate\\Pipeline\\Pipeline::carry():184}:185}()
#59 D:\\url_sorter\\url-shortener\\vendor\\laravel\\framework\\src\\Illuminate\\Pipeline\\Pipeline.php(209): Illuminate\\Foundation\\Http\\Middleware\\PreventRequestsDuringMaintenance->handle()
#60 D:\\url_sorter\\url-shortener\\vendor\\laravel\\framework\\src\\Illuminate\\Http\\Middleware\\HandleCors.php(49): Illuminate\\Pipeline\\Pipeline->{closure:{closure:Illuminate\\Pipeline\\Pipeline::carry():184}:185}()
#61 D:\\url_sorter\\url-shortener\\vendor\\laravel\\framework\\src\\Illuminate\\Pipeline\\Pipeline.php(209): Illuminate\\Http\\Middleware\\HandleCors->handle()
#62 D:\\url_sorter\\url-shortener\\vendor\\laravel\\framework\\src\\Illuminate\\Http\\Middleware\\TrustProxies.php(58): Illuminate\\Pipeline\\Pipeline->{closure:{closure:Illuminate\\Pipeline\\Pipeline::carry():184}:185}()
#63 D:\\url_sorter\\url-shortener\\vendor\\laravel\\framework\\src\\Illuminate\\Pipeline\\Pipeline.php(209): Illuminate\\Http\\Middleware\\TrustProxies->handle()
#64 D:\\url_sorter\\url-shortener\\vendor\\laravel\\framework\\src\\Illuminate\\Foundation\\Http\\Middleware\\InvokeDeferredCallbacks.php(22): Illuminate\\Pipeline\\Pipeline->{closure:{closure:Illuminate\\Pipeline\\Pipeline::carry():184}:185}()
#65 D:\\url_sorter\\url-shortener\\vendor\\laravel\\framework\\src\\Illuminate\\Pipeline\\Pipeline.php(209): Illuminate\\Foundation\\Http\\Middleware\\InvokeDeferredCallbacks->handle()
#66 D:\\url_sorter\\url-shortener\\vendor\\laravel\\framework\\src\\Illuminate\\Pipeline\\Pipeline.php(127): Illuminate\\Pipeline\\Pipeline->{closure:{closure:Illuminate\\Pipeline\\Pipeline::carry():184}:185}()
#67 D:\\url_sorter\\url-shortener\\vendor\\laravel\\framework\\src\\Illuminate\\Foundation\\Http\\Kernel.php(176): Illuminate\\Pipeline\\Pipeline->then()
#68 D:\\url_sorter\\url-shortener\\vendor\\laravel\\framework\\src\\Illuminate\\Foundation\\Http\\Kernel.php(145): Illuminate\\Foundation\\Http\\Kernel->sendRequestThroughRouter()
#69 D:\\url_sorter\\url-shortener\\vendor\\laravel\\framework\\src\\Illuminate\\Foundation\\Application.php(1220): Illuminate\\Foundation\\Http\\Kernel->handle()
#70 D:\\url_sorter\\url-shortener\\public\\index.php(20): Illuminate\\Foundation\\Application->handleRequest()
#71 D:\\url_sorter\\url-shortener\\vendor\\laravel\\framework\\src\\Illuminate\\Foundation\\resources\\server.php(23): require_once('...')
#72 {main}
"} 
[2025-12-06 17:16:57] local.ERROR: could not find driver (Connection: sqlite, SQL: PRAGMA foreign_keys = ON;) {"exception":"[object] (Illuminate\\Database\\QueryException(code: 0): could not find driver (Connection: sqlite, SQL: PRAGMA foreign_keys = ON;) at D:\\url_sorter\\url-shortener\\vendor\\laravel\\framework\\src\\Illuminate\\Database\\Connection.php:825)
[stacktrace]
#0 D:\\url_sorter\\url-shortener\\vendor\\laravel\\framework\\src\\Illuminate\\Database\\Connection.php(779): Illuminate\\Database\\Connection->runQueryCallback()
#1 D:\\url_sorter\\url-shortener\\vendor\\laravel\\framework\\src\\Illuminate\\Database\\Connection.php(560): Illuminate\\Database\\Connection->run()
#2 D:\\url_sorter\\url-shortener\\vendor\\laravel\\framework\\src\\Illuminate\\Database\\Schema\\Builder.php(522): Illuminate\\Database\\Connection->statement()
#3 D:\\url_sorter\\url-shortener\\vendor\\laravel\\framework\\src\\Illuminate\\Database\\SQLiteConnection.php(59): Illuminate\\Database\\Schema\\Builder->enableForeignKeyConstraints()
#4 D:\\url_sorter\\url-shortener\\vendor\\laravel\\framework\\src\\Illuminate\\Database\\SQLiteConnection.php(28): Illuminate\\Database\\SQLiteConnection->configureForeignKeyConstraints()
#5 D:\\url_sorter\\url-shortener\\vendor\\laravel\\framework\\src\\Illuminate\\Database\\Connectors\\ConnectionFactory.php(277): Illuminate\\Database\\SQLiteConnection->__construct()
#6 D:\\url_sorter\\url-shortener\\vendor\\laravel\\framework\\src\\Illuminate\\Database\\Connectors\\ConnectionFactory.php(76): Illuminate\\Database\\Connectors\\ConnectionFactory->createConnection()
#7 D:\\url_sorter\\url-shortener\\vendor\\laravel\\framework\\src\\Illuminate\\Database\\Connectors\\ConnectionFactory.php(51): Illuminate\\Database\\Connectors\\ConnectionFactory->createSingleConnection()
#8 D:\\url_sorter\\url-shortener\\vendor\\laravel\\framework\\src\\Illuminate\\Database\\DatabaseManager.php(207): Illuminate\\Database\\Connectors\\ConnectionFactory->make()
#9 D:\\url_sorter\\url-shortener\\vendor\\laravel\\framework\\src\\Illuminate\\Database\\DatabaseManager.php(103): Illuminate\\Database\\DatabaseManager->makeConnection()
#10 D:\\url_sorter\\url-shortener\\vendor\\laravel\\framework\\src\\Illuminate\\Session\\SessionManager.php(108): Illuminate\\Database\\DatabaseManager->connection()
#11 D:\\url_sorter\\url-shortener\\vendor\\laravel\\framework\\src\\Illuminate\\Session\\SessionManager.php(95): Illuminate\\Session\\SessionManager->getDatabaseConnection()
#12 D:\\url_sorter\\url-shortener\\vendor\\laravel\\framework\\src\\Illuminate\\Support\\Manager.php(106): Illuminate\\Session\\SessionManager->createDatabaseDriver()
#13 D:\\url_sorter\\url-shortener\\vendor\\laravel\\framework\\src\\Illuminate\\Support\\Manager.php(80): Illuminate\\Support\\Manager->createDriver()
#14 D:\\url_sorter\\url-shortener\\vendor\\laravel\\framework\\src\\Illuminate\\Session\\SessionServiceProvider.php(52): Illuminate\\Support\\Manager->driver()
#15 D:\\url_sorter\\url-shortener\\vendor\\laravel\\framework\\src\\Illuminate\\Container\\Container.php(952): Illuminate\\Session\\SessionServiceProvider->{closure:Illuminate\\Session\\SessionServiceProvider::registerSessionDriver():48}()
#16 D:\\url_sorter\\url-shortener\\vendor\\laravel\\framework\\src\\Illuminate\\Container\\Container.php(832): Illuminate\\Container\\Container->build()
#17 D:\\url_sorter\\url-shortener\\vendor\\laravel\\framework\\src\\Illuminate\\Foundation\\Application.php(1078): Illuminate\\Container\\Container->resolve()
#18 D:\\url_sorter\\url-shortener\\vendor\\laravel\\framework\\src\\Illuminate\\Container\\Container.php(763): Illuminate\\Foundation\\Application->resolve()
#19 D:\\url_sorter\\url-shortener\\vendor\\laravel\\framework\\src\\Illuminate\\Foundation\\Application.php(1058): Illuminate\\Container\\Container->make()
#20 D:\\url_sorter\\url-shortener\\vendor\\laravel\\framework\\src\\Illuminate\\Container\\Container.php(1580): Illuminate\\Foundation\\Application->make()
#21 D:\\url_sorter\\url-shortener\\vendor\\laravel\\framework\\src\\Illuminate\\Routing\\RoutingServiceProvider.php(121): Illuminate\\Container\\Container->offsetGet()
#22 D:\\url_sorter\\url-shortener\\vendor\\laravel\\framework\\src\\Illuminate\\Container\\Container.php(952): Illuminate\\Routing\\RoutingServiceProvider->{closure:Illuminate\\Routing\\RoutingServiceProvider::registerRedirector():114}()
#23 D:\\url_sorter\\url-shortener\\vendor\\laravel\\framework\\src\\Illuminate\\Container\\Container.php(832): Illuminate\\Container\\Container->build()
#24 D:\\url_sorter\\url-shortener\\vendor\\laravel\\framework\\src\\Illuminate\\Foundation\\Application.php(1078): Illuminate\\Container\\Container->resolve()
#25 D:\\url_sorter\\url-shortener\\vendor\\laravel\\framework\\src\\Illuminate\\Container\\Container.php(763): Illuminate\\Foundation\\Application->resolve()
#26 D:\\url_sorter\\url-shortener\\vendor\\laravel\\framework\\src\\Illuminate\\Foundation\\Application.php(1058): Illuminate\\Container\\Container->make()
#27 D:\\url_sorter\\url-shortener\\vendor\\laravel\\framework\\src\\Illuminate\\Container\\Container.php(1580): Illuminate\\Foundation\\Application->make()
#28 D:\\url_sorter\\url-shortener\\vendor\\laravel\\framework\\src\\Illuminate\\Routing\\RoutingServiceProvider.php(177): Illuminate\\Container\\Container->offsetGet()
#29 D:\\url_sorter\\url-shortener\\vendor\\laravel\\framework\\src\\Illuminate\\Container\\Container.php(952): Illuminate\\Routing\\RoutingServiceProvider->{closure:Illuminate\\Routing\\RoutingServiceProvider::registerResponseFactory():176}()
#30 D:\\url_sorter\\url-shortener\\vendor\\laravel\\framework\\src\\Illuminate\\Container\\Container.php(832): Illuminate\\Container\\Container->build()
#31 D:\\url_sorter\\url-shortener\\vendor\\laravel\\framework\\src\\Illuminate\\Foundation\\Application.php(1078): Illuminate\\Container\\Container->resolve()
#32 D:\\url_sorter\\url-shortener\\vendor\\laravel\\framework\\src\\Illuminate\\Container\\Container.php(763): Illuminate\\Foundation\\Application->resolve()
#33 D:\\url_sorter\\url-shortener\\vendor\\laravel\\framework\\src\\Illuminate\\Foundation\\Application.php(1058): Illuminate\\Container\\Container->make()
#34 D:\\url_sorter\\url-shortener\\vendor\\laravel\\framework\\src\\Illuminate\\Foundation\\helpers.php(124): Illuminate\\Foundation\\Application->make()
#35 D:\\url_sorter\\url-shortener\\vendor\\laravel\\framework\\src\\Illuminate\\Foundation\\helpers.php(832): app()
#36 D:\\url_sorter\\url-shortener\\vendor\\laravel\\framework\\src\\Illuminate\\Foundation\\Exceptions\\Handler.php(894): response()
#37 D:\\url_sorter\\url-shortener\\vendor\\laravel\\framework\\src\\Illuminate\\Foundation\\Exceptions\\Handler.php(815): Illuminate\\Foundation\\Exceptions\\Handler->renderHttpException()
#38 D:\\url_sorter\\url-shortener\\vendor\\laravel\\framework\\src\\Illuminate\\Foundation\\Exceptions\\Handler.php(706): Illuminate\\Foundation\\Exceptions\\Handler->prepareResponse()
#39 D:\\url_sorter\\url-shortener\\vendor\\laravel\\framework\\src\\Illuminate\\Foundation\\Exceptions\\Handler.php(594): Illuminate\\Foundation\\Exceptions\\Handler->renderExceptionResponse()
#40 D:\\url_sorter\\url-shortener\\vendor\\laravel\\framework\\src\\Illuminate\\Routing\\Pipeline.php(51): Illuminate\\Foundation\\Exceptions\\Handler->render()
#41 D:\\url_sorter\\url-shortener\\vendor\\laravel\\framework\\src\\Illuminate\\Pipeline\\Pipeline.php(172): Illuminate\\Routing\\Pipeline->handleException()
#42 D:\\url_sorter\\url-shortener\\vendor\\laravel\\framework\\src\\Illuminate\\Foundation\\Http\\Middleware\\TransformsRequest.php(21): Illuminate\\Pipeline\\Pipeline->{closure:Illuminate\\Pipeline\\Pipeline::prepareDestination():168}()
#43 D:\\url_sorter\\url-shortener\\vendor\\laravel\\framework\\src\\Illuminate\\Foundation\\Http\\Middleware\\ConvertEmptyStringsToNull.php(31): Illuminate\\Foundation\\Http\\Middleware\\TransformsRequest->handle()
#44 D:\\url_sorter\\url-shortener\\vendor\\laravel\\framework\\src\\Illuminate\\Pipeline\\Pipeline.php(209): Illuminate\\Foundation\\Http\\Middleware\\ConvertEmptyStringsToNull->handle()
#45 D:\\url_sorter\\url-shortener\\vendor\\laravel\\framework\\src\\Illuminate\\Foundation\\Http\\Middleware\\TransformsRequest.php(21): Illuminate\\Pipeline\\Pipeline->{closure:{closure:Illuminate\\Pipeline\\Pipeline::carry():184}:185}()
#46 D:\\url_sorter\\url-shortener\\vendor\\laravel\\framework\\src\\Illuminate\\Foundation\\Http\\Middleware\\TrimStrings.php(51): Illuminate\\Foundation\\Http\\Middleware\\TransformsRequest->handle()
#47 D:\\url_sorter\\url-shortener\\vendor\\laravel\\framework\\src\\Illuminate\\Pipeline\\Pipeline.php(209): Illuminate\\Foundation\\Http\\Middleware\\TrimStrings->handle()
#48 D:\\url_sorter\\url-shortener\\vendor\\laravel\\framework\\src\\Illuminate\\Http\\Middleware\\ValidatePostSize.php(27): Illuminate\\Pipeline\\Pipeline->{closure:{closure:Illuminate\\Pipeline\\Pipeline::carry():184}:185}()
#49 D:\\url_sorter\\url-shortener\\vendor\\laravel\\framework\\src\\Illuminate\\Pipeline\\Pipeline.php(209): Illuminate\\Http\\Middleware\\ValidatePostSize->handle()
#50 D:\\url_sorter\\url-shortener\\vendor\\laravel\\framework\\src\\Illuminate\\Foundation\\Http\\Middleware\\PreventRequestsDuringMaintenance.php(110): Illuminate\\Pipeline\\Pipeline->{closure:{closure:Illuminate\\Pipeline\\Pipeline::carry():184}:185}()
#51 D:\\url_sorter\\url-shortener\\vendor\\laravel\\framework\\src\\Illuminate\\Pipeline\\Pipeline.php(209): Illuminate\\Foundation\\Http\\Middleware\\PreventRequestsDuringMaintenance->handle()
#52 D:\\url_sorter\\url-shortener\\vendor\\laravel\\framework\\src\\Illuminate\\Http\\Middleware\\HandleCors.php(49): Illuminate\\Pipeline\\Pipeline->{closure:{closure:Illuminate\\Pipeline\\Pipeline::carry():184}:185}()
#53 D:\\url_sorter\\url-shortener\\vendor\\laravel\\framework\\src\\Illuminate\\Pipeline\\Pipeline.php(209): Illuminate\\Http\\Middleware\\HandleCors->handle()
#54 D:\\url_sorter\\url-shortener\\vendor\\laravel\\framework\\src\\Illuminate\\Http\\Middleware\\TrustProxies.php(58): Illuminate\\Pipeline\\Pipeline->{closure:{closure:Illuminate\\Pipeline\\Pipeline::carry():184}:185}()
#55 D:\\url_sorter\\url-shortener\\vendor\\laravel\\framework\\src\\Illuminate\\Pipeline\\Pipeline.php(209): Illuminate\\Http\\Middleware\\TrustProxies->handle()
#56 D:\\url_sorter\\url-shortener\\vendor\\laravel\\framework\\src\\Illuminate\\Foundation\\Http\\Middleware\\InvokeDeferredCallbacks.php(22): Illuminate\\Pipeline\\Pipeline->{closure:{closure:Illuminate\\Pipeline\\Pipeline::carry():184}:185}()
#57 D:\\url_sorter\\url-shortener\\vendor\\laravel\\framework\\src\\Illuminate\\Pipeline\\Pipeline.php(209): Illuminate\\Foundation\\Http\\Middleware\\InvokeDeferredCallbacks->handle()
#58 D:\\url_sorter\\url-shortener\\vendor\\laravel\\framework\\src\\Illuminate\\Pipeline\\Pipeline.php(127): Illuminate\\Pipeline\\Pipeline->{closure:{closure:Illuminate\\Pipeline\\Pipeline::carry():184}:185}()
#59 D:\\url_sorter\\url-shortener\\vendor\\laravel\\framework\\src\\Illuminate\\Foundation\\Http\\Kernel.php(176): Illuminate\\Pipeline\\Pipeline->then()
#60 D:\\url_sorter\\url-shortener\\vendor\\laravel\\framework\\src\\Illuminate\\Foundation\\Http\\Kernel.php(145): Illuminate\\Foundation\\Http\\Kernel->sendRequestThroughRouter()
#61 D:\\url_sorter\\url-shortener\\vendor\\laravel\\framework\\src\\Illuminate\\Foundation\\Application.php(1220): Illuminate\\Foundation\\Http\\Kernel->handle()
#62 D:\\url_sorter\\url-shortener\\public\\index.php(20): Illuminate\\Foundation\\Application->handleRequest()
#63 D:\\url_sorter\\url-shortener\\vendor\\laravel\\framework\\src\\Illuminate\\Foundation\\resources\\server.php(23): require_once('...')
#64 {main}

[previous exception] [object] (PDOException(code: 0): could not find driver at D:\\url_sorter\\url-shortener\\vendor\\laravel\\framework\\src\\Illuminate\\Database\\Connectors\\Connector.php:67)
[stacktrace]
#0 D:\\url_sorter\\url-shortener\\vendor\\laravel\\framework\\src\\Illuminate\\Database\\Connectors\\Connector.php(67): PDO::connect()
#1 D:\\url_sorter\\url-shortener\\vendor\\laravel\\framework\\src\\Illuminate\\Database\\Connectors\\Connector.php(44): Illuminate\\Database\\Connectors\\Connector->createPdoConnection()
#2 D:\\url_sorter\\url-shortener\\vendor\\laravel\\framework\\src\\Illuminate\\Database\\Connectors\\SQLiteConnector.php(40): Illuminate\\Database\\Connectors\\Connector->createConnection()
#3 D:\\url_sorter\\url-shortener\\vendor\\laravel\\framework\\src\\Illuminate\\Database\\Connectors\\ConnectionFactory.php(224): Illuminate\\Database\\Connectors\\SQLiteConnector->connect()
#4 [internal function]: Illuminate\\Database\\Connectors\\ConnectionFactory->{closure:Illuminate\\Database\\Connectors\\ConnectionFactory::createPdoResolverWithoutHosts():224}()
#5 D:\\url_sorter\\url-shortener\\vendor\\laravel\\framework\\src\\Illuminate\\Database\\Connection.php(1231): call_user_func()
#6 D:\\url_sorter\\url-shortener\\vendor\\laravel\\framework\\src\\Illuminate\\Database\\Connection.php(565): Illuminate\\Database\\Connection->getPdo()
#7 D:\\url_sorter\\url-shortener\\vendor\\laravel\\framework\\src\\Illuminate\\Database\\Connection.php(812): Illuminate\\Database\\Connection->{closure:Illuminate\\Database\\Connection::statement():560}()
#8 D:\\url_sorter\\url-shortener\\vendor\\laravel\\framework\\src\\Illuminate\\Database\\Connection.php(779): Illuminate\\Database\\Connection->runQueryCallback()
#9 D:\\url_sorter\\url-shortener\\vendor\\laravel\\framework\\src\\Illuminate\\Database\\Connection.php(560): Illuminate\\Database\\Connection->run()
#10 D:\\url_sorter\\url-shortener\\vendor\\laravel\\framework\\src\\Illuminate\\Database\\Schema\\Builder.php(522): Illuminate\\Database\\Connection->statement()
#11 D:\\url_sorter\\url-shortener\\vendor\\laravel\\framework\\src\\Illuminate\\Database\\SQLiteConnection.php(59): Illuminate\\Database\\Schema\\Builder->enableForeignKeyConstraints()
#12 D:\\url_sorter\\url-shortener\\vendor\\laravel\\framework\\src\\Illuminate\\Database\\SQLiteConnection.php(28): Illuminate\\Database\\SQLiteConnection->configureForeignKeyConstraints()
#13 D:\\url_sorter\\url-shortener\\vendor\\laravel\\framework\\src\\Illuminate\\Database\\Connectors\\ConnectionFactory.php(277): Illuminate\\Database\\SQLiteConnection->__construct()
#14 D:\\url_sorter\\url-shortener\\vendor\\laravel\\framework\\src\\Illuminate\\Database\\Connectors\\ConnectionFactory.php(76): Illuminate\\Database\\Connectors\\ConnectionFactory->createConnection()
#15 D:\\url_sorter\\url-shortener\\vendor\\laravel\\framework\\src\\Illuminate\\Database\\Connectors\\ConnectionFactory.php(51): Illuminate\\Database\\Connectors\\ConnectionFactory->createSingleConnection()
#16 D:\\url_sorter\\url-shortener\\vendor\\laravel\\framework\\src\\Illuminate\\Database\\DatabaseManager.php(207): Illuminate\\Database\\Connectors\\ConnectionFactory->make()
#17 D:\\url_sorter\\url-shortener\\vendor\\laravel\\framework\\src\\Illuminate\\Database\\DatabaseManager.php(103): Illuminate\\Database\\DatabaseManager->makeConnection()
#18 D:\\url_sorter\\url-shortener\\vendor\\laravel\\framework\\src\\Illuminate\\Session\\SessionManager.php(108): Illuminate\\Database\\DatabaseManager->connection()
#19 D:\\url_sorter\\url-shortener\\vendor\\laravel\\framework\\src\\Illuminate\\Session\\SessionManager.php(95): Illuminate\\Session\\SessionManager->getDatabaseConnection()
#20 D:\\url_sorter\\url-shortener\\vendor\\laravel\\framework\\src\\Illuminate\\Support\\Manager.php(106): Illuminate\\Session\\SessionManager->createDatabaseDriver()
#21 D:\\url_sorter\\url-shortener\\vendor\\laravel\\framework\\src\\Illuminate\\Support\\Manager.php(80): Illuminate\\Support\\Manager->createDriver()
#22 D:\\url_sorter\\url-shortener\\vendor\\laravel\\framework\\src\\Illuminate\\Session\\SessionServiceProvider.php(52): Illuminate\\Support\\Manager->driver()
#23 D:\\url_sorter\\url-shortener\\vendor\\laravel\\framework\\src\\Illuminate\\Container\\Container.php(952): Illuminate\\Session\\SessionServiceProvider->{closure:Illuminate\\Session\\SessionServiceProvider::registerSessionDriver():48}()
#24 D:\\url_sorter\\url-shortener\\vendor\\laravel\\framework\\src\\Illuminate\\Container\\Container.php(832): Illuminate\\Container\\Container->build()
#25 D:\\url_sorter\\url-shortener\\vendor\\laravel\\framework\\src\\Illuminate\\Foundation\\Application.php(1078): Illuminate\\Container\\Container->resolve()
#26 D:\\url_sorter\\url-shortener\\vendor\\laravel\\framework\\src\\Illuminate\\Container\\Container.php(763): Illuminate\\Foundation\\Application->resolve()
#27 D:\\url_sorter\\url-shortener\\vendor\\laravel\\framework\\src\\Illuminate\\Foundation\\Application.php(1058): Illuminate\\Container\\Container->make()
#28 D:\\url_sorter\\url-shortener\\vendor\\laravel\\framework\\src\\Illuminate\\Container\\Container.php(1580): Illuminate\\Foundation\\Application->make()
#29 D:\\url_sorter\\url-shortener\\vendor\\laravel\\framework\\src\\Illuminate\\Routing\\RoutingServiceProvider.php(121): Illuminate\\Container\\Container->offsetGet()
#30 D:\\url_sorter\\url-shortener\\vendor\\laravel\\framework\\src\\Illuminate\\Container\\Container.php(952): Illuminate\\Routing\\RoutingServiceProvider->{closure:Illuminate\\Routing\\RoutingServiceProvider::registerRedirector():114}()
#31 D:\\url_sorter\\url-shortener\\vendor\\laravel\\framework\\src\\Illuminate\\Container\\Container.php(832): Illuminate\\Container\\Container->build()
#32 D:\\url_sorter\\url-shortener\\vendor\\laravel\\framework\\src\\Illuminate\\Foundation\\Application.php(1078): Illuminate\\Container\\Container->resolve()
#33 D:\\url_sorter\\url-shortener\\vendor\\laravel\\framework\\src\\Illuminate\\Container\\Container.php(763): Illuminate\\Foundation\\Application->resolve()
#34 D:\\url_sorter\\url-shortener\\vendor\\laravel\\framework\\src\\Illuminate\\Foundation\\Application.php(1058): Illuminate\\Container\\Container->make()
#35 D:\\url_sorter\\url-shortener\\vendor\\laravel\\framework\\src\\Illuminate\\Container\\Container.php(1580): Illuminate\\Foundation\\Application->make()
#36 D:\\url_sorter\\url-shortener\\vendor\\laravel\\framework\\src\\Illuminate\\Routing\\RoutingServiceProvider.php(177): Illuminate\\Container\\Container->offsetGet()
#37 D:\\url_sorter\\url-shortener\\vendor\\laravel\\framework\\src\\Illuminate\\Container\\Container.php(952): Illuminate\\Routing\\RoutingServiceProvider->{closure:Illuminate\\Routing\\RoutingServiceProvider::registerResponseFactory():176}()
#38 D:\\url_sorter\\url-shortener\\vendor\\laravel\\framework\\src\\Illuminate\\Container\\Container.php(832): Illuminate\\Container\\Container->build()
#39 D:\\url_sorter\\url-shortener\\vendor\\laravel\\framework\\src\\Illuminate\\Foundation\\Application.php(1078): Illuminate\\Container\\Container->resolve()
#40 D:\\url_sorter\\url-shortener\\vendor\\laravel\\framework\\src\\Illuminate\\Container\\Container.php(763): Illuminate\\Foundation\\Application->resolve()
#41 D:\\url_sorter\\url-shortener\\vendor\\laravel\\framework\\src\\Illuminate\\Foundation\\Application.php(1058): Illuminate\\Container\\Container->make()
#42 D:\\url_sorter\\url-shortener\\vendor\\laravel\\framework\\src\\Illuminate\\Foundation\\helpers.php(124): Illuminate\\Foundation\\Application->make()
#43 D:\\url_sorter\\url-shortener\\vendor\\laravel\\framework\\src\\Illuminate\\Foundation\\helpers.php(832): app()
#44 D:\\url_sorter\\url-shortener\\vendor\\laravel\\framework\\src\\Illuminate\\Foundation\\Exceptions\\Handler.php(894): response()
#45 D:\\url_sorter\\url-shortener\\vendor\\laravel\\framework\\src\\Illuminate\\Foundation\\Exceptions\\Handler.php(815): Illuminate\\Foundation\\Exceptions\\Handler->renderHttpException()
#46 D:\\url_sorter\\url-shortener\\vendor\\laravel\\framework\\src\\Illuminate\\Foundation\\Exceptions\\Handler.php(706): Illuminate\\Foundation\\Exceptions\\Handler->prepareResponse()
#47 D:\\url_sorter\\url-shortener\\vendor\\laravel\\framework\\src\\Illuminate\\Foundation\\Exceptions\\Handler.php(594): Illuminate\\Foundation\\Exceptions\\Handler->renderExceptionResponse()
#48 D:\\url_sorter\\url-shortener\\vendor\\laravel\\framework\\src\\Illuminate\\Routing\\Pipeline.php(51): Illuminate\\Foundation\\Exceptions\\Handler->render()
#49 D:\\url_sorter\\url-shortener\\vendor\\laravel\\framework\\src\\Illuminate\\Pipeline\\Pipeline.php(172): Illuminate\\Routing\\Pipeline->handleException()
#50 D:\\url_sorter\\url-shortener\\vendor\\laravel\\framework\\src\\Illuminate\\Foundation\\Http\\Middleware\\TransformsRequest.php(21): Illuminate\\Pipeline\\Pipeline->{closure:Illuminate\\Pipeline\\Pipeline::prepareDestination():168}()
#51 D:\\url_sorter\\url-shortener\\vendor\\laravel\\framework\\src\\Illuminate\\Foundation\\Http\\Middleware\\ConvertEmptyStringsToNull.php(31): Illuminate\\Foundation\\Http\\Middleware\\TransformsRequest->handle()
#52 D:\\url_sorter\\url-shortener\\vendor\\laravel\\framework\\src\\Illuminate\\Pipeline\\Pipeline.php(209): Illuminate\\Foundation\\Http\\Middleware\\ConvertEmptyStringsToNull->handle()
#53 D:\\url_sorter\\url-shortener\\vendor\\laravel\\framework\\src\\Illuminate\\Foundation\\Http\\Middleware\\TransformsRequest.php(21): Illuminate\\Pipeline\\Pipeline->{closure:{closure:Illuminate\\Pipeline\\Pipeline::carry():184}:185}()
#54 D:\\url_sorter\\url-shortener\\vendor\\laravel\\framework\\src\\Illuminate\\Foundation\\Http\\Middleware\\TrimStrings.php(51): Illuminate\\Foundation\\Http\\Middleware\\TransformsRequest->handle()
#55 D:\\url_sorter\\url-shortener\\vendor\\laravel\\framework\\src\\Illuminate\\Pipeline\\Pipeline.php(209): Illuminate\\Foundation\\Http\\Middleware\\TrimStrings->handle()
#56 D:\\url_sorter\\url-shortener\\vendor\\laravel\\framework\\src\\Illuminate\\Http\\Middleware\\ValidatePostSize.php(27): Illuminate\\Pipeline\\Pipeline->{closure:{closure:Illuminate\\Pipeline\\Pipeline::carry():184}:185}()
#57 D:\\url_sorter\\url-shortener\\vendor\\laravel\\framework\\src\\Illuminate\\Pipeline\\Pipeline.php(209): Illuminate\\Http\\Middleware\\ValidatePostSize->handle()
#58 D:\\url_sorter\\url-shortener\\vendor\\laravel\\framework\\src\\Illuminate\\Foundation\\Http\\Middleware\\PreventRequestsDuringMaintenance.php(110): Illuminate\\Pipeline\\Pipeline->{closure:{closure:Illuminate\\Pipeline\\Pipeline::carry():184}:185}()
#59 D:\\url_sorter\\url-shortener\\vendor\\laravel\\framework\\src\\Illuminate\\Pipeline\\Pipeline.php(209): Illuminate\\Foundation\\Http\\Middleware\\PreventRequestsDuringMaintenance->handle()
#60 D:\\url_sorter\\url-shortener\\vendor\\laravel\\framework\\src\\Illuminate\\Http\\Middleware\\HandleCors.php(49): Illuminate\\Pipeline\\Pipeline->{closure:{closure:Illuminate\\Pipeline\\Pipeline::carry():184}:185}()
#61 D:\\url_sorter\\url-shortener\\vendor\\laravel\\framework\\src\\Illuminate\\Pipeline\\Pipeline.php(209): Illuminate\\Http\\Middleware\\HandleCors->handle()
#62 D:\\url_sorter\\url-shortener\\vendor\\laravel\\framework\\src\\Illuminate\\Http\\Middleware\\TrustProxies.php(58): Illuminate\\Pipeline\\Pipeline->{closure:{closure:Illuminate\\Pipeline\\Pipeline::carry():184}:185}()
#63 D:\\url_sorter\\url-shortener\\vendor\\laravel\\framework\\src\\Illuminate\\Pipeline\\Pipeline.php(209): Illuminate\\Http\\Middleware\\TrustProxies->handle()
#64 D:\\url_sorter\\url-shortener\\vendor\\laravel\\framework\\src\\Illuminate\\Foundation\\Http\\Middleware\\InvokeDeferredCallbacks.php(22): Illuminate\\Pipeline\\Pipeline->{closure:{closure:Illuminate\\Pipeline\\Pipeline::carry():184}:185}()
#65 D:\\url_sorter\\url-shortener\\vendor\\laravel\\framework\\src\\Illuminate\\Pipeline\\Pipeline.php(209): Illuminate\\Foundation\\Http\\Middleware\\InvokeDeferredCallbacks->handle()
#66 D:\\url_sorter\\url-shortener\\vendor\\laravel\\framework\\src\\Illuminate\\Pipeline\\Pipeline.php(127): Illuminate\\Pipeline\\Pipeline->{closure:{closure:Illuminate\\Pipeline\\Pipeline::carry():184}:185}()
#67 D:\\url_sorter\\url-shortener\\vendor\\laravel\\framework\\src\\Illuminate\\Foundation\\Http\\Kernel.php(176): Illuminate\\Pipeline\\Pipeline->then()
#68 D:\\url_sorter\\url-shortener\\vendor\\laravel\\framework\\src\\Illuminate\\Foundation\\Http\\Kernel.php(145): Illuminate\\Foundation\\Http\\Kernel->sendRequestThroughRouter()
#69 D:\\url_sorter\\url-shortener\\vendor\\laravel\\framework\\src\\Illuminate\\Foundation\\Application.php(1220): Illuminate\\Foundation\\Http\\Kernel->handle()
#70 D:\\url_sorter\\url-shortener\\public\\index.php(20): Illuminate\\Foundation\\Application->handleRequest()
#71 D:\\url_sorter\\url-shortener\\vendor\\laravel\\framework\\src\\Illuminate\\Foundation\\resources\\server.php(23): require_once('...')
#72 {main}
"} 
[2025-12-06 17:18:08] local.ERROR: could not find driver (Connection: sqlite, SQL: PRAGMA foreign_keys = ON;) {"exception":"[object] (Illuminate\\Database\\QueryException(code: 0): could not find driver (Connection: sqlite, SQL: PRAGMA foreign_keys = ON;) at D:\\url_sorter\\url-shortener\\vendor\\laravel\\framework\\src\\Illuminate\\Database\\Connection.php:825)
[stacktrace]
#0 D:\\url_sorter\\url-shortener\\vendor\\laravel\\framework\\src\\Illuminate\\Database\\Connection.php(779): Illuminate\\Database\\Connection->runQueryCallback()
#1 D:\\url_sorter\\url-shortener\\vendor\\laravel\\framework\\src\\Illuminate\\Database\\Connection.php(560): Illuminate\\Database\\Connection->run()
#2 D:\\url_sorter\\url-shortener\\vendor\\laravel\\framework\\src\\Illuminate\\Database\\Schema\\Builder.php(522): Illuminate\\Database\\Connection->statement()
#3 D:\\url_sorter\\url-shortener\\vendor\\laravel\\framework\\src\\Illuminate\\Database\\SQLiteConnection.php(59): Illuminate\\Database\\Schema\\Builder->enableForeignKeyConstraints()
#4 D:\\url_sorter\\url-shortener\\vendor\\laravel\\framework\\src\\Illuminate\\Database\\SQLiteConnection.php(28): Illuminate\\Database\\SQLiteConnection->configureForeignKeyConstraints()
#5 D:\\url_sorter\\url-shortener\\vendor\\laravel\\framework\\src\\Illuminate\\Database\\Connectors\\ConnectionFactory.php(277): Illuminate\\Database\\SQLiteConnection->__construct()
#6 D:\\url_sorter\\url-shortener\\vendor\\laravel\\framework\\src\\Illuminate\\Database\\Connectors\\ConnectionFactory.php(76): Illuminate\\Database\\Connectors\\ConnectionFactory->createConnection()
#7 D:\\url_sorter\\url-shortener\\vendor\\laravel\\framework\\src\\Illuminate\\Database\\Connectors\\ConnectionFactory.php(51): Illuminate\\Database\\Connectors\\ConnectionFactory->createSingleConnection()
#8 D:\\url_sorter\\url-shortener\\vendor\\laravel\\framework\\src\\Illuminate\\Database\\DatabaseManager.php(207): Illuminate\\Database\\Connectors\\ConnectionFactory->make()
#9 D:\\url_sorter\\url-shortener\\vendor\\laravel\\framework\\src\\Illuminate\\Database\\DatabaseManager.php(103): Illuminate\\Database\\DatabaseManager->makeConnection()
#10 D:\\url_sorter\\url-shortener\\vendor\\laravel\\framework\\src\\Illuminate\\Session\\SessionManager.php(108): Illuminate\\Database\\DatabaseManager->connection()
#11 D:\\url_sorter\\url-shortener\\vendor\\laravel\\framework\\src\\Illuminate\\Session\\SessionManager.php(95): Illuminate\\Session\\SessionManager->getDatabaseConnection()
#12 D:\\url_sorter\\url-shortener\\vendor\\laravel\\framework\\src\\Illuminate\\Support\\Manager.php(106): Illuminate\\Session\\SessionManager->createDatabaseDriver()
#13 D:\\url_sorter\\url-shortener\\vendor\\laravel\\framework\\src\\Illuminate\\Support\\Manager.php(80): Illuminate\\Support\\Manager->createDriver()
#14 D:\\url_sorter\\url-shortener\\vendor\\laravel\\framework\\src\\Illuminate\\Session\\SessionServiceProvider.php(52): Illuminate\\Support\\Manager->driver()
#15 D:\\url_sorter\\url-shortener\\vendor\\laravel\\framework\\src\\Illuminate\\Container\\Container.php(952): Illuminate\\Session\\SessionServiceProvider->{closure:Illuminate\\Session\\SessionServiceProvider::registerSessionDriver():48}()
#16 D:\\url_sorter\\url-shortener\\vendor\\laravel\\framework\\src\\Illuminate\\Container\\Container.php(832): Illuminate\\Container\\Container->build()
#17 D:\\url_sorter\\url-shortener\\vendor\\laravel\\framework\\src\\Illuminate\\Foundation\\Application.php(1078): Illuminate\\Container\\Container->resolve()
#18 D:\\url_sorter\\url-shortener\\vendor\\laravel\\framework\\src\\Illuminate\\Container\\Container.php(763): Illuminate\\Foundation\\Application->resolve()
#19 D:\\url_sorter\\url-shortener\\vendor\\laravel\\framework\\src\\Illuminate\\Foundation\\Application.php(1058): Illuminate\\Container\\Container->make()
#20 D:\\url_sorter\\url-shortener\\vendor\\laravel\\framework\\src\\Illuminate\\Container\\Container.php(1580): Illuminate\\Foundation\\Application->make()
#21 D:\\url_sorter\\url-shortener\\vendor\\laravel\\framework\\src\\Illuminate\\Routing\\RoutingServiceProvider.php(121): Illuminate\\Container\\Container->offsetGet()
#22 D:\\url_sorter\\url-shortener\\vendor\\laravel\\framework\\src\\Illuminate\\Container\\Container.php(952): Illuminate\\Routing\\RoutingServiceProvider->{closure:Illuminate\\Routing\\RoutingServiceProvider::registerRedirector():114}()
#23 D:\\url_sorter\\url-shortener\\vendor\\laravel\\framework\\src\\Illuminate\\Container\\Container.php(832): Illuminate\\Container\\Container->build()
#24 D:\\url_sorter\\url-shortener\\vendor\\laravel\\framework\\src\\Illuminate\\Foundation\\Application.php(1078): Illuminate\\Container\\Container->resolve()
#25 D:\\url_sorter\\url-shortener\\vendor\\laravel\\framework\\src\\Illuminate\\Container\\Container.php(763): Illuminate\\Foundation\\Application->resolve()
#26 D:\\url_sorter\\url-shortener\\vendor\\laravel\\framework\\src\\Illuminate\\Foundation\\Application.php(1058): Illuminate\\Container\\Container->make()
#27 D:\\url_sorter\\url-shortener\\vendor\\laravel\\framework\\src\\Illuminate\\Container\\Container.php(1580): Illuminate\\Foundation\\Application->make()
#28 D:\\url_sorter\\url-shortener\\vendor\\laravel\\framework\\src\\Illuminate\\Routing\\RoutingServiceProvider.php(177): Illuminate\\Container\\Container->offsetGet()
#29 D:\\url_sorter\\url-shortener\\vendor\\laravel\\framework\\src\\Illuminate\\Container\\Container.php(952): Illuminate\\Routing\\RoutingServiceProvider->{closure:Illuminate\\Routing\\RoutingServiceProvider::registerResponseFactory():176}()
#30 D:\\url_sorter\\url-shortener\\vendor\\laravel\\framework\\src\\Illuminate\\Container\\Container.php(832): Illuminate\\Container\\Container->build()
#31 D:\\url_sorter\\url-shortener\\vendor\\laravel\\framework\\src\\Illuminate\\Foundation\\Application.php(1078): Illuminate\\Container\\Container->resolve()
#32 D:\\url_sorter\\url-shortener\\vendor\\laravel\\framework\\src\\Illuminate\\Container\\Container.php(763): Illuminate\\Foundation\\Application->resolve()
#33 D:\\url_sorter\\url-shortener\\vendor\\laravel\\framework\\src\\Illuminate\\Foundation\\Application.php(1058): Illuminate\\Container\\Container->make()
#34 D:\\url_sorter\\url-shortener\\vendor\\laravel\\framework\\src\\Illuminate\\Foundation\\helpers.php(124): Illuminate\\Foundation\\Application->make()
#35 D:\\url_sorter\\url-shortener\\vendor\\laravel\\framework\\src\\Illuminate\\Foundation\\helpers.php(832): app()
#36 D:\\url_sorter\\url-shortener\\vendor\\laravel\\framework\\src\\Illuminate\\Foundation\\Exceptions\\Handler.php(894): response()
#37 D:\\url_sorter\\url-shortener\\vendor\\laravel\\framework\\src\\Illuminate\\Foundation\\Exceptions\\Handler.php(815): Illuminate\\Foundation\\Exceptions\\Handler->renderHttpException()
#38 D:\\url_sorter\\url-shortener\\vendor\\laravel\\framework\\src\\Illuminate\\Foundation\\Exceptions\\Handler.php(706): Illuminate\\Foundation\\Exceptions\\Handler->prepareResponse()
#39 D:\\url_sorter\\url-shortener\\vendor\\laravel\\framework\\src\\Illuminate\\Foundation\\Exceptions\\Handler.php(594): Illuminate\\Foundation\\Exceptions\\Handler->renderExceptionResponse()
#40 D:\\url_sorter\\url-shortener\\vendor\\laravel\\framework\\src\\Illuminate\\Routing\\Pipeline.php(51): Illuminate\\Foundation\\Exceptions\\Handler->render()
#41 D:\\url_sorter\\url-shortener\\vendor\\laravel\\framework\\src\\Illuminate\\Pipeline\\Pipeline.php(172): Illuminate\\Routing\\Pipeline->handleException()
#42 D:\\url_sorter\\url-shortener\\vendor\\laravel\\framework\\src\\Illuminate\\Foundation\\Http\\Middleware\\TransformsRequest.php(21): Illuminate\\Pipeline\\Pipeline->{closure:Illuminate\\Pipeline\\Pipeline::prepareDestination():168}()
#43 D:\\url_sorter\\url-shortener\\vendor\\laravel\\framework\\src\\Illuminate\\Foundation\\Http\\Middleware\\ConvertEmptyStringsToNull.php(31): Illuminate\\Foundation\\Http\\Middleware\\TransformsRequest->handle()
#44 D:\\url_sorter\\url-shortener\\vendor\\laravel\\framework\\src\\Illuminate\\Pipeline\\Pipeline.php(209): Illuminate\\Foundation\\Http\\Middleware\\ConvertEmptyStringsToNull->handle()
#45 D:\\url_sorter\\url-shortener\\vendor\\laravel\\framework\\src\\Illuminate\\Foundation\\Http\\Middleware\\TransformsRequest.php(21): Illuminate\\Pipeline\\Pipeline->{closure:{closure:Illuminate\\Pipeline\\Pipeline::carry():184}:185}()
#46 D:\\url_sorter\\url-shortener\\vendor\\laravel\\framework\\src\\Illuminate\\Foundation\\Http\\Middleware\\TrimStrings.php(51): Illuminate\\Foundation\\Http\\Middleware\\TransformsRequest->handle()
#47 D:\\url_sorter\\url-shortener\\vendor\\laravel\\framework\\src\\Illuminate\\Pipeline\\Pipeline.php(209): Illuminate\\Foundation\\Http\\Middleware\\TrimStrings->handle()
#48 D:\\url_sorter\\url-shortener\\vendor\\laravel\\framework\\src\\Illuminate\\Http\\Middleware\\ValidatePostSize.php(27): Illuminate\\Pipeline\\Pipeline->{closure:{closure:Illuminate\\Pipeline\\Pipeline::carry():184}:185}()
#49 D:\\url_sorter\\url-shortener\\vendor\\laravel\\framework\\src\\Illuminate\\Pipeline\\Pipeline.php(209): Illuminate\\Http\\Middleware\\ValidatePostSize->handle()
#50 D:\\url_sorter\\url-shortener\\vendor\\laravel\\framework\\src\\Illuminate\\Foundation\\Http\\Middleware\\PreventRequestsDuringMaintenance.php(110): Illuminate\\Pipeline\\Pipeline->{closure:{closure:Illuminate\\Pipeline\\Pipeline::carry():184}:185}()
#51 D:\\url_sorter\\url-shortener\\vendor\\laravel\\framework\\src\\Illuminate\\Pipeline\\Pipeline.php(209): Illuminate\\Foundation\\Http\\Middleware\\PreventRequestsDuringMaintenance->handle()
#52 D:\\url_sorter\\url-shortener\\vendor\\laravel\\framework\\src\\Illuminate\\Http\\Middleware\\HandleCors.php(49): Illuminate\\Pipeline\\Pipeline->{closure:{closure:Illuminate\\Pipeline\\Pipeline::carry():184}:185}()
#53 D:\\url_sorter\\url-shortener\\vendor\\laravel\\framework\\src\\Illuminate\\Pipeline\\Pipeline.php(209): Illuminate\\Http\\Middleware\\HandleCors->handle()
#54 D:\\url_sorter\\url-shortener\\vendor\\laravel\\framework\\src\\Illuminate\\Http\\Middleware\\TrustProxies.php(58): Illuminate\\Pipeline\\Pipeline->{closure:{closure:Illuminate\\Pipeline\\Pipeline::carry():184}:185}()
#55 D:\\url_sorter\\url-shortener\\vendor\\laravel\\framework\\src\\Illuminate\\Pipeline\\Pipeline.php(209): Illuminate\\Http\\Middleware\\TrustProxies->handle()
#56 D:\\url_sorter\\url-shortener\\vendor\\laravel\\framework\\src\\Illuminate\\Foundation\\Http\\Middleware\\InvokeDeferredCallbacks.php(22): Illuminate\\Pipeline\\Pipeline->{closure:{closure:Illuminate\\Pipeline\\Pipeline::carry():184}:185}()
#57 D:\\url_sorter\\url-shortener\\vendor\\laravel\\framework\\src\\Illuminate\\Pipeline\\Pipeline.php(209): Illuminate\\Foundation\\Http\\Middleware\\InvokeDeferredCallbacks->handle()
#58 D:\\url_sorter\\url-shortener\\vendor\\laravel\\framework\\src\\Illuminate\\Pipeline\\Pipeline.php(127): Illuminate\\Pipeline\\Pipeline->{closure:{closure:Illuminate\\Pipeline\\Pipeline::carry():184}:185}()
#59 D:\\url_sorter\\url-shortener\\vendor\\laravel\\framework\\src\\Illuminate\\Foundation\\Http\\Kernel.php(176): Illuminate\\Pipeline\\Pipeline->then()
#60 D:\\url_sorter\\url-shortener\\vendor\\laravel\\framework\\src\\Illuminate\\Foundation\\Http\\Kernel.php(145): Illuminate\\Foundation\\Http\\Kernel->sendRequestThroughRouter()
#61 D:\\url_sorter\\url-shortener\\vendor\\laravel\\framework\\src\\Illuminate\\Foundation\\Application.php(1220): Illuminate\\Foundation\\Http\\Kernel->handle()
#62 D:\\url_sorter\\url-shortener\\public\\index.php(20): Illuminate\\Foundation\\Application->handleRequest()
#63 D:\\url_sorter\\url-shortener\\vendor\\laravel\\framework\\src\\Illuminate\\Foundation\\resources\\server.php(23): require_once('...')
#64 {main}

[previous exception] [object] (PDOException(code: 0): could not find driver at D:\\url_sorter\\url-shortener\\vendor\\laravel\\framework\\src\\Illuminate\\Database\\Connectors\\Connector.php:67)
[stacktrace]
#0 D:\\url_sorter\\url-shortener\\vendor\\laravel\\framework\\src\\Illuminate\\Database\\Connectors\\Connector.php(67): PDO::connect()
#1 D:\\url_sorter\\url-shortener\\vendor\\laravel\\framework\\src\\Illuminate\\Database\\Connectors\\Connector.php(44): Illuminate\\Database\\Connectors\\Connector->createPdoConnection()
#2 D:\\url_sorter\\url-shortener\\vendor\\laravel\\framework\\src\\Illuminate\\Database\\Connectors\\SQLiteConnector.php(40): Illuminate\\Database\\Connectors\\Connector->createConnection()
#3 D:\\url_sorter\\url-shortener\\vendor\\laravel\\framework\\src\\Illuminate\\Database\\Connectors\\ConnectionFactory.php(224): Illuminate\\Database\\Connectors\\SQLiteConnector->connect()
#4 [internal function]: Illuminate\\Database\\Connectors\\ConnectionFactory->{closure:Illuminate\\Database\\Connectors\\ConnectionFactory::createPdoResolverWithoutHosts():224}()
#5 D:\\url_sorter\\url-shortener\\vendor\\laravel\\framework\\src\\Illuminate\\Database\\Connection.php(1231): call_user_func()
#6 D:\\url_sorter\\url-shortener\\vendor\\laravel\\framework\\src\\Illuminate\\Database\\Connection.php(565): Illuminate\\Database\\Connection->getPdo()
#7 D:\\url_sorter\\url-shortener\\vendor\\laravel\\framework\\src\\Illuminate\\Database\\Connection.php(812): Illuminate\\Database\\Connection->{closure:Illuminate\\Database\\Connection::statement():560}()
#8 D:\\url_sorter\\url-shortener\\vendor\\laravel\\framework\\src\\Illuminate\\Database\\Connection.php(779): Illuminate\\Database\\Connection->runQueryCallback()
#9 D:\\url_sorter\\url-shortener\\vendor\\laravel\\framework\\src\\Illuminate\\Database\\Connection.php(560): Illuminate\\Database\\Connection->run()
#10 D:\\url_sorter\\url-shortener\\vendor\\laravel\\framework\\src\\Illuminate\\Database\\Schema\\Builder.php(522): Illuminate\\Database\\Connection->statement()
#11 D:\\url_sorter\\url-shortener\\vendor\\laravel\\framework\\src\\Illuminate\\Database\\SQLiteConnection.php(59): Illuminate\\Database\\Schema\\Builder->enableForeignKeyConstraints()
#12 D:\\url_sorter\\url-shortener\\vendor\\laravel\\framework\\src\\Illuminate\\Database\\SQLiteConnection.php(28): Illuminate\\Database\\SQLiteConnection->configureForeignKeyConstraints()
#13 D:\\url_sorter\\url-shortener\\vendor\\laravel\\framework\\src\\Illuminate\\Database\\Connectors\\ConnectionFactory.php(277): Illuminate\\Database\\SQLiteConnection->__construct()
#14 D:\\url_sorter\\url-shortener\\vendor\\laravel\\framework\\src\\Illuminate\\Database\\Connectors\\ConnectionFactory.php(76): Illuminate\\Database\\Connectors\\ConnectionFactory->createConnection()
#15 D:\\url_sorter\\url-shortener\\vendor\\laravel\\framework\\src\\Illuminate\\Database\\Connectors\\ConnectionFactory.php(51): Illuminate\\Database\\Connectors\\ConnectionFactory->createSingleConnection()
#16 D:\\url_sorter\\url-shortener\\vendor\\laravel\\framework\\src\\Illuminate\\Database\\DatabaseManager.php(207): Illuminate\\Database\\Connectors\\ConnectionFactory->make()
#17 D:\\url_sorter\\url-shortener\\vendor\\laravel\\framework\\src\\Illuminate\\Database\\DatabaseManager.php(103): Illuminate\\Database\\DatabaseManager->makeConnection()
#18 D:\\url_sorter\\url-shortener\\vendor\\laravel\\framework\\src\\Illuminate\\Session\\SessionManager.php(108): Illuminate\\Database\\DatabaseManager->connection()
#19 D:\\url_sorter\\url-shortener\\vendor\\laravel\\framework\\src\\Illuminate\\Session\\SessionManager.php(95): Illuminate\\Session\\SessionManager->getDatabaseConnection()
#20 D:\\url_sorter\\url-shortener\\vendor\\laravel\\framework\\src\\Illuminate\\Support\\Manager.php(106): Illuminate\\Session\\SessionManager->createDatabaseDriver()
#21 D:\\url_sorter\\url-shortener\\vendor\\laravel\\framework\\src\\Illuminate\\Support\\Manager.php(80): Illuminate\\Support\\Manager->createDriver()
#22 D:\\url_sorter\\url-shortener\\vendor\\laravel\\framework\\src\\Illuminate\\Session\\SessionServiceProvider.php(52): Illuminate\\Support\\Manager->driver()
#23 D:\\url_sorter\\url-shortener\\vendor\\laravel\\framework\\src\\Illuminate\\Container\\Container.php(952): Illuminate\\Session\\SessionServiceProvider->{closure:Illuminate\\Session\\SessionServiceProvider::registerSessionDriver():48}()
#24 D:\\url_sorter\\url-shortener\\vendor\\laravel\\framework\\src\\Illuminate\\Container\\Container.php(832): Illuminate\\Container\\Container->build()
#25 D:\\url_sorter\\url-shortener\\vendor\\laravel\\framework\\src\\Illuminate\\Foundation\\Application.php(1078): Illuminate\\Container\\Container->resolve()
#26 D:\\url_sorter\\url-shortener\\vendor\\laravel\\framework\\src\\Illuminate\\Container\\Container.php(763): Illuminate\\Foundation\\Application->resolve()
#27 D:\\url_sorter\\url-shortener\\vendor\\laravel\\framework\\src\\Illuminate\\Foundation\\Application.php(1058): Illuminate\\Container\\Container->make()
#28 D:\\url_sorter\\url-shortener\\vendor\\laravel\\framework\\src\\Illuminate\\Container\\Container.php(1580): Illuminate\\Foundation\\Application->make()
#29 D:\\url_sorter\\url-shortener\\vendor\\laravel\\framework\\src\\Illuminate\\Routing\\RoutingServiceProvider.php(121): Illuminate\\Container\\Container->offsetGet()
#30 D:\\url_sorter\\url-shortener\\vendor\\laravel\\framework\\src\\Illuminate\\Container\\Container.php(952): Illuminate\\Routing\\RoutingServiceProvider->{closure:Illuminate\\Routing\\RoutingServiceProvider::registerRedirector():114}()
#31 D:\\url_sorter\\url-shortener\\vendor\\laravel\\framework\\src\\Illuminate\\Container\\Container.php(832): Illuminate\\Container\\Container->build()
#32 D:\\url_sorter\\url-shortener\\vendor\\laravel\\framework\\src\\Illuminate\\Foundation\\Application.php(1078): Illuminate\\Container\\Container->resolve()
#33 D:\\url_sorter\\url-shortener\\vendor\\laravel\\framework\\src\\Illuminate\\Container\\Container.php(763): Illuminate\\Foundation\\Application->resolve()
#34 D:\\url_sorter\\url-shortener\\vendor\\laravel\\framework\\src\\Illuminate\\Foundation\\Application.php(1058): Illuminate\\Container\\Container->make()
#35 D:\\url_sorter\\url-shortener\\vendor\\laravel\\framework\\src\\Illuminate\\Container\\Container.php(1580): Illuminate\\Foundation\\Application->make()
#36 D:\\url_sorter\\url-shortener\\vendor\\laravel\\framework\\src\\Illuminate\\Routing\\RoutingServiceProvider.php(177): Illuminate\\Container\\Container->offsetGet()
#37 D:\\url_sorter\\url-shortener\\vendor\\laravel\\framework\\src\\Illuminate\\Container\\Container.php(952): Illuminate\\Routing\\RoutingServiceProvider->{closure:Illuminate\\Routing\\RoutingServiceProvider::registerResponseFactory():176}()
#38 D:\\url_sorter\\url-shortener\\vendor\\laravel\\framework\\src\\Illuminate\\Container\\Container.php(832): Illuminate\\Container\\Container->build()
#39 D:\\url_sorter\\url-shortener\\vendor\\laravel\\framework\\src\\Illuminate\\Foundation\\Application.php(1078): Illuminate\\Container\\Container->resolve()
#40 D:\\url_sorter\\url-shortener\\vendor\\laravel\\framework\\src\\Illuminate\\Container\\Container.php(763): Illuminate\\Foundation\\Application->resolve()
#41 D:\\url_sorter\\url-shortener\\vendor\\laravel\\framework\\src\\Illuminate\\Foundation\\Application.php(1058): Illuminate\\Container\\Container->make()
#42 D:\\url_sorter\\url-shortener\\vendor\\laravel\\framework\\src\\Illuminate\\Foundation\\helpers.php(124): Illuminate\\Foundation\\Application->make()
#43 D:\\url_sorter\\url-shortener\\vendor\\laravel\\framework\\src\\Illuminate\\Foundation\\helpers.php(832): app()
#44 D:\\url_sorter\\url-shortener\\vendor\\laravel\\framework\\src\\Illuminate\\Foundation\\Exceptions\\Handler.php(894): response()
#45 D:\\url_sorter\\url-shortener\\vendor\\laravel\\framework\\src\\Illuminate\\Foundation\\Exceptions\\Handler.php(815): Illuminate\\Foundation\\Exceptions\\Handler->renderHttpException()
#46 D:\\url_sorter\\url-shortener\\vendor\\laravel\\framework\\src\\Illuminate\\Foundation\\Exceptions\\Handler.php(706): Illuminate\\Foundation\\Exceptions\\Handler->prepareResponse()
#47 D:\\url_sorter\\url-shortener\\vendor\\laravel\\framework\\src\\Illuminate\\Foundation\\Exceptions\\Handler.php(594): Illuminate\\Foundation\\Exceptions\\Handler->renderExceptionResponse()
#48 D:\\url_sorter\\url-shortener\\vendor\\laravel\\framework\\src\\Illuminate\\Routing\\Pipeline.php(51): Illuminate\\Foundation\\Exceptions\\Handler->render()
#49 D:\\url_sorter\\url-shortener\\vendor\\laravel\\framework\\src\\Illuminate\\Pipeline\\Pipeline.php(172): Illuminate\\Routing\\Pipeline->handleException()
#50 D:\\url_sorter\\url-shortener\\vendor\\laravel\\framework\\src\\Illuminate\\Foundation\\Http\\Middleware\\TransformsRequest.php(21): Illuminate\\Pipeline\\Pipeline->{closure:Illuminate\\Pipeline\\Pipeline::prepareDestination():168}()
#51 D:\\url_sorter\\url-shortener\\vendor\\laravel\\framework\\src\\Illuminate\\Foundation\\Http\\Middleware\\ConvertEmptyStringsToNull.php(31): Illuminate\\Foundation\\Http\\Middleware\\TransformsRequest->handle()
#52 D:\\url_sorter\\url-shortener\\vendor\\laravel\\framework\\src\\Illuminate\\Pipeline\\Pipeline.php(209): Illuminate\\Foundation\\Http\\Middleware\\ConvertEmptyStringsToNull->handle()
#53 D:\\url_sorter\\url-shortener\\vendor\\laravel\\framework\\src\\Illuminate\\Foundation\\Http\\Middleware\\TransformsRequest.php(21): Illuminate\\Pipeline\\Pipeline->{closure:{closure:Illuminate\\Pipeline\\Pipeline::carry():184}:185}()
#54 D:\\url_sorter\\url-shortener\\vendor\\laravel\\framework\\src\\Illuminate\\Foundation\\Http\\Middleware\\TrimStrings.php(51): Illuminate\\Foundation\\Http\\Middleware\\TransformsRequest->handle()
#55 D:\\url_sorter\\url-shortener\\vendor\\laravel\\framework\\src\\Illuminate\\Pipeline\\Pipeline.php(209): Illuminate\\Foundation\\Http\\Middleware\\TrimStrings->handle()
#56 D:\\url_sorter\\url-shortener\\vendor\\laravel\\framework\\src\\Illuminate\\Http\\Middleware\\ValidatePostSize.php(27): Illuminate\\Pipeline\\Pipeline->{closure:{closure:Illuminate\\Pipeline\\Pipeline::carry():184}:185}()
#57 D:\\url_sorter\\url-shortener\\vendor\\laravel\\framework\\src\\Illuminate\\Pipeline\\Pipeline.php(209): Illuminate\\Http\\Middleware\\ValidatePostSize->handle()
#58 D:\\url_sorter\\url-shortener\\vendor\\laravel\\framework\\src\\Illuminate\\Foundation\\Http\\Middleware\\PreventRequestsDuringMaintenance.php(110): Illuminate\\Pipeline\\Pipeline->{closure:{closure:Illuminate\\Pipeline\\Pipeline::carry():184}:185}()
#59 D:\\url_sorter\\url-shortener\\vendor\\laravel\\framework\\src\\Illuminate\\Pipeline\\Pipeline.php(209): Illuminate\\Foundation\\Http\\Middleware\\PreventRequestsDuringMaintenance->handle()
#60 D:\\url_sorter\\url-shortener\\vendor\\laravel\\framework\\src\\Illuminate\\Http\\Middleware\\HandleCors.php(49): Illuminate\\Pipeline\\Pipeline->{closure:{closure:Illuminate\\Pipeline\\Pipeline::carry():184}:185}()
#61 D:\\url_sorter\\url-shortener\\vendor\\laravel\\framework\\src\\Illuminate\\Pipeline\\Pipeline.php(209): Illuminate\\Http\\Middleware\\HandleCors->handle()
#62 D:\\url_sorter\\url-shortener\\vendor\\laravel\\framework\\src\\Illuminate\\Http\\Middleware\\TrustProxies.php(58): Illuminate\\Pipeline\\Pipeline->{closure:{closure:Illuminate\\Pipeline\\Pipeline::carry():184}:185}()
#63 D:\\url_sorter\\url-shortener\\vendor\\laravel\\framework\\src\\Illuminate\\Pipeline\\Pipeline.php(209): Illuminate\\Http\\Middleware\\TrustProxies->handle()
#64 D:\\url_sorter\\url-shortener\\vendor\\laravel\\framework\\src\\Illuminate\\Foundation\\Http\\Middleware\\InvokeDeferredCallbacks.php(22): Illuminate\\Pipeline\\Pipeline->{closure:{closure:Illuminate\\Pipeline\\Pipeline::carry():184}:185}()
#65 D:\\url_sorter\\url-shortener\\vendor\\laravel\\framework\\src\\Illuminate\\Pipeline\\Pipeline.php(209): Illuminate\\Foundation\\Http\\Middleware\\InvokeDeferredCallbacks->handle()
#66 D:\\url_sorter\\url-shortener\\vendor\\laravel\\framework\\src\\Illuminate\\Pipeline\\Pipeline.php(127): Illuminate\\Pipeline\\Pipeline->{closure:{closure:Illuminate\\Pipeline\\Pipeline::carry():184}:185}()
#67 D:\\url_sorter\\url-shortener\\vendor\\laravel\\framework\\src\\Illuminate\\Foundation\\Http\\Kernel.php(176): Illuminate\\Pipeline\\Pipeline->then()
#68 D:\\url_sorter\\url-shortener\\vendor\\laravel\\framework\\src\\Illuminate\\Foundation\\Http\\Kernel.php(145): Illuminate\\Foundation\\Http\\Kernel->sendRequestThroughRouter()
#69 D:\\url_sorter\\url-shortener\\vendor\\laravel\\framework\\src\\Illuminate\\Foundation\\Application.php(1220): Illuminate\\Foundation\\Http\\Kernel->handle()
#70 D:\\url_sorter\\url-shortener\\public\\index.php(20): Illuminate\\Foundation\\Application->handleRequest()
#71 D:\\url_sorter\\url-shortener\\vendor\\laravel\\framework\\src\\Illuminate\\Foundation\\resources\\server.php(23): require_once('...')
#72 {main}
"} 
[2025-12-06 17:19:54] local.ERROR: could not find driver (Connection: sqlite, SQL: PRAGMA foreign_keys = ON;) {"exception":"[object] (Illuminate\\Database\\QueryException(code: 0): could not find driver (Connection: sqlite, SQL: PRAGMA foreign_keys = ON;) at D:\\url_sorter\\url-shortener\\vendor\\laravel\\framework\\src\\Illuminate\\Database\\Connection.php:825)
[stacktrace]
#0 D:\\url_sorter\\url-shortener\\vendor\\laravel\\framework\\src\\Illuminate\\Database\\Connection.php(779): Illuminate\\Database\\Connection->runQueryCallback()
#1 D:\\url_sorter\\url-shortener\\vendor\\laravel\\framework\\src\\Illuminate\\Database\\Connection.php(560): Illuminate\\Database\\Connection->run()
#2 D:\\url_sorter\\url-shortener\\vendor\\laravel\\framework\\src\\Illuminate\\Database\\Schema\\Builder.php(522): Illuminate\\Database\\Connection->statement()
#3 D:\\url_sorter\\url-shortener\\vendor\\laravel\\framework\\src\\Illuminate\\Database\\SQLiteConnection.php(59): Illuminate\\Database\\Schema\\Builder->enableForeignKeyConstraints()
#4 D:\\url_sorter\\url-shortener\\vendor\\laravel\\framework\\src\\Illuminate\\Database\\SQLiteConnection.php(28): Illuminate\\Database\\SQLiteConnection->configureForeignKeyConstraints()
#5 D:\\url_sorter\\url-shortener\\vendor\\laravel\\framework\\src\\Illuminate\\Database\\Connectors\\ConnectionFactory.php(277): Illuminate\\Database\\SQLiteConnection->__construct()
#6 D:\\url_sorter\\url-shortener\\vendor\\laravel\\framework\\src\\Illuminate\\Database\\Connectors\\ConnectionFactory.php(76): Illuminate\\Database\\Connectors\\ConnectionFactory->createConnection()
#7 D:\\url_sorter\\url-shortener\\vendor\\laravel\\framework\\src\\Illuminate\\Database\\Connectors\\ConnectionFactory.php(51): Illuminate\\Database\\Connectors\\ConnectionFactory->createSingleConnection()
#8 D:\\url_sorter\\url-shortener\\vendor\\laravel\\framework\\src\\Illuminate\\Database\\DatabaseManager.php(207): Illuminate\\Database\\Connectors\\ConnectionFactory->make()
#9 D:\\url_sorter\\url-shortener\\vendor\\laravel\\framework\\src\\Illuminate\\Database\\DatabaseManager.php(103): Illuminate\\Database\\DatabaseManager->makeConnection()
#10 D:\\url_sorter\\url-shortener\\vendor\\laravel\\framework\\src\\Illuminate\\Session\\SessionManager.php(108): Illuminate\\Database\\DatabaseManager->connection()
#11 D:\\url_sorter\\url-shortener\\vendor\\laravel\\framework\\src\\Illuminate\\Session\\SessionManager.php(95): Illuminate\\Session\\SessionManager->getDatabaseConnection()
#12 D:\\url_sorter\\url-shortener\\vendor\\laravel\\framework\\src\\Illuminate\\Support\\Manager.php(106): Illuminate\\Session\\SessionManager->createDatabaseDriver()
#13 D:\\url_sorter\\url-shortener\\vendor\\laravel\\framework\\src\\Illuminate\\Support\\Manager.php(80): Illuminate\\Support\\Manager->createDriver()
#14 D:\\url_sorter\\url-shortener\\vendor\\laravel\\framework\\src\\Illuminate\\Session\\SessionServiceProvider.php(52): Illuminate\\Support\\Manager->driver()
#15 D:\\url_sorter\\url-shortener\\vendor\\laravel\\framework\\src\\Illuminate\\Container\\Container.php(952): Illuminate\\Session\\SessionServiceProvider->{closure:Illuminate\\Session\\SessionServiceProvider::registerSessionDriver():48}()
#16 D:\\url_sorter\\url-shortener\\vendor\\laravel\\framework\\src\\Illuminate\\Container\\Container.php(832): Illuminate\\Container\\Container->build()
#17 D:\\url_sorter\\url-shortener\\vendor\\laravel\\framework\\src\\Illuminate\\Foundation\\Application.php(1078): Illuminate\\Container\\Container->resolve()
#18 D:\\url_sorter\\url-shortener\\vendor\\laravel\\framework\\src\\Illuminate\\Container\\Container.php(763): Illuminate\\Foundation\\Application->resolve()
#19 D:\\url_sorter\\url-shortener\\vendor\\laravel\\framework\\src\\Illuminate\\Foundation\\Application.php(1058): Illuminate\\Container\\Container->make()
#20 D:\\url_sorter\\url-shortener\\vendor\\laravel\\framework\\src\\Illuminate\\Container\\Container.php(1580): Illuminate\\Foundation\\Application->make()
#21 D:\\url_sorter\\url-shortener\\vendor\\laravel\\framework\\src\\Illuminate\\Routing\\RoutingServiceProvider.php(121): Illuminate\\Container\\Container->offsetGet()
#22 D:\\url_sorter\\url-shortener\\vendor\\laravel\\framework\\src\\Illuminate\\Container\\Container.php(952): Illuminate\\Routing\\RoutingServiceProvider->{closure:Illuminate\\Routing\\RoutingServiceProvider::registerRedirector():114}()
#23 D:\\url_sorter\\url-shortener\\vendor\\laravel\\framework\\src\\Illuminate\\Container\\Container.php(832): Illuminate\\Container\\Container->build()
#24 D:\\url_sorter\\url-shortener\\vendor\\laravel\\framework\\src\\Illuminate\\Foundation\\Application.php(1078): Illuminate\\Container\\Container->resolve()
#25 D:\\url_sorter\\url-shortener\\vendor\\laravel\\framework\\src\\Illuminate\\Container\\Container.php(763): Illuminate\\Foundation\\Application->resolve()
#26 D:\\url_sorter\\url-shortener\\vendor\\laravel\\framework\\src\\Illuminate\\Foundation\\Application.php(1058): Illuminate\\Container\\Container->make()
#27 D:\\url_sorter\\url-shortener\\vendor\\laravel\\framework\\src\\Illuminate\\Container\\Container.php(1580): Illuminate\\Foundation\\Application->make()
#28 D:\\url_sorter\\url-shortener\\vendor\\laravel\\framework\\src\\Illuminate\\Routing\\RoutingServiceProvider.php(177): Illuminate\\Container\\Container->offsetGet()
#29 D:\\url_sorter\\url-shortener\\vendor\\laravel\\framework\\src\\Illuminate\\Container\\Container.php(952): Illuminate\\Routing\\RoutingServiceProvider->{closure:Illuminate\\Routing\\RoutingServiceProvider::registerResponseFactory():176}()
#30 D:\\url_sorter\\url-shortener\\vendor\\laravel\\framework\\src\\Illuminate\\Container\\Container.php(832): Illuminate\\Container\\Container->build()
#31 D:\\url_sorter\\url-shortener\\vendor\\laravel\\framework\\src\\Illuminate\\Foundation\\Application.php(1078): Illuminate\\Container\\Container->resolve()
#32 D:\\url_sorter\\url-shortener\\vendor\\laravel\\framework\\src\\Illuminate\\Container\\Container.php(763): Illuminate\\Foundation\\Application->resolve()
#33 D:\\url_sorter\\url-shortener\\vendor\\laravel\\framework\\src\\Illuminate\\Foundation\\Application.php(1058): Illuminate\\Container\\Container->make()
#34 D:\\url_sorter\\url-shortener\\vendor\\laravel\\framework\\src\\Illuminate\\Foundation\\helpers.php(124): Illuminate\\Foundation\\Application->make()
#35 D:\\url_sorter\\url-shortener\\vendor\\laravel\\framework\\src\\Illuminate\\Foundation\\helpers.php(832): app()
#36 D:\\url_sorter\\url-shortener\\vendor\\laravel\\framework\\src\\Illuminate\\Foundation\\Exceptions\\Handler.php(894): response()
#37 D:\\url_sorter\\url-shortener\\vendor\\laravel\\framework\\src\\Illuminate\\Foundation\\Exceptions\\Handler.php(815): Illuminate\\Foundation\\Exceptions\\Handler->renderHttpException()
#38 D:\\url_sorter\\url-shortener\\vendor\\laravel\\framework\\src\\Illuminate\\Foundation\\Exceptions\\Handler.php(706): Illuminate\\Foundation\\Exceptions\\Handler->prepareResponse()
#39 D:\\url_sorter\\url-shortener\\vendor\\laravel\\framework\\src\\Illuminate\\Foundation\\Exceptions\\Handler.php(594): Illuminate\\Foundation\\Exceptions\\Handler->renderExceptionResponse()
#40 D:\\url_sorter\\url-shortener\\vendor\\laravel\\framework\\src\\Illuminate\\Routing\\Pipeline.php(51): Illuminate\\Foundation\\Exceptions\\Handler->render()
#41 D:\\url_sorter\\url-shortener\\vendor\\laravel\\framework\\src\\Illuminate\\Pipeline\\Pipeline.php(172): Illuminate\\Routing\\Pipeline->handleException()
#42 D:\\url_sorter\\url-shortener\\vendor\\laravel\\framework\\src\\Illuminate\\Foundation\\Http\\Middleware\\TransformsRequest.php(21): Illuminate\\Pipeline\\Pipeline->{closure:Illuminate\\Pipeline\\Pipeline::prepareDestination():168}()
#43 D:\\url_sorter\\url-shortener\\vendor\\laravel\\framework\\src\\Illuminate\\Foundation\\Http\\Middleware\\ConvertEmptyStringsToNull.php(31): Illuminate\\Foundation\\Http\\Middleware\\TransformsRequest->handle()
#44 D:\\url_sorter\\url-shortener\\vendor\\laravel\\framework\\src\\Illuminate\\Pipeline\\Pipeline.php(209): Illuminate\\Foundation\\Http\\Middleware\\ConvertEmptyStringsToNull->handle()
#45 D:\\url_sorter\\url-shortener\\vendor\\laravel\\framework\\src\\Illuminate\\Foundation\\Http\\Middleware\\TransformsRequest.php(21): Illuminate\\Pipeline\\Pipeline->{closure:{closure:Illuminate\\Pipeline\\Pipeline::carry():184}:185}()
#46 D:\\url_sorter\\url-shortener\\vendor\\laravel\\framework\\src\\Illuminate\\Foundation\\Http\\Middleware\\TrimStrings.php(51): Illuminate\\Foundation\\Http\\Middleware\\TransformsRequest->handle()
#47 D:\\url_sorter\\url-shortener\\vendor\\laravel\\framework\\src\\Illuminate\\Pipeline\\Pipeline.php(209): Illuminate\\Foundation\\Http\\Middleware\\TrimStrings->handle()
#48 D:\\url_sorter\\url-shortener\\vendor\\laravel\\framework\\src\\Illuminate\\Http\\Middleware\\ValidatePostSize.php(27): Illuminate\\Pipeline\\Pipeline->{closure:{closure:Illuminate\\Pipeline\\Pipeline::carry():184}:185}()
#49 D:\\url_sorter\\url-shortener\\vendor\\laravel\\framework\\src\\Illuminate\\Pipeline\\Pipeline.php(209): Illuminate\\Http\\Middleware\\ValidatePostSize->handle()
#50 D:\\url_sorter\\url-shortener\\vendor\\laravel\\framework\\src\\Illuminate\\Foundation\\Http\\Middleware\\PreventRequestsDuringMaintenance.php(110): Illuminate\\Pipeline\\Pipeline->{closure:{closure:Illuminate\\Pipeline\\Pipeline::carry():184}:185}()
#51 D:\\url_sorter\\url-shortener\\vendor\\laravel\\framework\\src\\Illuminate\\Pipeline\\Pipeline.php(209): Illuminate\\Foundation\\Http\\Middleware\\PreventRequestsDuringMaintenance->handle()
#52 D:\\url_sorter\\url-shortener\\vendor\\laravel\\framework\\src\\Illuminate\\Http\\Middleware\\HandleCors.php(49): Illuminate\\Pipeline\\Pipeline->{closure:{closure:Illuminate\\Pipeline\\Pipeline::carry():184}:185}()
#53 D:\\url_sorter\\url-shortener\\vendor\\laravel\\framework\\src\\Illuminate\\Pipeline\\Pipeline.php(209): Illuminate\\Http\\Middleware\\HandleCors->handle()
#54 D:\\url_sorter\\url-shortener\\vendor\\laravel\\framework\\src\\Illuminate\\Http\\Middleware\\TrustProxies.php(58): Illuminate\\Pipeline\\Pipeline->{closure:{closure:Illuminate\\Pipeline\\Pipeline::carry():184}:185}()
#55 D:\\url_sorter\\url-shortener\\vendor\\laravel\\framework\\src\\Illuminate\\Pipeline\\Pipeline.php(209): Illuminate\\Http\\Middleware\\TrustProxies->handle()
#56 D:\\url_sorter\\url-shortener\\vendor\\laravel\\framework\\src\\Illuminate\\Foundation\\Http\\Middleware\\InvokeDeferredCallbacks.php(22): Illuminate\\Pipeline\\Pipeline->{closure:{closure:Illuminate\\Pipeline\\Pipeline::carry():184}:185}()
#57 D:\\url_sorter\\url-shortener\\vendor\\laravel\\framework\\src\\Illuminate\\Pipeline\\Pipeline.php(209): Illuminate\\Foundation\\Http\\Middleware\\InvokeDeferredCallbacks->handle()
#58 D:\\url_sorter\\url-shortener\\vendor\\laravel\\framework\\src\\Illuminate\\Pipeline\\Pipeline.php(127): Illuminate\\Pipeline\\Pipeline->{closure:{closure:Illuminate\\Pipeline\\Pipeline::carry():184}:185}()
#59 D:\\url_sorter\\url-shortener\\vendor\\laravel\\framework\\src\\Illuminate\\Foundation\\Http\\Kernel.php(176): Illuminate\\Pipeline\\Pipeline->then()
#60 D:\\url_sorter\\url-shortener\\vendor\\laravel\\framework\\src\\Illuminate\\Foundation\\Http\\Kernel.php(145): Illuminate\\Foundation\\Http\\Kernel->sendRequestThroughRouter()
#61 D:\\url_sorter\\url-shortener\\vendor\\laravel\\framework\\src\\Illuminate\\Foundation\\Application.php(1220): Illuminate\\Foundation\\Http\\Kernel->handle()
#62 D:\\url_sorter\\url-shortener\\public\\index.php(20): Illuminate\\Foundation\\Application->handleRequest()
#63 D:\\url_sorter\\url-shortener\\vendor\\laravel\\framework\\src\\Illuminate\\Foundation\\resources\\server.php(23): require_once('...')
#64 {main}

[previous exception] [object] (PDOException(code: 0): could not find driver at D:\\url_sorter\\url-shortener\\vendor\\laravel\\framework\\src\\Illuminate\\Database\\Connectors\\Connector.php:67)
[stacktrace]
#0 D:\\url_sorter\\url-shortener\\vendor\\laravel\\framework\\src\\Illuminate\\Database\\Connectors\\Connector.php(67): PDO::connect()
#1 D:\\url_sorter\\url-shortener\\vendor\\laravel\\framework\\src\\Illuminate\\Database\\Connectors\\Connector.php(44): Illuminate\\Database\\Connectors\\Connector->createPdoConnection()
#2 D:\\url_sorter\\url-shortener\\vendor\\laravel\\framework\\src\\Illuminate\\Database\\Connectors\\SQLiteConnector.php(40): Illuminate\\Database\\Connectors\\Connector->createConnection()
#3 D:\\url_sorter\\url-shortener\\vendor\\laravel\\framework\\src\\Illuminate\\Database\\Connectors\\ConnectionFactory.php(224): Illuminate\\Database\\Connectors\\SQLiteConnector->connect()
#4 [internal function]: Illuminate\\Database\\Connectors\\ConnectionFactory->{closure:Illuminate\\Database\\Connectors\\ConnectionFactory::createPdoResolverWithoutHosts():224}()
#5 D:\\url_sorter\\url-shortener\\vendor\\laravel\\framework\\src\\Illuminate\\Database\\Connection.php(1231): call_user_func()
#6 D:\\url_sorter\\url-shortener\\vendor\\laravel\\framework\\src\\Illuminate\\Database\\Connection.php(565): Illuminate\\Database\\Connection->getPdo()
#7 D:\\url_sorter\\url-shortener\\vendor\\laravel\\framework\\src\\Illuminate\\Database\\Connection.php(812): Illuminate\\Database\\Connection->{closure:Illuminate\\Database\\Connection::statement():560}()
#8 D:\\url_sorter\\url-shortener\\vendor\\laravel\\framework\\src\\Illuminate\\Database\\Connection.php(779): Illuminate\\Database\\Connection->runQueryCallback()
#9 D:\\url_sorter\\url-shortener\\vendor\\laravel\\framework\\src\\Illuminate\\Database\\Connection.php(560): Illuminate\\Database\\Connection->run()
#10 D:\\url_sorter\\url-shortener\\vendor\\laravel\\framework\\src\\Illuminate\\Database\\Schema\\Builder.php(522): Illuminate\\Database\\Connection->statement()
#11 D:\\url_sorter\\url-shortener\\vendor\\laravel\\framework\\src\\Illuminate\\Database\\SQLiteConnection.php(59): Illuminate\\Database\\Schema\\Builder->enableForeignKeyConstraints()
#12 D:\\url_sorter\\url-shortener\\vendor\\laravel\\framework\\src\\Illuminate\\Database\\SQLiteConnection.php(28): Illuminate\\Database\\SQLiteConnection->configureForeignKeyConstraints()
#13 D:\\url_sorter\\url-shortener\\vendor\\laravel\\framework\\src\\Illuminate\\Database\\Connectors\\ConnectionFactory.php(277): Illuminate\\Database\\SQLiteConnection->__construct()
#14 D:\\url_sorter\\url-shortener\\vendor\\laravel\\framework\\src\\Illuminate\\Database\\Connectors\\ConnectionFactory.php(76): Illuminate\\Database\\Connectors\\ConnectionFactory->createConnection()
#15 D:\\url_sorter\\url-shortener\\vendor\\laravel\\framework\\src\\Illuminate\\Database\\Connectors\\ConnectionFactory.php(51): Illuminate\\Database\\Connectors\\ConnectionFactory->createSingleConnection()
#16 D:\\url_sorter\\url-shortener\\vendor\\laravel\\framework\\src\\Illuminate\\Database\\DatabaseManager.php(207): Illuminate\\Database\\Connectors\\ConnectionFactory->make()
#17 D:\\url_sorter\\url-shortener\\vendor\\laravel\\framework\\src\\Illuminate\\Database\\DatabaseManager.php(103): Illuminate\\Database\\DatabaseManager->makeConnection()
#18 D:\\url_sorter\\url-shortener\\vendor\\laravel\\framework\\src\\Illuminate\\Session\\SessionManager.php(108): Illuminate\\Database\\DatabaseManager->connection()
#19 D:\\url_sorter\\url-shortener\\vendor\\laravel\\framework\\src\\Illuminate\\Session\\SessionManager.php(95): Illuminate\\Session\\SessionManager->getDatabaseConnection()
#20 D:\\url_sorter\\url-shortener\\vendor\\laravel\\framework\\src\\Illuminate\\Support\\Manager.php(106): Illuminate\\Session\\SessionManager->createDatabaseDriver()
#21 D:\\url_sorter\\url-shortener\\vendor\\laravel\\framework\\src\\Illuminate\\Support\\Manager.php(80): Illuminate\\Support\\Manager->createDriver()
#22 D:\\url_sorter\\url-shortener\\vendor\\laravel\\framework\\src\\Illuminate\\Session\\SessionServiceProvider.php(52): Illuminate\\Support\\Manager->driver()
#23 D:\\url_sorter\\url-shortener\\vendor\\laravel\\framework\\src\\Illuminate\\Container\\Container.php(952): Illuminate\\Session\\SessionServiceProvider->{closure:Illuminate\\Session\\SessionServiceProvider::registerSessionDriver():48}()
#24 D:\\url_sorter\\url-shortener\\vendor\\laravel\\framework\\src\\Illuminate\\Container\\Container.php(832): Illuminate\\Container\\Container->build()
#25 D:\\url_sorter\\url-shortener\\vendor\\laravel\\framework\\src\\Illuminate\\Foundation\\Application.php(1078): Illuminate\\Container\\Container->resolve()
#26 D:\\url_sorter\\url-shortener\\vendor\\laravel\\framework\\src\\Illuminate\\Container\\Container.php(763): Illuminate\\Foundation\\Application->resolve()
#27 D:\\url_sorter\\url-shortener\\vendor\\laravel\\framework\\src\\Illuminate\\Foundation\\Application.php(1058): Illuminate\\Container\\Container->make()
#28 D:\\url_sorter\\url-shortener\\vendor\\laravel\\framework\\src\\Illuminate\\Container\\Container.php(1580): Illuminate\\Foundation\\Application->make()
#29 D:\\url_sorter\\url-shortener\\vendor\\laravel\\framework\\src\\Illuminate\\Routing\\RoutingServiceProvider.php(121): Illuminate\\Container\\Container->offsetGet()
#30 D:\\url_sorter\\url-shortener\\vendor\\laravel\\framework\\src\\Illuminate\\Container\\Container.php(952): Illuminate\\Routing\\RoutingServiceProvider->{closure:Illuminate\\Routing\\RoutingServiceProvider::registerRedirector():114}()
#31 D:\\url_sorter\\url-shortener\\vendor\\laravel\\framework\\src\\Illuminate\\Container\\Container.php(832): Illuminate\\Container\\Container->build()
#32 D:\\url_sorter\\url-shortener\\vendor\\laravel\\framework\\src\\Illuminate\\Foundation\\Application.php(1078): Illuminate\\Container\\Container->resolve()
#33 D:\\url_sorter\\url-shortener\\vendor\\laravel\\framework\\src\\Illuminate\\Container\\Container.php(763): Illuminate\\Foundation\\Application->resolve()
#34 D:\\url_sorter\\url-shortener\\vendor\\laravel\\framework\\src\\Illuminate\\Foundation\\Application.php(1058): Illuminate\\Container\\Container->make()
#35 D:\\url_sorter\\url-shortener\\vendor\\laravel\\framework\\src\\Illuminate\\Container\\Container.php(1580): Illuminate\\Foundation\\Application->make()
#36 D:\\url_sorter\\url-shortener\\vendor\\laravel\\framework\\src\\Illuminate\\Routing\\RoutingServiceProvider.php(177): Illuminate\\Container\\Container->offsetGet()
#37 D:\\url_sorter\\url-shortener\\vendor\\laravel\\framework\\src\\Illuminate\\Container\\Container.php(952): Illuminate\\Routing\\RoutingServiceProvider->{closure:Illuminate\\Routing\\RoutingServiceProvider::registerResponseFactory():176}()
#38 D:\\url_sorter\\url-shortener\\vendor\\laravel\\framework\\src\\Illuminate\\Container\\Container.php(832): Illuminate\\Container\\Container->build()
#39 D:\\url_sorter\\url-shortener\\vendor\\laravel\\framework\\src\\Illuminate\\Foundation\\Application.php(1078): Illuminate\\Container\\Container->resolve()
#40 D:\\url_sorter\\url-shortener\\vendor\\laravel\\framework\\src\\Illuminate\\Container\\Container.php(763): Illuminate\\Foundation\\Application->resolve()
#41 D:\\url_sorter\\url-shortener\\vendor\\laravel\\framework\\src\\Illuminate\\Foundation\\Application.php(1058): Illuminate\\Container\\Container->make()
#42 D:\\url_sorter\\url-shortener\\vendor\\laravel\\framework\\src\\Illuminate\\Foundation\\helpers.php(124): Illuminate\\Foundation\\Application->make()
#43 D:\\url_sorter\\url-shortener\\vendor\\laravel\\framework\\src\\Illuminate\\Foundation\\helpers.php(832): app()
#44 D:\\url_sorter\\url-shortener\\vendor\\laravel\\framework\\src\\Illuminate\\Foundation\\Exceptions\\Handler.php(894): response()
#45 D:\\url_sorter\\url-shortener\\vendor\\laravel\\framework\\src\\Illuminate\\Foundation\\Exceptions\\Handler.php(815): Illuminate\\Foundation\\Exceptions\\Handler->renderHttpException()
#46 D:\\url_sorter\\url-shortener\\vendor\\laravel\\framework\\src\\Illuminate\\Foundation\\Exceptions\\Handler.php(706): Illuminate\\Foundation\\Exceptions\\Handler->prepareResponse()
#47 D:\\url_sorter\\url-shortener\\vendor\\laravel\\framework\\src\\Illuminate\\Foundation\\Exceptions\\Handler.php(594): Illuminate\\Foundation\\Exceptions\\Handler->renderExceptionResponse()
#48 D:\\url_sorter\\url-shortener\\vendor\\laravel\\framework\\src\\Illuminate\\Routing\\Pipeline.php(51): Illuminate\\Foundation\\Exceptions\\Handler->render()
#49 D:\\url_sorter\\url-shortener\\vendor\\laravel\\framework\\src\\Illuminate\\Pipeline\\Pipeline.php(172): Illuminate\\Routing\\Pipeline->handleException()
#50 D:\\url_sorter\\url-shortener\\vendor\\laravel\\framework\\src\\Illuminate\\Foundation\\Http\\Middleware\\TransformsRequest.php(21): Illuminate\\Pipeline\\Pipeline->{closure:Illuminate\\Pipeline\\Pipeline::prepareDestination():168}()
#51 D:\\url_sorter\\url-shortener\\vendor\\laravel\\framework\\src\\Illuminate\\Foundation\\Http\\Middleware\\ConvertEmptyStringsToNull.php(31): Illuminate\\Foundation\\Http\\Middleware\\TransformsRequest->handle()
#52 D:\\url_sorter\\url-shortener\\vendor\\laravel\\framework\\src\\Illuminate\\Pipeline\\Pipeline.php(209): Illuminate\\Foundation\\Http\\Middleware\\ConvertEmptyStringsToNull->handle()
#53 D:\\url_sorter\\url-shortener\\vendor\\laravel\\framework\\src\\Illuminate\\Foundation\\Http\\Middleware\\TransformsRequest.php(21): Illuminate\\Pipeline\\Pipeline->{closure:{closure:Illuminate\\Pipeline\\Pipeline::carry():184}:185}()
#54 D:\\url_sorter\\url-shortener\\vendor\\laravel\\framework\\src\\Illuminate\\Foundation\\Http\\Middleware\\TrimStrings.php(51): Illuminate\\Foundation\\Http\\Middleware\\TransformsRequest->handle()
#55 D:\\url_sorter\\url-shortener\\vendor\\laravel\\framework\\src\\Illuminate\\Pipeline\\Pipeline.php(209): Illuminate\\Foundation\\Http\\Middleware\\TrimStrings->handle()
#56 D:\\url_sorter\\url-shortener\\vendor\\laravel\\framework\\src\\Illuminate\\Http\\Middleware\\ValidatePostSize.php(27): Illuminate\\Pipeline\\Pipeline->{closure:{closure:Illuminate\\Pipeline\\Pipeline::carry():184}:185}()
#57 D:\\url_sorter\\url-shortener\\vendor\\laravel\\framework\\src\\Illuminate\\Pipeline\\Pipeline.php(209): Illuminate\\Http\\Middleware\\ValidatePostSize->handle()
#58 D:\\url_sorter\\url-shortener\\vendor\\laravel\\framework\\src\\Illuminate\\Foundation\\Http\\Middleware\\PreventRequestsDuringMaintenance.php(110): Illuminate\\Pipeline\\Pipeline->{closure:{closure:Illuminate\\Pipeline\\Pipeline::carry():184}:185}()
#59 D:\\url_sorter\\url-shortener\\vendor\\laravel\\framework\\src\\Illuminate\\Pipeline\\Pipeline.php(209): Illuminate\\Foundation\\Http\\Middleware\\PreventRequestsDuringMaintenance->handle()
#60 D:\\url_sorter\\url-shortener\\vendor\\laravel\\framework\\src\\Illuminate\\Http\\Middleware\\HandleCors.php(49): Illuminate\\Pipeline\\Pipeline->{closure:{closure:Illuminate\\Pipeline\\Pipeline::carry():184}:185}()
#61 D:\\url_sorter\\url-shortener\\vendor\\laravel\\framework\\src\\Illuminate\\Pipeline\\Pipeline.php(209): Illuminate\\Http\\Middleware\\HandleCors->handle()
#62 D:\\url_sorter\\url-shortener\\vendor\\laravel\\framework\\src\\Illuminate\\Http\\Middleware\\TrustProxies.php(58): Illuminate\\Pipeline\\Pipeline->{closure:{closure:Illuminate\\Pipeline\\Pipeline::carry():184}:185}()
#63 D:\\url_sorter\\url-shortener\\vendor\\laravel\\framework\\src\\Illuminate\\Pipeline\\Pipeline.php(209): Illuminate\\Http\\Middleware\\TrustProxies->handle()
#64 D:\\url_sorter\\url-shortener\\vendor\\laravel\\framework\\src\\Illuminate\\Foundation\\Http\\Middleware\\InvokeDeferredCallbacks.php(22): Illuminate\\Pipeline\\Pipeline->{closure:{closure:Illuminate\\Pipeline\\Pipeline::carry():184}:185}()
#65 D:\\url_sorter\\url-shortener\\vendor\\laravel\\framework\\src\\Illuminate\\Pipeline\\Pipeline.php(209): Illuminate\\Foundation\\Http\\Middleware\\InvokeDeferredCallbacks->handle()
#66 D:\\url_sorter\\url-shortener\\vendor\\laravel\\framework\\src\\Illuminate\\Pipeline\\Pipeline.php(127): Illuminate\\Pipeline\\Pipeline->{closure:{closure:Illuminate\\Pipeline\\Pipeline::carry():184}:185}()
#67 D:\\url_sorter\\url-shortener\\vendor\\laravel\\framework\\src\\Illuminate\\Foundation\\Http\\Kernel.php(176): Illuminate\\Pipeline\\Pipeline->then()
#68 D:\\url_sorter\\url-shortener\\vendor\\laravel\\framework\\src\\Illuminate\\Foundation\\Http\\Kernel.php(145): Illuminate\\Foundation\\Http\\Kernel->sendRequestThroughRouter()
#69 D:\\url_sorter\\url-shortener\\vendor\\laravel\\framework\\src\\Illuminate\\Foundation\\Application.php(1220): Illuminate\\Foundation\\Http\\Kernel->handle()
#70 D:\\url_sorter\\url-shortener\\public\\index.php(20): Illuminate\\Foundation\\Application->handleRequest()
#71 D:\\url_sorter\\url-shortener\\vendor\\laravel\\framework\\src\\Illuminate\\Foundation\\resources\\server.php(23): require_once('...')
#72 {main}
"} 
[2025-12-06 17:21:30] local.ERROR: could not find driver (Connection: sqlite, SQL: PRAGMA foreign_keys = ON;) {"exception":"[object] (Illuminate\\Database\\QueryException(code: 0): could not find driver (Connection: sqlite, SQL: PRAGMA foreign_keys = ON;) at D:\\url_sorter\\url-shortener\\vendor\\laravel\\framework\\src\\Illuminate\\Database\\Connection.php:825)
[stacktrace]
#0 D:\\url_sorter\\url-shortener\\vendor\\laravel\\framework\\src\\Illuminate\\Database\\Connection.php(779): Illuminate\\Database\\Connection->runQueryCallback()
#1 D:\\url_sorter\\url-shortener\\vendor\\laravel\\framework\\src\\Illuminate\\Database\\Connection.php(560): Illuminate\\Database\\Connection->run()
#2 D:\\url_sorter\\url-shortener\\vendor\\laravel\\framework\\src\\Illuminate\\Database\\Schema\\Builder.php(522): Illuminate\\Database\\Connection->statement()
#3 D:\\url_sorter\\url-shortener\\vendor\\laravel\\framework\\src\\Illuminate\\Database\\SQLiteConnection.php(59): Illuminate\\Database\\Schema\\Builder->enableForeignKeyConstraints()
#4 D:\\url_sorter\\url-shortener\\vendor\\laravel\\framework\\src\\Illuminate\\Database\\SQLiteConnection.php(28): Illuminate\\Database\\SQLiteConnection->configureForeignKeyConstraints()
#5 D:\\url_sorter\\url-shortener\\vendor\\laravel\\framework\\src\\Illuminate\\Database\\Connectors\\ConnectionFactory.php(277): Illuminate\\Database\\SQLiteConnection->__construct()
#6 D:\\url_sorter\\url-shortener\\vendor\\laravel\\framework\\src\\Illuminate\\Database\\Connectors\\ConnectionFactory.php(76): Illuminate\\Database\\Connectors\\ConnectionFactory->createConnection()
#7 D:\\url_sorter\\url-shortener\\vendor\\laravel\\framework\\src\\Illuminate\\Database\\Connectors\\ConnectionFactory.php(51): Illuminate\\Database\\Connectors\\ConnectionFactory->createSingleConnection()
#8 D:\\url_sorter\\url-shortener\\vendor\\laravel\\framework\\src\\Illuminate\\Database\\DatabaseManager.php(207): Illuminate\\Database\\Connectors\\ConnectionFactory->make()
#9 D:\\url_sorter\\url-shortener\\vendor\\laravel\\framework\\src\\Illuminate\\Database\\DatabaseManager.php(103): Illuminate\\Database\\DatabaseManager->makeConnection()
#10 D:\\url_sorter\\url-shortener\\vendor\\laravel\\framework\\src\\Illuminate\\Database\\Migrations\\DatabaseMigrationRepository.php(226): Illuminate\\Database\\DatabaseManager->connection()
#11 D:\\url_sorter\\url-shortener\\vendor\\laravel\\framework\\src\\Illuminate\\Database\\Migrations\\DatabaseMigrationRepository.php(182): Illuminate\\Database\\Migrations\\DatabaseMigrationRepository->getConnection()
#12 D:\\url_sorter\\url-shortener\\vendor\\laravel\\framework\\src\\Illuminate\\Database\\Migrations\\Migrator.php(742): Illuminate\\Database\\Migrations\\DatabaseMigrationRepository->repositoryExists()
#13 D:\\url_sorter\\url-shortener\\vendor\\laravel\\framework\\src\\Illuminate\\Database\\Console\\Migrations\\MigrateCommand.php(165): Illuminate\\Database\\Migrations\\Migrator->repositoryExists()
#14 D:\\url_sorter\\url-shortener\\vendor\\laravel\\framework\\src\\Illuminate\\Support\\helpers.php(338): Illuminate\\Database\\Console\\Migrations\\MigrateCommand->{closure:Illuminate\\Database\\Console\\Migrations\\MigrateCommand::repositoryExists():165}()
#15 D:\\url_sorter\\url-shortener\\vendor\\laravel\\framework\\src\\Illuminate\\Database\\Console\\Migrations\\MigrateCommand.php(165): retry()
#16 D:\\url_sorter\\url-shortener\\vendor\\laravel\\framework\\src\\Illuminate\\Database\\Console\\Migrations\\MigrateCommand.php(141): Illuminate\\Database\\Console\\Migrations\\MigrateCommand->repositoryExists()
#17 D:\\url_sorter\\url-shortener\\vendor\\laravel\\framework\\src\\Illuminate\\Database\\Console\\Migrations\\MigrateCommand.php(111): Illuminate\\Database\\Console\\Migrations\\MigrateCommand->prepareDatabase()
#18 D:\\url_sorter\\url-shortener\\vendor\\laravel\\framework\\src\\Illuminate\\Database\\Migrations\\Migrator.php(658): Illuminate\\Database\\Console\\Migrations\\MigrateCommand->{closure:Illuminate\\Database\\Console\\Migrations\\MigrateCommand::runMigrations():110}()
#19 D:\\url_sorter\\url-shortener\\vendor\\laravel\\framework\\src\\Illuminate\\Database\\Console\\Migrations\\MigrateCommand.php(110): Illuminate\\Database\\Migrations\\Migrator->usingConnection()
#20 D:\\url_sorter\\url-shortener\\vendor\\laravel\\framework\\src\\Illuminate\\Database\\Console\\Migrations\\MigrateCommand.php(89): Illuminate\\Database\\Console\\Migrations\\MigrateCommand->runMigrations()
#21 D:\\url_sorter\\url-shortener\\vendor\\laravel\\framework\\src\\Illuminate\\Container\\BoundMethod.php(36): Illuminate\\Database\\Console\\Migrations\\MigrateCommand->handle()
#22 D:\\url_sorter\\url-shortener\\vendor\\laravel\\framework\\src\\Illuminate\\Container\\Util.php(43): Illuminate\\Container\\BoundMethod::{closure:Illuminate\\Container\\BoundMethod::call():35}()
#23 D:\\url_sorter\\url-shortener\\vendor\\laravel\\framework\\src\\Illuminate\\Container\\BoundMethod.php(95): Illuminate\\Container\\Util::unwrapIfClosure()
#24 D:\\url_sorter\\url-shortener\\vendor\\laravel\\framework\\src\\Illuminate\\Container\\BoundMethod.php(35): Illuminate\\Container\\BoundMethod::callBoundMethod()
#25 D:\\url_sorter\\url-shortener\\vendor\\laravel\\framework\\src\\Illuminate\\Container\\Container.php(696): Illuminate\\Container\\BoundMethod::call()
#26 D:\\url_sorter\\url-shortener\\vendor\\laravel\\framework\\src\\Illuminate\\Console\\Command.php(213): Illuminate\\Container\\Container->call()
#27 D:\\url_sorter\\url-shortener\\vendor\\symfony\\console\\Command\\Command.php(335): Illuminate\\Console\\Command->execute()
#28 D:\\url_sorter\\url-shortener\\vendor\\laravel\\framework\\src\\Illuminate\\Console\\Command.php(182): Symfony\\Component\\Console\\Command\\Command->run()
#29 D:\\url_sorter\\url-shortener\\vendor\\symfony\\console\\Application.php(1103): Illuminate\\Console\\Command->run()
#30 D:\\url_sorter\\url-shortener\\vendor\\symfony\\console\\Application.php(356): Symfony\\Component\\Console\\Application->doRunCommand()
#31 D:\\url_sorter\\url-shortener\\vendor\\symfony\\console\\Application.php(195): Symfony\\Component\\Console\\Application->doRun()
#32 D:\\url_sorter\\url-shortener\\vendor\\laravel\\framework\\src\\Illuminate\\Foundation\\Console\\Kernel.php(198): Symfony\\Component\\Console\\Application->run()
#33 D:\\url_sorter\\url-shortener\\vendor\\laravel\\framework\\src\\Illuminate\\Foundation\\Application.php(1235): Illuminate\\Foundation\\Console\\Kernel->handle()
#34 D:\\url_sorter\\url-shortener\\artisan(16): Illuminate\\Foundation\\Application->handleCommand()
#35 {main}

[previous exception] [object] (PDOException(code: 0): could not find driver at D:\\url_sorter\\url-shortener\\vendor\\laravel\\framework\\src\\Illuminate\\Database\\Connectors\\Connector.php:67)
[stacktrace]
#0 D:\\url_sorter\\url-shortener\\vendor\\laravel\\framework\\src\\Illuminate\\Database\\Connectors\\Connector.php(67): PDO::connect()
#1 D:\\url_sorter\\url-shortener\\vendor\\laravel\\framework\\src\\Illuminate\\Database\\Connectors\\Connector.php(44): Illuminate\\Database\\Connectors\\Connector->createPdoConnection()
#2 D:\\url_sorter\\url-shortener\\vendor\\laravel\\framework\\src\\Illuminate\\Database\\Connectors\\SQLiteConnector.php(40): Illuminate\\Database\\Connectors\\Connector->createConnection()
#3 D:\\url_sorter\\url-shortener\\vendor\\laravel\\framework\\src\\Illuminate\\Database\\Connectors\\ConnectionFactory.php(224): Illuminate\\Database\\Connectors\\SQLiteConnector->connect()
#4 [internal function]: Illuminate\\Database\\Connectors\\ConnectionFactory->{closure:Illuminate\\Database\\Connectors\\ConnectionFactory::createPdoResolverWithoutHosts():224}()
#5 D:\\url_sorter\\url-shortener\\vendor\\laravel\\framework\\src\\Illuminate\\Database\\Connection.php(1231): call_user_func()
#6 D:\\url_sorter\\url-shortener\\vendor\\laravel\\framework\\src\\Illuminate\\Database\\Connection.php(565): Illuminate\\Database\\Connection->getPdo()
#7 D:\\url_sorter\\url-shortener\\vendor\\laravel\\framework\\src\\Illuminate\\Database\\Connection.php(812): Illuminate\\Database\\Connection->{closure:Illuminate\\Database\\Connection::statement():560}()
#8 D:\\url_sorter\\url-shortener\\vendor\\laravel\\framework\\src\\Illuminate\\Database\\Connection.php(779): Illuminate\\Database\\Connection->runQueryCallback()
#9 D:\\url_sorter\\url-shortener\\vendor\\laravel\\framework\\src\\Illuminate\\Database\\Connection.php(560): Illuminate\\Database\\Connection->run()
#10 D:\\url_sorter\\url-shortener\\vendor\\laravel\\framework\\src\\Illuminate\\Database\\Schema\\Builder.php(522): Illuminate\\Database\\Connection->statement()
#11 D:\\url_sorter\\url-shortener\\vendor\\laravel\\framework\\src\\Illuminate\\Database\\SQLiteConnection.php(59): Illuminate\\Database\\Schema\\Builder->enableForeignKeyConstraints()
#12 D:\\url_sorter\\url-shortener\\vendor\\laravel\\framework\\src\\Illuminate\\Database\\SQLiteConnection.php(28): Illuminate\\Database\\SQLiteConnection->configureForeignKeyConstraints()
#13 D:\\url_sorter\\url-shortener\\vendor\\laravel\\framework\\src\\Illuminate\\Database\\Connectors\\ConnectionFactory.php(277): Illuminate\\Database\\SQLiteConnection->__construct()
#14 D:\\url_sorter\\url-shortener\\vendor\\laravel\\framework\\src\\Illuminate\\Database\\Connectors\\ConnectionFactory.php(76): Illuminate\\Database\\Connectors\\ConnectionFactory->createConnection()
#15 D:\\url_sorter\\url-shortener\\vendor\\laravel\\framework\\src\\Illuminate\\Database\\Connectors\\ConnectionFactory.php(51): Illuminate\\Database\\Connectors\\ConnectionFactory->createSingleConnection()
#16 D:\\url_sorter\\url-shortener\\vendor\\laravel\\framework\\src\\Illuminate\\Database\\DatabaseManager.php(207): Illuminate\\Database\\Connectors\\ConnectionFactory->make()
#17 D:\\url_sorter\\url-shortener\\vendor\\laravel\\framework\\src\\Illuminate\\Database\\DatabaseManager.php(103): Illuminate\\Database\\DatabaseManager->makeConnection()
#18 D:\\url_sorter\\url-shortener\\vendor\\laravel\\framework\\src\\Illuminate\\Database\\Migrations\\DatabaseMigrationRepository.php(226): Illuminate\\Database\\DatabaseManager->connection()
#19 D:\\url_sorter\\url-shortener\\vendor\\laravel\\framework\\src\\Illuminate\\Database\\Migrations\\DatabaseMigrationRepository.php(182): Illuminate\\Database\\Migrations\\DatabaseMigrationRepository->getConnection()
#20 D:\\url_sorter\\url-shortener\\vendor\\laravel\\framework\\src\\Illuminate\\Database\\Migrations\\Migrator.php(742): Illuminate\\Database\\Migrations\\DatabaseMigrationRepository->repositoryExists()
#21 D:\\url_sorter\\url-shortener\\vendor\\laravel\\framework\\src\\Illuminate\\Database\\Console\\Migrations\\MigrateCommand.php(165): Illuminate\\Database\\Migrations\\Migrator->repositoryExists()
#22 D:\\url_sorter\\url-shortener\\vendor\\laravel\\framework\\src\\Illuminate\\Support\\helpers.php(338): Illuminate\\Database\\Console\\Migrations\\MigrateCommand->{closure:Illuminate\\Database\\Console\\Migrations\\MigrateCommand::repositoryExists():165}()
#23 D:\\url_sorter\\url-shortener\\vendor\\laravel\\framework\\src\\Illuminate\\Database\\Console\\Migrations\\MigrateCommand.php(165): retry()
#24 D:\\url_sorter\\url-shortener\\vendor\\laravel\\framework\\src\\Illuminate\\Database\\Console\\Migrations\\MigrateCommand.php(141): Illuminate\\Database\\Console\\Migrations\\MigrateCommand->repositoryExists()
#25 D:\\url_sorter\\url-shortener\\vendor\\laravel\\framework\\src\\Illuminate\\Database\\Console\\Migrations\\MigrateCommand.php(111): Illuminate\\Database\\Console\\Migrations\\MigrateCommand->prepareDatabase()
#26 D:\\url_sorter\\url-shortener\\vendor\\laravel\\framework\\src\\Illuminate\\Database\\Migrations\\Migrator.php(658): Illuminate\\Database\\Console\\Migrations\\MigrateCommand->{closure:Illuminate\\Database\\Console\\Migrations\\MigrateCommand::runMigrations():110}()
#27 D:\\url_sorter\\url-shortener\\vendor\\laravel\\framework\\src\\Illuminate\\Database\\Console\\Migrations\\MigrateCommand.php(110): Illuminate\\Database\\Migrations\\Migrator->usingConnection()
#28 D:\\url_sorter\\url-shortener\\vendor\\laravel\\framework\\src\\Illuminate\\Database\\Console\\Migrations\\MigrateCommand.php(89): Illuminate\\Database\\Console\\Migrations\\MigrateCommand->runMigrations()
#29 D:\\url_sorter\\url-shortener\\vendor\\laravel\\framework\\src\\Illuminate\\Container\\BoundMethod.php(36): Illuminate\\Database\\Console\\Migrations\\MigrateCommand->handle()
#30 D:\\url_sorter\\url-shortener\\vendor\\laravel\\framework\\src\\Illuminate\\Container\\Util.php(43): Illuminate\\Container\\BoundMethod::{closure:Illuminate\\Container\\BoundMethod::call():35}()
#31 D:\\url_sorter\\url-shortener\\vendor\\laravel\\framework\\src\\Illuminate\\Container\\BoundMethod.php(95): Illuminate\\Container\\Util::unwrapIfClosure()
#32 D:\\url_sorter\\url-shortener\\vendor\\laravel\\framework\\src\\Illuminate\\Container\\BoundMethod.php(35): Illuminate\\Container\\BoundMethod::callBoundMethod()
#33 D:\\url_sorter\\url-shortener\\vendor\\laravel\\framework\\src\\Illuminate\\Container\\Container.php(696): Illuminate\\Container\\BoundMethod::call()
#34 D:\\url_sorter\\url-shortener\\vendor\\laravel\\framework\\src\\Illuminate\\Console\\Command.php(213): Illuminate\\Container\\Container->call()
#35 D:\\url_sorter\\url-shortener\\vendor\\symfony\\console\\Command\\Command.php(335): Illuminate\\Console\\Command->execute()
#36 D:\\url_sorter\\url-shortener\\vendor\\laravel\\framework\\src\\Illuminate\\Console\\Command.php(182): Symfony\\Component\\Console\\Command\\Command->run()
#37 D:\\url_sorter\\url-shortener\\vendor\\symfony\\console\\Application.php(1103): Illuminate\\Console\\Command->run()
#38 D:\\url_sorter\\url-shortener\\vendor\\symfony\\console\\Application.php(356): Symfony\\Component\\Console\\Application->doRunCommand()
#39 D:\\url_sorter\\url-shortener\\vendor\\symfony\\console\\Application.php(195): Symfony\\Component\\Console\\Application->doRun()
#40 D:\\url_sorter\\url-shortener\\vendor\\laravel\\framework\\src\\Illuminate\\Foundation\\Console\\Kernel.php(198): Symfony\\Component\\Console\\Application->run()
#41 D:\\url_sorter\\url-shortener\\vendor\\laravel\\framework\\src\\Illuminate\\Foundation\\Application.php(1235): Illuminate\\Foundation\\Console\\Kernel->handle()
#42 D:\\url_sorter\\url-shortener\\artisan(16): Illuminate\\Foundation\\Application->handleCommand()
#43 {main}
"} 
[2025-12-06 17:21:31] local.ERROR: could not find driver (Connection: sqlite, SQL: PRAGMA foreign_keys = ON;) {"exception":"[object] (Illuminate\\Database\\QueryException(code: 0): could not find driver (Connection: sqlite, SQL: PRAGMA foreign_keys = ON;) at D:\\url_sorter\\url-shortener\\vendor\\laravel\\framework\\src\\Illuminate\\Database\\Connection.php:825)
[stacktrace]
#0 D:\\url_sorter\\url-shortener\\vendor\\laravel\\framework\\src\\Illuminate\\Database\\Connection.php(779): Illuminate\\Database\\Connection->runQueryCallback()
#1 D:\\url_sorter\\url-shortener\\vendor\\laravel\\framework\\src\\Illuminate\\Database\\Connection.php(560): Illuminate\\Database\\Connection->run()
#2 D:\\url_sorter\\url-shortener\\vendor\\laravel\\framework\\src\\Illuminate\\Database\\Schema\\Builder.php(522): Illuminate\\Database\\Connection->statement()
#3 D:\\url_sorter\\url-shortener\\vendor\\laravel\\framework\\src\\Illuminate\\Database\\SQLiteConnection.php(59): Illuminate\\Database\\Schema\\Builder->enableForeignKeyConstraints()
#4 D:\\url_sorter\\url-shortener\\vendor\\laravel\\framework\\src\\Illuminate\\Database\\SQLiteConnection.php(28): Illuminate\\Database\\SQLiteConnection->configureForeignKeyConstraints()
#5 D:\\url_sorter\\url-shortener\\vendor\\laravel\\framework\\src\\Illuminate\\Database\\Connectors\\ConnectionFactory.php(277): Illuminate\\Database\\SQLiteConnection->__construct()
#6 D:\\url_sorter\\url-shortener\\vendor\\laravel\\framework\\src\\Illuminate\\Database\\Connectors\\ConnectionFactory.php(76): Illuminate\\Database\\Connectors\\ConnectionFactory->createConnection()
#7 D:\\url_sorter\\url-shortener\\vendor\\laravel\\framework\\src\\Illuminate\\Database\\Connectors\\ConnectionFactory.php(51): Illuminate\\Database\\Connectors\\ConnectionFactory->createSingleConnection()
#8 D:\\url_sorter\\url-shortener\\vendor\\laravel\\framework\\src\\Illuminate\\Database\\DatabaseManager.php(207): Illuminate\\Database\\Connectors\\ConnectionFactory->make()
#9 D:\\url_sorter\\url-shortener\\vendor\\laravel\\framework\\src\\Illuminate\\Database\\DatabaseManager.php(103): Illuminate\\Database\\DatabaseManager->makeConnection()
#10 D:\\url_sorter\\url-shortener\\vendor\\laravel\\framework\\src\\Illuminate\\Database\\Eloquent\\Model.php(1851): Illuminate\\Database\\DatabaseManager->connection()
#11 D:\\url_sorter\\url-shortener\\vendor\\laravel\\framework\\src\\Illuminate\\Database\\Eloquent\\Model.php(1817): Illuminate\\Database\\Eloquent\\Model::resolveConnection()
#12 D:\\url_sorter\\url-shortener\\vendor\\laravel\\framework\\src\\Illuminate\\Database\\Eloquent\\Model.php(1615): Illuminate\\Database\\Eloquent\\Model->getConnection()
#13 D:\\url_sorter\\url-shortener\\vendor\\laravel\\framework\\src\\Illuminate\\Database\\Eloquent\\Model.php(1534): Illuminate\\Database\\Eloquent\\Model->newBaseQueryBuilder()
#14 D:\\url_sorter\\url-shortener\\vendor\\laravel\\framework\\src\\Illuminate\\Database\\Eloquent\\Model.php(1570): Illuminate\\Database\\Eloquent\\Model->newModelQuery()
#15 D:\\url_sorter\\url-shortener\\vendor\\laravel\\framework\\src\\Illuminate\\Database\\Eloquent\\Model.php(1523): Illuminate\\Database\\Eloquent\\Model->newQueryWithoutScopes()
#16 D:\\url_sorter\\url-shortener\\vendor\\laravel\\framework\\src\\Illuminate\\Database\\Eloquent\\Model.php(2372): Illuminate\\Database\\Eloquent\\Model->newQuery()
#17 D:\\url_sorter\\url-shortener\\vendor\\laravel\\framework\\src\\Illuminate\\Database\\Eloquent\\Model.php(2384): Illuminate\\Database\\Eloquent\\Model->__call()
#18 D:\\url_sorter\\url-shortener\\database\\seeders\\RoleSeeder.php(22): Illuminate\\Database\\Eloquent\\Model::__callStatic()
#19 D:\\url_sorter\\url-shortener\\vendor\\laravel\\framework\\src\\Illuminate\\Container\\BoundMethod.php(36): Database\\Seeders\\RoleSeeder->run()
#20 D:\\url_sorter\\url-shortener\\vendor\\laravel\\framework\\src\\Illuminate\\Container\\Util.php(43): Illuminate\\Container\\BoundMethod::{closure:Illuminate\\Container\\BoundMethod::call():35}()
#21 D:\\url_sorter\\url-shortener\\vendor\\laravel\\framework\\src\\Illuminate\\Container\\BoundMethod.php(95): Illuminate\\Container\\Util::unwrapIfClosure()
#22 D:\\url_sorter\\url-shortener\\vendor\\laravel\\framework\\src\\Illuminate\\Container\\BoundMethod.php(35): Illuminate\\Container\\BoundMethod::callBoundMethod()
#23 D:\\url_sorter\\url-shortener\\vendor\\laravel\\framework\\src\\Illuminate\\Container\\Container.php(696): Illuminate\\Container\\BoundMethod::call()
#24 D:\\url_sorter\\url-shortener\\vendor\\laravel\\framework\\src\\Illuminate\\Database\\Seeder.php(188): Illuminate\\Container\\Container->call()
#25 D:\\url_sorter\\url-shortener\\vendor\\laravel\\framework\\src\\Illuminate\\Database\\Seeder.php(197): Illuminate\\Database\\Seeder->{closure:Illuminate\\Database\\Seeder::__invoke():187}()
#26 D:\\url_sorter\\url-shortener\\vendor\\laravel\\framework\\src\\Illuminate\\Database\\Seeder.php(61): Illuminate\\Database\\Seeder->__invoke()
#27 D:\\url_sorter\\url-shortener\\database\\seeders\\DatabaseSeeder.php(12): Illuminate\\Database\\Seeder->call()
#28 D:\\url_sorter\\url-shortener\\vendor\\laravel\\framework\\src\\Illuminate\\Container\\BoundMethod.php(36): Database\\Seeders\\DatabaseSeeder->run()
#29 D:\\url_sorter\\url-shortener\\vendor\\laravel\\framework\\src\\Illuminate\\Container\\Util.php(43): Illuminate\\Container\\BoundMethod::{closure:Illuminate\\Container\\BoundMethod::call():35}()
#30 D:\\url_sorter\\url-shortener\\vendor\\laravel\\framework\\src\\Illuminate\\Container\\BoundMethod.php(95): Illuminate\\Container\\Util::unwrapIfClosure()
#31 D:\\url_sorter\\url-shortener\\vendor\\laravel\\framework\\src\\Illuminate\\Container\\BoundMethod.php(35): Illuminate\\Container\\BoundMethod::callBoundMethod()
#32 D:\\url_sorter\\url-shortener\\vendor\\laravel\\framework\\src\\Illuminate\\Container\\Container.php(696): Illuminate\\Container\\BoundMethod::call()
#33 D:\\url_sorter\\url-shortener\\vendor\\laravel\\framework\\src\\Illuminate\\Database\\Seeder.php(188): Illuminate\\Container\\Container->call()
#34 D:\\url_sorter\\url-shortener\\vendor\\laravel\\framework\\src\\Illuminate\\Database\\Seeder.php(197): Illuminate\\Database\\Seeder->{closure:Illuminate\\Database\\Seeder::__invoke():187}()
#35 D:\\url_sorter\\url-shortener\\vendor\\laravel\\framework\\src\\Illuminate\\Database\\Console\\Seeds\\SeedCommand.php(70): Illuminate\\Database\\Seeder->__invoke()
#36 D:\\url_sorter\\url-shortener\\vendor\\laravel\\framework\\src\\Illuminate\\Database\\Eloquent\\Concerns\\GuardsAttributes.php(155): Illuminate\\Database\\Console\\Seeds\\SeedCommand->{closure:Illuminate\\Database\\Console\\Seeds\\SeedCommand::handle():69}()
#37 D:\\url_sorter\\url-shortener\\vendor\\laravel\\framework\\src\\Illuminate\\Database\\Console\\Seeds\\SeedCommand.php(69): Illuminate\\Database\\Eloquent\\Model::unguarded()
#38 D:\\url_sorter\\url-shortener\\vendor\\laravel\\framework\\src\\Illuminate\\Container\\BoundMethod.php(36): Illuminate\\Database\\Console\\Seeds\\SeedCommand->handle()
#39 D:\\url_sorter\\url-shortener\\vendor\\laravel\\framework\\src\\Illuminate\\Container\\Util.php(43): Illuminate\\Container\\BoundMethod::{closure:Illuminate\\Container\\BoundMethod::call():35}()
#40 D:\\url_sorter\\url-shortener\\vendor\\laravel\\framework\\src\\Illuminate\\Container\\BoundMethod.php(95): Illuminate\\Container\\Util::unwrapIfClosure()
#41 D:\\url_sorter\\url-shortener\\vendor\\laravel\\framework\\src\\Illuminate\\Container\\BoundMethod.php(35): Illuminate\\Container\\BoundMethod::callBoundMethod()
#42 D:\\url_sorter\\url-shortener\\vendor\\laravel\\framework\\src\\Illuminate\\Container\\Container.php(696): Illuminate\\Container\\BoundMethod::call()
#43 D:\\url_sorter\\url-shortener\\vendor\\laravel\\framework\\src\\Illuminate\\Console\\Command.php(213): Illuminate\\Container\\Container->call()
#44 D:\\url_sorter\\url-shortener\\vendor\\symfony\\console\\Command\\Command.php(335): Illuminate\\Console\\Command->execute()
#45 D:\\url_sorter\\url-shortener\\vendor\\laravel\\framework\\src\\Illuminate\\Console\\Command.php(182): Symfony\\Component\\Console\\Command\\Command->run()
#46 D:\\url_sorter\\url-shortener\\vendor\\symfony\\console\\Application.php(1103): Illuminate\\Console\\Command->run()
#47 D:\\url_sorter\\url-shortener\\vendor\\symfony\\console\\Application.php(356): Symfony\\Component\\Console\\Application->doRunCommand()
#48 D:\\url_sorter\\url-shortener\\vendor\\symfony\\console\\Application.php(195): Symfony\\Component\\Console\\Application->doRun()
#49 D:\\url_sorter\\url-shortener\\vendor\\laravel\\framework\\src\\Illuminate\\Foundation\\Console\\Kernel.php(198): Symfony\\Component\\Console\\Application->run()
#50 D:\\url_sorter\\url-shortener\\vendor\\laravel\\framework\\src\\Illuminate\\Foundation\\Application.php(1235): Illuminate\\Foundation\\Console\\Kernel->handle()
#51 D:\\url_sorter\\url-shortener\\artisan(16): Illuminate\\Foundation\\Application->handleCommand()
#52 {main}

[previous exception] [object] (PDOException(code: 0): could not find driver at D:\\url_sorter\\url-shortener\\vendor\\laravel\\framework\\src\\Illuminate\\Database\\Connectors\\Connector.php:67)
[stacktrace]
#0 D:\\url_sorter\\url-shortener\\vendor\\laravel\\framework\\src\\Illuminate\\Database\\Connectors\\Connector.php(67): PDO::connect()
#1 D:\\url_sorter\\url-shortener\\vendor\\laravel\\framework\\src\\Illuminate\\Database\\Connectors\\Connector.php(44): Illuminate\\Database\\Connectors\\Connector->createPdoConnection()
#2 D:\\url_sorter\\url-shortener\\vendor\\laravel\\framework\\src\\Illuminate\\Database\\Connectors\\SQLiteConnector.php(40): Illuminate\\Database\\Connectors\\Connector->createConnection()
#3 D:\\url_sorter\\url-shortener\\vendor\\laravel\\framework\\src\\Illuminate\\Database\\Connectors\\ConnectionFactory.php(224): Illuminate\\Database\\Connectors\\SQLiteConnector->connect()
#4 [internal function]: Illuminate\\Database\\Connectors\\ConnectionFactory->{closure:Illuminate\\Database\\Connectors\\ConnectionFactory::createPdoResolverWithoutHosts():224}()
#5 D:\\url_sorter\\url-shortener\\vendor\\laravel\\framework\\src\\Illuminate\\Database\\Connection.php(1231): call_user_func()
#6 D:\\url_sorter\\url-shortener\\vendor\\laravel\\framework\\src\\Illuminate\\Database\\Connection.php(565): Illuminate\\Database\\Connection->getPdo()
#7 D:\\url_sorter\\url-shortener\\vendor\\laravel\\framework\\src\\Illuminate\\Database\\Connection.php(812): Illuminate\\Database\\Connection->{closure:Illuminate\\Database\\Connection::statement():560}()
#8 D:\\url_sorter\\url-shortener\\vendor\\laravel\\framework\\src\\Illuminate\\Database\\Connection.php(779): Illuminate\\Database\\Connection->runQueryCallback()
#9 D:\\url_sorter\\url-shortener\\vendor\\laravel\\framework\\src\\Illuminate\\Database\\Connection.php(560): Illuminate\\Database\\Connection->run()
#10 D:\\url_sorter\\url-shortener\\vendor\\laravel\\framework\\src\\Illuminate\\Database\\Schema\\Builder.php(522): Illuminate\\Database\\Connection->statement()
#11 D:\\url_sorter\\url-shortener\\vendor\\laravel\\framework\\src\\Illuminate\\Database\\SQLiteConnection.php(59): Illuminate\\Database\\Schema\\Builder->enableForeignKeyConstraints()
#12 D:\\url_sorter\\url-shortener\\vendor\\laravel\\framework\\src\\Illuminate\\Database\\SQLiteConnection.php(28): Illuminate\\Database\\SQLiteConnection->configureForeignKeyConstraints()
#13 D:\\url_sorter\\url-shortener\\vendor\\laravel\\framework\\src\\Illuminate\\Database\\Connectors\\ConnectionFactory.php(277): Illuminate\\Database\\SQLiteConnection->__construct()
#14 D:\\url_sorter\\url-shortener\\vendor\\laravel\\framework\\src\\Illuminate\\Database\\Connectors\\ConnectionFactory.php(76): Illuminate\\Database\\Connectors\\ConnectionFactory->createConnection()
#15 D:\\url_sorter\\url-shortener\\vendor\\laravel\\framework\\src\\Illuminate\\Database\\Connectors\\ConnectionFactory.php(51): Illuminate\\Database\\Connectors\\ConnectionFactory->createSingleConnection()
#16 D:\\url_sorter\\url-shortener\\vendor\\laravel\\framework\\src\\Illuminate\\Database\\DatabaseManager.php(207): Illuminate\\Database\\Connectors\\ConnectionFactory->make()
#17 D:\\url_sorter\\url-shortener\\vendor\\laravel\\framework\\src\\Illuminate\\Database\\DatabaseManager.php(103): Illuminate\\Database\\DatabaseManager->makeConnection()
#18 D:\\url_sorter\\url-shortener\\vendor\\laravel\\framework\\src\\Illuminate\\Database\\Eloquent\\Model.php(1851): Illuminate\\Database\\DatabaseManager->connection()
#19 D:\\url_sorter\\url-shortener\\vendor\\laravel\\framework\\src\\Illuminate\\Database\\Eloquent\\Model.php(1817): Illuminate\\Database\\Eloquent\\Model::resolveConnection()
#20 D:\\url_sorter\\url-shortener\\vendor\\laravel\\framework\\src\\Illuminate\\Database\\Eloquent\\Model.php(1615): Illuminate\\Database\\Eloquent\\Model->getConnection()
#21 D:\\url_sorter\\url-shortener\\vendor\\laravel\\framework\\src\\Illuminate\\Database\\Eloquent\\Model.php(1534): Illuminate\\Database\\Eloquent\\Model->newBaseQueryBuilder()
#22 D:\\url_sorter\\url-shortener\\vendor\\laravel\\framework\\src\\Illuminate\\Database\\Eloquent\\Model.php(1570): Illuminate\\Database\\Eloquent\\Model->newModelQuery()
#23 D:\\url_sorter\\url-shortener\\vendor\\laravel\\framework\\src\\Illuminate\\Database\\Eloquent\\Model.php(1523): Illuminate\\Database\\Eloquent\\Model->newQueryWithoutScopes()
#24 D:\\url_sorter\\url-shortener\\vendor\\laravel\\framework\\src\\Illuminate\\Database\\Eloquent\\Model.php(2372): Illuminate\\Database\\Eloquent\\Model->newQuery()
#25 D:\\url_sorter\\url-shortener\\vendor\\laravel\\framework\\src\\Illuminate\\Database\\Eloquent\\Model.php(2384): Illuminate\\Database\\Eloquent\\Model->__call()
#26 D:\\url_sorter\\url-shortener\\database\\seeders\\RoleSeeder.php(22): Illuminate\\Database\\Eloquent\\Model::__callStatic()
#27 D:\\url_sorter\\url-shortener\\vendor\\laravel\\framework\\src\\Illuminate\\Container\\BoundMethod.php(36): Database\\Seeders\\RoleSeeder->run()
#28 D:\\url_sorter\\url-shortener\\vendor\\laravel\\framework\\src\\Illuminate\\Container\\Util.php(43): Illuminate\\Container\\BoundMethod::{closure:Illuminate\\Container\\BoundMethod::call():35}()
#29 D:\\url_sorter\\url-shortener\\vendor\\laravel\\framework\\src\\Illuminate\\Container\\BoundMethod.php(95): Illuminate\\Container\\Util::unwrapIfClosure()
#30 D:\\url_sorter\\url-shortener\\vendor\\laravel\\framework\\src\\Illuminate\\Container\\BoundMethod.php(35): Illuminate\\Container\\BoundMethod::callBoundMethod()
#31 D:\\url_sorter\\url-shortener\\vendor\\laravel\\framework\\src\\Illuminate\\Container\\Container.php(696): Illuminate\\Container\\BoundMethod::call()
#32 D:\\url_sorter\\url-shortener\\vendor\\laravel\\framework\\src\\Illuminate\\Database\\Seeder.php(188): Illuminate\\Container\\Container->call()
#33 D:\\url_sorter\\url-shortener\\vendor\\laravel\\framework\\src\\Illuminate\\Database\\Seeder.php(197): Illuminate\\Database\\Seeder->{closure:Illuminate\\Database\\Seeder::__invoke():187}()
#34 D:\\url_sorter\\url-shortener\\vendor\\laravel\\framework\\src\\Illuminate\\Database\\Seeder.php(61): Illuminate\\Database\\Seeder->__invoke()
#35 D:\\url_sorter\\url-shortener\\database\\seeders\\DatabaseSeeder.php(12): Illuminate\\Database\\Seeder->call()
#36 D:\\url_sorter\\url-shortener\\vendor\\laravel\\framework\\src\\Illuminate\\Container\\BoundMethod.php(36): Database\\Seeders\\DatabaseSeeder->run()
#37 D:\\url_sorter\\url-shortener\\vendor\\laravel\\framework\\src\\Illuminate\\Container\\Util.php(43): Illuminate\\Container\\BoundMethod::{closure:Illuminate\\Container\\BoundMethod::call():35}()
#38 D:\\url_sorter\\url-shortener\\vendor\\laravel\\framework\\src\\Illuminate\\Container\\BoundMethod.php(95): Illuminate\\Container\\Util::unwrapIfClosure()
#39 D:\\url_sorter\\url-shortener\\vendor\\laravel\\framework\\src\\Illuminate\\Container\\BoundMethod.php(35): Illuminate\\Container\\BoundMethod::callBoundMethod()
#40 D:\\url_sorter\\url-shortener\\vendor\\laravel\\framework\\src\\Illuminate\\Container\\Container.php(696): Illuminate\\Container\\BoundMethod::call()
#41 D:\\url_sorter\\url-shortener\\vendor\\laravel\\framework\\src\\Illuminate\\Database\\Seeder.php(188): Illuminate\\Container\\Container->call()
#42 D:\\url_sorter\\url-shortener\\vendor\\laravel\\framework\\src\\Illuminate\\Database\\Seeder.php(197): Illuminate\\Database\\Seeder->{closure:Illuminate\\Database\\Seeder::__invoke():187}()
#43 D:\\url_sorter\\url-shortener\\vendor\\laravel\\framework\\src\\Illuminate\\Database\\Console\\Seeds\\SeedCommand.php(70): Illuminate\\Database\\Seeder->__invoke()
#44 D:\\url_sorter\\url-shortener\\vendor\\laravel\\framework\\src\\Illuminate\\Database\\Eloquent\\Concerns\\GuardsAttributes.php(155): Illuminate\\Database\\Console\\Seeds\\SeedCommand->{closure:Illuminate\\Database\\Console\\Seeds\\SeedCommand::handle():69}()
#45 D:\\url_sorter\\url-shortener\\vendor\\laravel\\framework\\src\\Illuminate\\Database\\Console\\Seeds\\SeedCommand.php(69): Illuminate\\Database\\Eloquent\\Model::unguarded()
#46 D:\\url_sorter\\url-shortener\\vendor\\laravel\\framework\\src\\Illuminate\\Container\\BoundMethod.php(36): Illuminate\\Database\\Console\\Seeds\\SeedCommand->handle()
#47 D:\\url_sorter\\url-shortener\\vendor\\laravel\\framework\\src\\Illuminate\\Container\\Util.php(43): Illuminate\\Container\\BoundMethod::{closure:Illuminate\\Container\\BoundMethod::call():35}()
#48 D:\\url_sorter\\url-shortener\\vendor\\laravel\\framework\\src\\Illuminate\\Container\\BoundMethod.php(95): Illuminate\\Container\\Util::unwrapIfClosure()
#49 D:\\url_sorter\\url-shortener\\vendor\\laravel\\framework\\src\\Illuminate\\Container\\BoundMethod.php(35): Illuminate\\Container\\BoundMethod::callBoundMethod()
#50 D:\\url_sorter\\url-shortener\\vendor\\laravel\\framework\\src\\Illuminate\\Container\\Container.php(696): Illuminate\\Container\\BoundMethod::call()
#51 D:\\url_sorter\\url-shortener\\vendor\\laravel\\framework\\src\\Illuminate\\Console\\Command.php(213): Illuminate\\Container\\Container->call()
#52 D:\\url_sorter\\url-shortener\\vendor\\symfony\\console\\Command\\Command.php(335): Illuminate\\Console\\Command->execute()
#53 D:\\url_sorter\\url-shortener\\vendor\\laravel\\framework\\src\\Illuminate\\Console\\Command.php(182): Symfony\\Component\\Console\\Command\\Command->run()
#54 D:\\url_sorter\\url-shortener\\vendor\\symfony\\console\\Application.php(1103): Illuminate\\Console\\Command->run()
#55 D:\\url_sorter\\url-shortener\\vendor\\symfony\\console\\Application.php(356): Symfony\\Component\\Console\\Application->doRunCommand()
#56 D:\\url_sorter\\url-shortener\\vendor\\symfony\\console\\Application.php(195): Symfony\\Component\\Console\\Application->doRun()
#57 D:\\url_sorter\\url-shortener\\vendor\\laravel\\framework\\src\\Illuminate\\Foundation\\Console\\Kernel.php(198): Symfony\\Component\\Console\\Application->run()
#58 D:\\url_sorter\\url-shortener\\vendor\\laravel\\framework\\src\\Illuminate\\Foundation\\Application.php(1235): Illuminate\\Foundation\\Console\\Kernel->handle()
#59 D:\\url_sorter\\url-shortener\\artisan(16): Illuminate\\Foundation\\Application->handleCommand()
#60 {main}
"} 
[2025-12-06 17:21:44] local.ERROR: could not find driver (Connection: sqlite, SQL: PRAGMA foreign_keys = ON;) {"exception":"[object] (Illuminate\\Database\\QueryException(code: 0): could not find driver (Connection: sqlite, SQL: PRAGMA foreign_keys = ON;) at D:\\url_sorter\\url-shortener\\vendor\\laravel\\framework\\src\\Illuminate\\Database\\Connection.php:825)
[stacktrace]
#0 D:\\url_sorter\\url-shortener\\vendor\\laravel\\framework\\src\\Illuminate\\Database\\Connection.php(779): Illuminate\\Database\\Connection->runQueryCallback()
#1 D:\\url_sorter\\url-shortener\\vendor\\laravel\\framework\\src\\Illuminate\\Database\\Connection.php(560): Illuminate\\Database\\Connection->run()
#2 D:\\url_sorter\\url-shortener\\vendor\\laravel\\framework\\src\\Illuminate\\Database\\Schema\\Builder.php(522): Illuminate\\Database\\Connection->statement()
#3 D:\\url_sorter\\url-shortener\\vendor\\laravel\\framework\\src\\Illuminate\\Database\\SQLiteConnection.php(59): Illuminate\\Database\\Schema\\Builder->enableForeignKeyConstraints()
#4 D:\\url_sorter\\url-shortener\\vendor\\laravel\\framework\\src\\Illuminate\\Database\\SQLiteConnection.php(28): Illuminate\\Database\\SQLiteConnection->configureForeignKeyConstraints()
#5 D:\\url_sorter\\url-shortener\\vendor\\laravel\\framework\\src\\Illuminate\\Database\\Connectors\\ConnectionFactory.php(277): Illuminate\\Database\\SQLiteConnection->__construct()
#6 D:\\url_sorter\\url-shortener\\vendor\\laravel\\framework\\src\\Illuminate\\Database\\Connectors\\ConnectionFactory.php(76): Illuminate\\Database\\Connectors\\ConnectionFactory->createConnection()
#7 D:\\url_sorter\\url-shortener\\vendor\\laravel\\framework\\src\\Illuminate\\Database\\Connectors\\ConnectionFactory.php(51): Illuminate\\Database\\Connectors\\ConnectionFactory->createSingleConnection()
#8 D:\\url_sorter\\url-shortener\\vendor\\laravel\\framework\\src\\Illuminate\\Database\\DatabaseManager.php(207): Illuminate\\Database\\Connectors\\ConnectionFactory->make()
#9 D:\\url_sorter\\url-shortener\\vendor\\laravel\\framework\\src\\Illuminate\\Database\\DatabaseManager.php(103): Illuminate\\Database\\DatabaseManager->makeConnection()
#10 D:\\url_sorter\\url-shortener\\vendor\\laravel\\framework\\src\\Illuminate\\Cache\\CacheManager.php(227): Illuminate\\Database\\DatabaseManager->connection()
#11 D:\\url_sorter\\url-shortener\\vendor\\laravel\\framework\\src\\Illuminate\\Cache\\CacheManager.php(113): Illuminate\\Cache\\CacheManager->createDatabaseDriver()
#12 D:\\url_sorter\\url-shortener\\vendor\\laravel\\framework\\src\\Illuminate\\Cache\\CacheManager.php(93): Illuminate\\Cache\\CacheManager->build()
#13 D:\\url_sorter\\url-shortener\\vendor\\laravel\\framework\\src\\Illuminate\\Cache\\CacheManager.php(61): Illuminate\\Cache\\CacheManager->resolve()
#14 D:\\url_sorter\\url-shortener\\vendor\\laravel\\framework\\src\\Illuminate\\Cache\\CacheManager.php(72): Illuminate\\Cache\\CacheManager->store()
#15 D:\\url_sorter\\url-shortener\\vendor\\laravel\\framework\\src\\Illuminate\\Cache\\CacheServiceProvider.php(23): Illuminate\\Cache\\CacheManager->driver()
#16 D:\\url_sorter\\url-shortener\\vendor\\laravel\\framework\\src\\Illuminate\\Container\\Container.php(952): Illuminate\\Cache\\CacheServiceProvider->{closure:Illuminate\\Cache\\CacheServiceProvider::register():22}()
#17 D:\\url_sorter\\url-shortener\\vendor\\laravel\\framework\\src\\Illuminate\\Container\\Container.php(832): Illuminate\\Container\\Container->build()
#18 D:\\url_sorter\\url-shortener\\vendor\\laravel\\framework\\src\\Illuminate\\Foundation\\Application.php(1078): Illuminate\\Container\\Container->resolve()
#19 D:\\url_sorter\\url-shortener\\vendor\\laravel\\framework\\src\\Illuminate\\Container\\Container.php(763): Illuminate\\Foundation\\Application->resolve()
#20 D:\\url_sorter\\url-shortener\\vendor\\laravel\\framework\\src\\Illuminate\\Foundation\\Application.php(1058): Illuminate\\Container\\Container->make()
#21 D:\\url_sorter\\url-shortener\\vendor\\laravel\\framework\\src\\Illuminate\\Container\\Container.php(1580): Illuminate\\Foundation\\Application->make()
#22 D:\\url_sorter\\url-shortener\\vendor\\laravel\\framework\\src\\Illuminate\\Foundation\\Providers\\ArtisanServiceProvider.php(697): Illuminate\\Container\\Container->offsetGet()
#23 D:\\url_sorter\\url-shortener\\vendor\\laravel\\framework\\src\\Illuminate\\Container\\Container.php(952): Illuminate\\Foundation\\Providers\\ArtisanServiceProvider->{closure:Illuminate\\Foundation\\Providers\\ArtisanServiceProvider::registerQueueRestartCommand():696}()
#24 D:\\url_sorter\\url-shortener\\vendor\\laravel\\framework\\src\\Illuminate\\Container\\Container.php(832): Illuminate\\Container\\Container->build()
#25 D:\\url_sorter\\url-shortener\\vendor\\laravel\\framework\\src\\Illuminate\\Foundation\\Application.php(1078): Illuminate\\Container\\Container->resolve()
#26 D:\\url_sorter\\url-shortener\\vendor\\laravel\\framework\\src\\Illuminate\\Container\\Container.php(777): Illuminate\\Foundation\\Application->resolve()
#27 D:\\url_sorter\\url-shortener\\vendor\\laravel\\framework\\src\\Illuminate\\Console\\ContainerCommandLoader.php(53): Illuminate\\Container\\Container->get()
#28 D:\\url_sorter\\url-shortener\\vendor\\symfony\\console\\Application.php(642): Illuminate\\Console\\ContainerCommandLoader->get()
#29 D:\\url_sorter\\url-shortener\\vendor\\symfony\\console\\Application.php(832): Symfony\\Component\\Console\\Application->has()
#30 D:\\url_sorter\\url-shortener\\vendor\\symfony\\console\\Application.php(655): Symfony\\Component\\Console\\Application->all()
#31 D:\\url_sorter\\url-shortener\\vendor\\symfony\\console\\Application.php(677): Symfony\\Component\\Console\\Application->getNamespaces()
#32 D:\\url_sorter\\url-shortener\\vendor\\symfony\\console\\Application.php(332): Symfony\\Component\\Console\\Application->findNamespace()
#33 D:\\url_sorter\\url-shortener\\vendor\\symfony\\console\\Application.php(195): Symfony\\Component\\Console\\Application->doRun()
#34 D:\\url_sorter\\url-shortener\\vendor\\laravel\\framework\\src\\Illuminate\\Foundation\\Console\\Kernel.php(198): Symfony\\Component\\Console\\Application->run()
#35 D:\\url_sorter\\url-shortener\\vendor\\laravel\\framework\\src\\Illuminate\\Foundation\\Application.php(1235): Illuminate\\Foundation\\Console\\Kernel->handle()
#36 D:\\url_sorter\\url-shortener\\artisan(16): Illuminate\\Foundation\\Application->handleCommand()
#37 {main}

[previous exception] [object] (PDOException(code: 0): could not find driver at D:\\url_sorter\\url-shortener\\vendor\\laravel\\framework\\src\\Illuminate\\Database\\Connectors\\Connector.php:67)
[stacktrace]
#0 D:\\url_sorter\\url-shortener\\vendor\\laravel\\framework\\src\\Illuminate\\Database\\Connectors\\Connector.php(67): PDO::connect()
#1 D:\\url_sorter\\url-shortener\\vendor\\laravel\\framework\\src\\Illuminate\\Database\\Connectors\\Connector.php(44): Illuminate\\Database\\Connectors\\Connector->createPdoConnection()
#2 D:\\url_sorter\\url-shortener\\vendor\\laravel\\framework\\src\\Illuminate\\Database\\Connectors\\SQLiteConnector.php(40): Illuminate\\Database\\Connectors\\Connector->createConnection()
#3 D:\\url_sorter\\url-shortener\\vendor\\laravel\\framework\\src\\Illuminate\\Database\\Connectors\\ConnectionFactory.php(224): Illuminate\\Database\\Connectors\\SQLiteConnector->connect()
#4 [internal function]: Illuminate\\Database\\Connectors\\ConnectionFactory->{closure:Illuminate\\Database\\Connectors\\ConnectionFactory::createPdoResolverWithoutHosts():224}()
#5 D:\\url_sorter\\url-shortener\\vendor\\laravel\\framework\\src\\Illuminate\\Database\\Connection.php(1231): call_user_func()
#6 D:\\url_sorter\\url-shortener\\vendor\\laravel\\framework\\src\\Illuminate\\Database\\Connection.php(565): Illuminate\\Database\\Connection->getPdo()
#7 D:\\url_sorter\\url-shortener\\vendor\\laravel\\framework\\src\\Illuminate\\Database\\Connection.php(812): Illuminate\\Database\\Connection->{closure:Illuminate\\Database\\Connection::statement():560}()
#8 D:\\url_sorter\\url-shortener\\vendor\\laravel\\framework\\src\\Illuminate\\Database\\Connection.php(779): Illuminate\\Database\\Connection->runQueryCallback()
#9 D:\\url_sorter\\url-shortener\\vendor\\laravel\\framework\\src\\Illuminate\\Database\\Connection.php(560): Illuminate\\Database\\Connection->run()
#10 D:\\url_sorter\\url-shortener\\vendor\\laravel\\framework\\src\\Illuminate\\Database\\Schema\\Builder.php(522): Illuminate\\Database\\Connection->statement()
#11 D:\\url_sorter\\url-shortener\\vendor\\laravel\\framework\\src\\Illuminate\\Database\\SQLiteConnection.php(59): Illuminate\\Database\\Schema\\Builder->enableForeignKeyConstraints()
#12 D:\\url_sorter\\url-shortener\\vendor\\laravel\\framework\\src\\Illuminate\\Database\\SQLiteConnection.php(28): Illuminate\\Database\\SQLiteConnection->configureForeignKeyConstraints()
#13 D:\\url_sorter\\url-shortener\\vendor\\laravel\\framework\\src\\Illuminate\\Database\\Connectors\\ConnectionFactory.php(277): Illuminate\\Database\\SQLiteConnection->__construct()
#14 D:\\url_sorter\\url-shortener\\vendor\\laravel\\framework\\src\\Illuminate\\Database\\Connectors\\ConnectionFactory.php(76): Illuminate\\Database\\Connectors\\ConnectionFactory->createConnection()
#15 D:\\url_sorter\\url-shortener\\vendor\\laravel\\framework\\src\\Illuminate\\Database\\Connectors\\ConnectionFactory.php(51): Illuminate\\Database\\Connectors\\ConnectionFactory->createSingleConnection()
#16 D:\\url_sorter\\url-shortener\\vendor\\laravel\\framework\\src\\Illuminate\\Database\\DatabaseManager.php(207): Illuminate\\Database\\Connectors\\ConnectionFactory->make()
#17 D:\\url_sorter\\url-shortener\\vendor\\laravel\\framework\\src\\Illuminate\\Database\\DatabaseManager.php(103): Illuminate\\Database\\DatabaseManager->makeConnection()
#18 D:\\url_sorter\\url-shortener\\vendor\\laravel\\framework\\src\\Illuminate\\Cache\\CacheManager.php(227): Illuminate\\Database\\DatabaseManager->connection()
#19 D:\\url_sorter\\url-shortener\\vendor\\laravel\\framework\\src\\Illuminate\\Cache\\CacheManager.php(113): Illuminate\\Cache\\CacheManager->createDatabaseDriver()
#20 D:\\url_sorter\\url-shortener\\vendor\\laravel\\framework\\src\\Illuminate\\Cache\\CacheManager.php(93): Illuminate\\Cache\\CacheManager->build()
#21 D:\\url_sorter\\url-shortener\\vendor\\laravel\\framework\\src\\Illuminate\\Cache\\CacheManager.php(61): Illuminate\\Cache\\CacheManager->resolve()
#22 D:\\url_sorter\\url-shortener\\vendor\\laravel\\framework\\src\\Illuminate\\Cache\\CacheManager.php(72): Illuminate\\Cache\\CacheManager->store()
#23 D:\\url_sorter\\url-shortener\\vendor\\laravel\\framework\\src\\Illuminate\\Cache\\CacheServiceProvider.php(23): Illuminate\\Cache\\CacheManager->driver()
#24 D:\\url_sorter\\url-shortener\\vendor\\laravel\\framework\\src\\Illuminate\\Container\\Container.php(952): Illuminate\\Cache\\CacheServiceProvider->{closure:Illuminate\\Cache\\CacheServiceProvider::register():22}()
#25 D:\\url_sorter\\url-shortener\\vendor\\laravel\\framework\\src\\Illuminate\\Container\\Container.php(832): Illuminate\\Container\\Container->build()
#26 D:\\url_sorter\\url-shortener\\vendor\\laravel\\framework\\src\\Illuminate\\Foundation\\Application.php(1078): Illuminate\\Container\\Container->resolve()
#27 D:\\url_sorter\\url-shortener\\vendor\\laravel\\framework\\src\\Illuminate\\Container\\Container.php(763): Illuminate\\Foundation\\Application->resolve()
#28 D:\\url_sorter\\url-shortener\\vendor\\laravel\\framework\\src\\Illuminate\\Foundation\\Application.php(1058): Illuminate\\Container\\Container->make()
#29 D:\\url_sorter\\url-shortener\\vendor\\laravel\\framework\\src\\Illuminate\\Container\\Container.php(1580): Illuminate\\Foundation\\Application->make()
#30 D:\\url_sorter\\url-shortener\\vendor\\laravel\\framework\\src\\Illuminate\\Foundation\\Providers\\ArtisanServiceProvider.php(697): Illuminate\\Container\\Container->offsetGet()
#31 D:\\url_sorter\\url-shortener\\vendor\\laravel\\framework\\src\\Illuminate\\Container\\Container.php(952): Illuminate\\Foundation\\Providers\\ArtisanServiceProvider->{closure:Illuminate\\Foundation\\Providers\\ArtisanServiceProvider::registerQueueRestartCommand():696}()
#32 D:\\url_sorter\\url-shortener\\vendor\\laravel\\framework\\src\\Illuminate\\Container\\Container.php(832): Illuminate\\Container\\Container->build()
#33 D:\\url_sorter\\url-shortener\\vendor\\laravel\\framework\\src\\Illuminate\\Foundation\\Application.php(1078): Illuminate\\Container\\Container->resolve()
#34 D:\\url_sorter\\url-shortener\\vendor\\laravel\\framework\\src\\Illuminate\\Container\\Container.php(777): Illuminate\\Foundation\\Application->resolve()
#35 D:\\url_sorter\\url-shortener\\vendor\\laravel\\framework\\src\\Illuminate\\Console\\ContainerCommandLoader.php(53): Illuminate\\Container\\Container->get()
#36 D:\\url_sorter\\url-shortener\\vendor\\symfony\\console\\Application.php(642): Illuminate\\Console\\ContainerCommandLoader->get()
#37 D:\\url_sorter\\url-shortener\\vendor\\symfony\\console\\Application.php(832): Symfony\\Component\\Console\\Application->has()
#38 D:\\url_sorter\\url-shortener\\vendor\\symfony\\console\\Application.php(655): Symfony\\Component\\Console\\Application->all()
#39 D:\\url_sorter\\url-shortener\\vendor\\symfony\\console\\Application.php(677): Symfony\\Component\\Console\\Application->getNamespaces()
#40 D:\\url_sorter\\url-shortener\\vendor\\symfony\\console\\Application.php(332): Symfony\\Component\\Console\\Application->findNamespace()
#41 D:\\url_sorter\\url-shortener\\vendor\\symfony\\console\\Application.php(195): Symfony\\Component\\Console\\Application->doRun()
#42 D:\\url_sorter\\url-shortener\\vendor\\laravel\\framework\\src\\Illuminate\\Foundation\\Console\\Kernel.php(198): Symfony\\Component\\Console\\Application->run()
#43 D:\\url_sorter\\url-shortener\\vendor\\laravel\\framework\\src\\Illuminate\\Foundation\\Application.php(1235): Illuminate\\Foundation\\Console\\Kernel->handle()
#44 D:\\url_sorter\\url-shortener\\artisan(16): Illuminate\\Foundation\\Application->handleCommand()
#45 {main}
"} 
[2025-12-06 17:27:40] local.ERROR: could not find driver (Connection: sqlite, SQL: PRAGMA foreign_keys = ON;) {"exception":"[object] (Illuminate\\Database\\QueryException(code: 0): could not find driver (Connection: sqlite, SQL: PRAGMA foreign_keys = ON;) at D:\\url_sorter\\url-shortener\\vendor\\laravel\\framework\\src\\Illuminate\\Database\\Connection.php:825)
[stacktrace]
#0 D:\\url_sorter\\url-shortener\\vendor\\laravel\\framework\\src\\Illuminate\\Database\\Connection.php(779): Illuminate\\Database\\Connection->runQueryCallback()
#1 D:\\url_sorter\\url-shortener\\vendor\\laravel\\framework\\src\\Illuminate\\Database\\Connection.php(560): Illuminate\\Database\\Connection->run()
#2 D:\\url_sorter\\url-shortener\\vendor\\laravel\\framework\\src\\Illuminate\\Database\\Schema\\Builder.php(522): Illuminate\\Database\\Connection->statement()
#3 D:\\url_sorter\\url-shortener\\vendor\\laravel\\framework\\src\\Illuminate\\Database\\SQLiteConnection.php(59): Illuminate\\Database\\Schema\\Builder->enableForeignKeyConstraints()
#4 D:\\url_sorter\\url-shortener\\vendor\\laravel\\framework\\src\\Illuminate\\Database\\SQLiteConnection.php(28): Illuminate\\Database\\SQLiteConnection->configureForeignKeyConstraints()
#5 D:\\url_sorter\\url-shortener\\vendor\\laravel\\framework\\src\\Illuminate\\Database\\Connectors\\ConnectionFactory.php(277): Illuminate\\Database\\SQLiteConnection->__construct()
#6 D:\\url_sorter\\url-shortener\\vendor\\laravel\\framework\\src\\Illuminate\\Database\\Connectors\\ConnectionFactory.php(76): Illuminate\\Database\\Connectors\\ConnectionFactory->createConnection()
#7 D:\\url_sorter\\url-shortener\\vendor\\laravel\\framework\\src\\Illuminate\\Database\\Connectors\\ConnectionFactory.php(51): Illuminate\\Database\\Connectors\\ConnectionFactory->createSingleConnection()
#8 D:\\url_sorter\\url-shortener\\vendor\\laravel\\framework\\src\\Illuminate\\Database\\DatabaseManager.php(207): Illuminate\\Database\\Connectors\\ConnectionFactory->make()
#9 D:\\url_sorter\\url-shortener\\vendor\\laravel\\framework\\src\\Illuminate\\Database\\DatabaseManager.php(103): Illuminate\\Database\\DatabaseManager->makeConnection()
#10 D:\\url_sorter\\url-shortener\\vendor\\laravel\\framework\\src\\Illuminate\\Database\\Migrations\\DatabaseMigrationRepository.php(226): Illuminate\\Database\\DatabaseManager->connection()
#11 D:\\url_sorter\\url-shortener\\vendor\\laravel\\framework\\src\\Illuminate\\Database\\Migrations\\DatabaseMigrationRepository.php(182): Illuminate\\Database\\Migrations\\DatabaseMigrationRepository->getConnection()
#12 D:\\url_sorter\\url-shortener\\vendor\\laravel\\framework\\src\\Illuminate\\Database\\Migrations\\Migrator.php(742): Illuminate\\Database\\Migrations\\DatabaseMigrationRepository->repositoryExists()
#13 D:\\url_sorter\\url-shortener\\vendor\\laravel\\framework\\src\\Illuminate\\Database\\Console\\Migrations\\MigrateCommand.php(165): Illuminate\\Database\\Migrations\\Migrator->repositoryExists()
#14 D:\\url_sorter\\url-shortener\\vendor\\laravel\\framework\\src\\Illuminate\\Support\\helpers.php(338): Illuminate\\Database\\Console\\Migrations\\MigrateCommand->{closure:Illuminate\\Database\\Console\\Migrations\\MigrateCommand::repositoryExists():165}()
#15 D:\\url_sorter\\url-shortener\\vendor\\laravel\\framework\\src\\Illuminate\\Database\\Console\\Migrations\\MigrateCommand.php(165): retry()
#16 D:\\url_sorter\\url-shortener\\vendor\\laravel\\framework\\src\\Illuminate\\Database\\Console\\Migrations\\MigrateCommand.php(141): Illuminate\\Database\\Console\\Migrations\\MigrateCommand->repositoryExists()
#17 D:\\url_sorter\\url-shortener\\vendor\\laravel\\framework\\src\\Illuminate\\Database\\Console\\Migrations\\MigrateCommand.php(111): Illuminate\\Database\\Console\\Migrations\\MigrateCommand->prepareDatabase()
#18 D:\\url_sorter\\url-shortener\\vendor\\laravel\\framework\\src\\Illuminate\\Database\\Migrations\\Migrator.php(658): Illuminate\\Database\\Console\\Migrations\\MigrateCommand->{closure:Illuminate\\Database\\Console\\Migrations\\MigrateCommand::runMigrations():110}()
#19 D:\\url_sorter\\url-shortener\\vendor\\laravel\\framework\\src\\Illuminate\\Database\\Console\\Migrations\\MigrateCommand.php(110): Illuminate\\Database\\Migrations\\Migrator->usingConnection()
#20 D:\\url_sorter\\url-shortener\\vendor\\laravel\\framework\\src\\Illuminate\\Database\\Console\\Migrations\\MigrateCommand.php(89): Illuminate\\Database\\Console\\Migrations\\MigrateCommand->runMigrations()
#21 D:\\url_sorter\\url-shortener\\vendor\\laravel\\framework\\src\\Illuminate\\Container\\BoundMethod.php(36): Illuminate\\Database\\Console\\Migrations\\MigrateCommand->handle()
#22 D:\\url_sorter\\url-shortener\\vendor\\laravel\\framework\\src\\Illuminate\\Container\\Util.php(43): Illuminate\\Container\\BoundMethod::{closure:Illuminate\\Container\\BoundMethod::call():35}()
#23 D:\\url_sorter\\url-shortener\\vendor\\laravel\\framework\\src\\Illuminate\\Container\\BoundMethod.php(95): Illuminate\\Container\\Util::unwrapIfClosure()
#24 D:\\url_sorter\\url-shortener\\vendor\\laravel\\framework\\src\\Illuminate\\Container\\BoundMethod.php(35): Illuminate\\Container\\BoundMethod::callBoundMethod()
#25 D:\\url_sorter\\url-shortener\\vendor\\laravel\\framework\\src\\Illuminate\\Container\\Container.php(696): Illuminate\\Container\\BoundMethod::call()
#26 D:\\url_sorter\\url-shortener\\vendor\\laravel\\framework\\src\\Illuminate\\Console\\Command.php(213): Illuminate\\Container\\Container->call()
#27 D:\\url_sorter\\url-shortener\\vendor\\symfony\\console\\Command\\Command.php(335): Illuminate\\Console\\Command->execute()
#28 D:\\url_sorter\\url-shortener\\vendor\\laravel\\framework\\src\\Illuminate\\Console\\Command.php(182): Symfony\\Component\\Console\\Command\\Command->run()
#29 D:\\url_sorter\\url-shortener\\vendor\\symfony\\console\\Application.php(1103): Illuminate\\Console\\Command->run()
#30 D:\\url_sorter\\url-shortener\\vendor\\symfony\\console\\Application.php(356): Symfony\\Component\\Console\\Application->doRunCommand()
#31 D:\\url_sorter\\url-shortener\\vendor\\symfony\\console\\Application.php(195): Symfony\\Component\\Console\\Application->doRun()
#32 D:\\url_sorter\\url-shortener\\vendor\\laravel\\framework\\src\\Illuminate\\Foundation\\Console\\Kernel.php(198): Symfony\\Component\\Console\\Application->run()
#33 D:\\url_sorter\\url-shortener\\vendor\\laravel\\framework\\src\\Illuminate\\Foundation\\Application.php(1235): Illuminate\\Foundation\\Console\\Kernel->handle()
#34 D:\\url_sorter\\url-shortener\\artisan(16): Illuminate\\Foundation\\Application->handleCommand()
#35 {main}

[previous exception] [object] (PDOException(code: 0): could not find driver at D:\\url_sorter\\url-shortener\\vendor\\laravel\\framework\\src\\Illuminate\\Database\\Connectors\\Connector.php:67)
[stacktrace]
#0 D:\\url_sorter\\url-shortener\\vendor\\laravel\\framework\\src\\Illuminate\\Database\\Connectors\\Connector.php(67): PDO::connect()
#1 D:\\url_sorter\\url-shortener\\vendor\\laravel\\framework\\src\\Illuminate\\Database\\Connectors\\Connector.php(44): Illuminate\\Database\\Connectors\\Connector->createPdoConnection()
#2 D:\\url_sorter\\url-shortener\\vendor\\laravel\\framework\\src\\Illuminate\\Database\\Connectors\\SQLiteConnector.php(40): Illuminate\\Database\\Connectors\\Connector->createConnection()
#3 D:\\url_sorter\\url-shortener\\vendor\\laravel\\framework\\src\\Illuminate\\Database\\Connectors\\ConnectionFactory.php(224): Illuminate\\Database\\Connectors\\SQLiteConnector->connect()
#4 [internal function]: Illuminate\\Database\\Connectors\\ConnectionFactory->{closure:Illuminate\\Database\\Connectors\\ConnectionFactory::createPdoResolverWithoutHosts():224}()
#5 D:\\url_sorter\\url-shortener\\vendor\\laravel\\framework\\src\\Illuminate\\Database\\Connection.php(1231): call_user_func()
#6 D:\\url_sorter\\url-shortener\\vendor\\laravel\\framework\\src\\Illuminate\\Database\\Connection.php(565): Illuminate\\Database\\Connection->getPdo()
#7 D:\\url_sorter\\url-shortener\\vendor\\laravel\\framework\\src\\Illuminate\\Database\\Connection.php(812): Illuminate\\Database\\Connection->{closure:Illuminate\\Database\\Connection::statement():560}()
#8 D:\\url_sorter\\url-shortener\\vendor\\laravel\\framework\\src\\Illuminate\\Database\\Connection.php(779): Illuminate\\Database\\Connection->runQueryCallback()
#9 D:\\url_sorter\\url-shortener\\vendor\\laravel\\framework\\src\\Illuminate\\Database\\Connection.php(560): Illuminate\\Database\\Connection->run()
#10 D:\\url_sorter\\url-shortener\\vendor\\laravel\\framework\\src\\Illuminate\\Database\\Schema\\Builder.php(522): Illuminate\\Database\\Connection->statement()
#11 D:\\url_sorter\\url-shortener\\vendor\\laravel\\framework\\src\\Illuminate\\Database\\SQLiteConnection.php(59): Illuminate\\Database\\Schema\\Builder->enableForeignKeyConstraints()
#12 D:\\url_sorter\\url-shortener\\vendor\\laravel\\framework\\src\\Illuminate\\Database\\SQLiteConnection.php(28): Illuminate\\Database\\SQLiteConnection->configureForeignKeyConstraints()
#13 D:\\url_sorter\\url-shortener\\vendor\\laravel\\framework\\src\\Illuminate\\Database\\Connectors\\ConnectionFactory.php(277): Illuminate\\Database\\SQLiteConnection->__construct()
#14 D:\\url_sorter\\url-shortener\\vendor\\laravel\\framework\\src\\Illuminate\\Database\\Connectors\\ConnectionFactory.php(76): Illuminate\\Database\\Connectors\\ConnectionFactory->createConnection()
#15 D:\\url_sorter\\url-shortener\\vendor\\laravel\\framework\\src\\Illuminate\\Database\\Connectors\\ConnectionFactory.php(51): Illuminate\\Database\\Connectors\\ConnectionFactory->createSingleConnection()
#16 D:\\url_sorter\\url-shortener\\vendor\\laravel\\framework\\src\\Illuminate\\Database\\DatabaseManager.php(207): Illuminate\\Database\\Connectors\\ConnectionFactory->make()
#17 D:\\url_sorter\\url-shortener\\vendor\\laravel\\framework\\src\\Illuminate\\Database\\DatabaseManager.php(103): Illuminate\\Database\\DatabaseManager->makeConnection()
#18 D:\\url_sorter\\url-shortener\\vendor\\laravel\\framework\\src\\Illuminate\\Database\\Migrations\\DatabaseMigrationRepository.php(226): Illuminate\\Database\\DatabaseManager->connection()
#19 D:\\url_sorter\\url-shortener\\vendor\\laravel\\framework\\src\\Illuminate\\Database\\Migrations\\DatabaseMigrationRepository.php(182): Illuminate\\Database\\Migrations\\DatabaseMigrationRepository->getConnection()
#20 D:\\url_sorter\\url-shortener\\vendor\\laravel\\framework\\src\\Illuminate\\Database\\Migrations\\Migrator.php(742): Illuminate\\Database\\Migrations\\DatabaseMigrationRepository->repositoryExists()
#21 D:\\url_sorter\\url-shortener\\vendor\\laravel\\framework\\src\\Illuminate\\Database\\Console\\Migrations\\MigrateCommand.php(165): Illuminate\\Database\\Migrations\\Migrator->repositoryExists()
#22 D:\\url_sorter\\url-shortener\\vendor\\laravel\\framework\\src\\Illuminate\\Support\\helpers.php(338): Illuminate\\Database\\Console\\Migrations\\MigrateCommand->{closure:Illuminate\\Database\\Console\\Migrations\\MigrateCommand::repositoryExists():165}()
#23 D:\\url_sorter\\url-shortener\\vendor\\laravel\\framework\\src\\Illuminate\\Database\\Console\\Migrations\\MigrateCommand.php(165): retry()
#24 D:\\url_sorter\\url-shortener\\vendor\\laravel\\framework\\src\\Illuminate\\Database\\Console\\Migrations\\MigrateCommand.php(141): Illuminate\\Database\\Console\\Migrations\\MigrateCommand->repositoryExists()
#25 D:\\url_sorter\\url-shortener\\vendor\\laravel\\framework\\src\\Illuminate\\Database\\Console\\Migrations\\MigrateCommand.php(111): Illuminate\\Database\\Console\\Migrations\\MigrateCommand->prepareDatabase()
#26 D:\\url_sorter\\url-shortener\\vendor\\laravel\\framework\\src\\Illuminate\\Database\\Migrations\\Migrator.php(658): Illuminate\\Database\\Console\\Migrations\\MigrateCommand->{closure:Illuminate\\Database\\Console\\Migrations\\MigrateCommand::runMigrations():110}()
#27 D:\\url_sorter\\url-shortener\\vendor\\laravel\\framework\\src\\Illuminate\\Database\\Console\\Migrations\\MigrateCommand.php(110): Illuminate\\Database\\Migrations\\Migrator->usingConnection()
#28 D:\\url_sorter\\url-shortener\\vendor\\laravel\\framework\\src\\Illuminate\\Database\\Console\\Migrations\\MigrateCommand.php(89): Illuminate\\Database\\Console\\Migrations\\MigrateCommand->runMigrations()
#29 D:\\url_sorter\\url-shortener\\vendor\\laravel\\framework\\src\\Illuminate\\Container\\BoundMethod.php(36): Illuminate\\Database\\Console\\Migrations\\MigrateCommand->handle()
#30 D:\\url_sorter\\url-shortener\\vendor\\laravel\\framework\\src\\Illuminate\\Container\\Util.php(43): Illuminate\\Container\\BoundMethod::{closure:Illuminate\\Container\\BoundMethod::call():35}()
#31 D:\\url_sorter\\url-shortener\\vendor\\laravel\\framework\\src\\Illuminate\\Container\\BoundMethod.php(95): Illuminate\\Container\\Util::unwrapIfClosure()
#32 D:\\url_sorter\\url-shortener\\vendor\\laravel\\framework\\src\\Illuminate\\Container\\BoundMethod.php(35): Illuminate\\Container\\BoundMethod::callBoundMethod()
#33 D:\\url_sorter\\url-shortener\\vendor\\laravel\\framework\\src\\Illuminate\\Container\\Container.php(696): Illuminate\\Container\\BoundMethod::call()
#34 D:\\url_sorter\\url-shortener\\vendor\\laravel\\framework\\src\\Illuminate\\Console\\Command.php(213): Illuminate\\Container\\Container->call()
#35 D:\\url_sorter\\url-shortener\\vendor\\symfony\\console\\Command\\Command.php(335): Illuminate\\Console\\Command->execute()
#36 D:\\url_sorter\\url-shortener\\vendor\\laravel\\framework\\src\\Illuminate\\Console\\Command.php(182): Symfony\\Component\\Console\\Command\\Command->run()
#37 D:\\url_sorter\\url-shortener\\vendor\\symfony\\console\\Application.php(1103): Illuminate\\Console\\Command->run()
#38 D:\\url_sorter\\url-shortener\\vendor\\symfony\\console\\Application.php(356): Symfony\\Component\\Console\\Application->doRunCommand()
#39 D:\\url_sorter\\url-shortener\\vendor\\symfony\\console\\Application.php(195): Symfony\\Component\\Console\\Application->doRun()
#40 D:\\url_sorter\\url-shortener\\vendor\\laravel\\framework\\src\\Illuminate\\Foundation\\Console\\Kernel.php(198): Symfony\\Component\\Console\\Application->run()
#41 D:\\url_sorter\\url-shortener\\vendor\\laravel\\framework\\src\\Illuminate\\Foundation\\Application.php(1235): Illuminate\\Foundation\\Console\\Kernel->handle()
#42 D:\\url_sorter\\url-shortener\\artisan(16): Illuminate\\Foundation\\Application->handleCommand()
#43 {main}
"} 
